Stock_Index,Gourujia,Predictions,Shares,True_Portfolio_Value,True_Earnings_Rate
5,5.075000,-0.000453,0.065726,-4495.209604,-100.193134
8,254.800003,0.000580,0.072049,-4918.778834,-100.003248
4,188.250000,-0.001086,0.086573,-5909.531191,-99.990491
6,125.730003,-0.002086,0.120958,-8257.840207,-100.005141
1,144.610001,-0.000687,0.121089,-8266.936446,-100.005955
0,60.814999,0.000018,0.121427,-8286.520843,-99.963236
7,67.720001,-0.001653,0.130948,-8939.620581,-100.003274
3,63.035000,-0.000093,0.137521,-9388.453878,-100.002393
2,88.999496,-0.000740,0.143711,-9810.992925,-100.002104
