Stock_Index,Gourujia,Predictions,Shares,True_Portfolio_Value,True_Earnings_Rate
5,42.404999,-0.000453,0.072461,-4531.094245,-99.918185
8,462.890015,0.000580,0.086849,-5435.636015,-100.005287
4,298.290009,-0.001086,0.094384,-5906.130702,-99.987806
2,128.779999,-0.000740,0.104561,-6542.956378,-99.987914
1,332.470001,-0.000687,0.109897,-6877.403213,-99.995751
3,117.139999,-0.000093,0.111842,-6998.553059,-99.987054
7,105.970001,-0.001653,0.117431,-7348.785345,-99.995381
6,147.419998,-0.002086,0.136444,-8538.714363,-99.996649
0,188.080002,0.000018,0.166132,-10396.601820,-99.995244
