Stock_Index,Gourujia,Predictions,Shares,True_Portfolio_Value,True_Earnings_Rate
2,166.379501,-0.000740,0.069624,-4273.916646,-99.999298
5,19.499001,-0.000453,0.072017,-4417.858608,-99.934405
4,356.299988,-0.001086,0.088878,-5456.069103,-100.003448
7,57.570000,-0.001653,0.089095,-5469.038844,-99.999698
6,151.779999,-0.002086,0.102870,-6314.885138,-100.002653
0,145.860001,0.000018,0.113506,-6967.822482,-100.001600
3,134.726501,-0.000093,0.114701,-7041.013796,-99.999295
8,412.220001,0.000580,0.172002,-10558.384281,-99.998037
1,284.910004,-0.000687,0.177306,-10884.125299,-100.000111
