Stock_Index,Gourujia,Predictions,Shares,True_Portfolio_Value,True_Earnings_Rate
5,45.502998,-0.000453,0.065277,-5448.017252,-99.947835
2,144.520004,-0.000740,0.092790,-7747.392973,-99.988792
4,317.450012,-0.001086,0.094642,-7902.273117,-99.991058
1,368.799988,-0.000687,0.096869,-8088.754565,-99.998424
3,130.020004,-0.000093,0.098631,-8232.787584,-99.960174
7,99.110001,-0.001653,0.119148,-9949.828339,-100.007049
8,549.530029,0.000580,0.127463,-10643.702716,-100.000418
0,192.320007,0.000018,0.133194,-11121.628884,-99.994754
6,156.309998,-0.002086,0.171986,-14361.034428,-99.998038
