Stock_Index,Gourujia,Predictions,Shares,True_Portfolio_Value,True_Earnings_Rate
5,5.104750,-0.000453,0.076424,-5998.152711,-99.238842
7,69.190002,-0.001653,0.077136,-6101.690866,-100.014064
8,269.399994,0.000580,0.081776,-6467.697252,-99.995168
4,195.100006,-0.001086,0.086804,-6865.225014,-99.993993
0,66.440002,0.000018,0.113868,-9005.617646,-99.992430
3,66.677002,-0.000093,0.130327,-10309.673011,-100.015488
1,149.970001,-0.000687,0.134495,-10637.530922,-99.998357
2,86.974503,-0.000740,0.149499,-11823.357141,-99.991413
6,129.529999,-0.002086,0.149669,-11836.973866,-99.993531
