Stock_Index,Gourujia,Predictions,Shares,True_Portfolio_Value,True_Earnings_Rate
5,27.690001,-0.000453,0.058166,-2215.887763,-100.053079
4,227.850006,-0.001086,0.085263,-3246.855560,-100.010704
7,83.779999,-0.001653,0.089671,-3414.879065,-100.017075
2,166.300995,-0.000740,0.097021,-3694.639561,-100.012065
3,141.938507,-0.000093,0.119837,-4563.635701,-100.014397
1,313.859985,-0.000687,0.122723,-4673.110565,-100.005684
6,140.539993,-0.002086,0.126435,-4815.195914,-100.021693
0,177.770004,0.000018,0.129979,-4949.652871,-100.010089
8,520.820007,0.000580,0.170906,-6507.775055,-100.004042
