Stock_Index,Gourujia,Predictions,Shares,True_Portfolio_Value,True_Earnings_Rate
4,218.059998,-0.001086,0.085719,-7402.099924,-99.991974
2,94.157997,-0.000740,0.087750,-7577.710617,-99.995419
5,6.108000,-0.000453,0.091938,-7899.005812,-99.494582
6,136.070007,-0.002086,0.109935,-9493.232824,-99.993922
7,69.139999,-0.001653,0.118105,-10197.866640,-99.986259
3,71.447998,-0.000093,0.121515,-10492.866996,-99.989199
0,77.582497,0.000018,0.122773,-10599.826004,-99.972752
8,295.130005,0.000580,0.127624,-11022.788880,-100.010825
1,161.339996,-0.000687,0.134641,-11626.724079,-99.992592
