Stock_Index,Gourujia,Predictions,Shares,True_Portfolio_Value,True_Earnings_Rate
5,45.469002,-0.000453,0.077570,-4608.386719,-99.952534
8,480.170013,0.000580,0.083465,-4960.960907,-99.998311
4,308.869995,-0.001086,0.090724,-5392.386487,-99.998171
3,125.419998,-0.000093,0.092932,-5523.983439,-100.004910
7,100.940002,-0.001653,0.105767,-6286.214863,-99.995691
2,134.679993,-0.000740,0.107669,-6400.039007,-100.006200
1,345.239990,-0.000687,0.113889,-6769.298181,-99.999589
6,149.770004,-0.002086,0.144910,-8611.680920,-99.984097
0,190.690002,0.000018,0.183074,-10880.611527,-99.991002
