Stock_Index,Gourujia,Predictions,Shares,True_Portfolio_Value,True_Earnings_Rate
5,5.534500,-0.000453,0.071914,-3141.488121,-100.591511
4,159.339996,-0.001086,0.087121,-3784.015328,-100.008486
1,92.379997,-0.000687,0.087220,-3788.945422,-100.025491
2,72.587502,-0.000740,0.090619,-3937.362469,-100.044868
3,51.632000,-0.000093,0.105842,-4598.753033,-100.043031
6,111.879997,-0.002086,0.127751,-5549.452967,-100.022572
8,229.070007,0.000580,0.129713,-5634.094386,-100.009849
0,43.200001,0.000018,0.132355,-5751.703950,-100.059980
7,76.019997,-0.001653,0.167466,-7274.466941,-100.020051
