Stock_Index,Gourujia,Predictions,Shares,True_Portfolio_Value,True_Earnings_Rate
5,3.589500,-0.000453,0.039445,-1565.614145,-99.355565
2,76.045502,-0.000740,0.074501,-2975.715929,-99.973831
0,40.985001,0.000018,0.102593,-4097.618858,-99.968503
1,102.889999,-0.000687,0.107581,-4297.708624,-99.989851
4,140.190002,-0.001086,0.108303,-4326.263007,-99.982559
3,51.282501,-0.000093,0.116291,-4644.632893,-99.966523
8,258.070007,0.000580,0.132988,-5313.684031,-100.007734
7,74.040001,-0.001653,0.157525,-6295.830516,-100.037736
6,99.010002,-0.002086,0.160773,-6423.547602,-100.004806
