Stock_Index,Gourujia,Predictions,Shares,True_Portfolio_Value,True_Earnings_Rate
4,161.449997,-0.001086,0.059969,-3887.171685,-99.996824
5,3.856500,-0.000453,0.079688,-5146.103021,-99.634460
2,81.991501,-0.000740,0.086523,-5607.238904,-99.976502
8,242.220001,0.000580,0.089752,-5817.576954,-99.993355
3,56.327499,-0.000093,0.121746,-7889.158395,-99.965711
1,112.029999,-0.000687,0.125571,-8139.431777,-99.996025
7,79.029999,-0.001653,0.130675,-8469.185673,-99.984564
6,104.360001,-0.002086,0.151743,-9836.072847,-99.999357
0,43.287498,0.000018,0.154333,-10001.813647,-99.975845
