Stock_Index,Gourujia,Predictions,Shares,True_Portfolio_Value,True_Earnings_Rate
5,46.764999,-0.000453,0.065659,-5738.307966,-100.058170
4,324.820007,-0.001086,0.092100,-8044.865805,-100.004583
2,147.029999,-0.000740,0.094043,-8215.024575,-100.010207
1,374.510010,-0.000687,0.096528,-8431.595369,-100.003856
3,131.860001,-0.000093,0.102082,-8917.678859,-100.015044
7,102.989998,-0.001653,0.111415,-9731.963443,-100.005294
8,547.159973,0.000580,0.116137,-10143.986355,-99.999626
0,191.240005,0.000018,0.138190,-12070.849133,-100.004973
6,156.839996,-0.002086,0.183845,-16056.998202,-99.995342
