Stock_Index,Gourujia,Predictions,Shares,True_Portfolio_Value,True_Earnings_Rate
5,123.739998,-0.000453,0.038234,-1985.976681,-99.964042
2,176.130005,-0.000740,0.068790,-3574.274475,-99.997074
4,531.929993,-0.001086,0.090799,-4718.083364,-100.001394
6,216.630005,-0.002086,0.114712,-5960.283854,-99.996434
3,163.800003,-0.000093,0.117385,-6099.031685,-99.993254
0,224.529999,0.000018,0.128169,-6659.500853,-99.995441
1,415.549988,-0.000687,0.144617,-7514.402672,-99.999283
8,578.719971,0.000580,0.144793,-7523.474021,-99.998280
7,114.730003,-0.001653,0.152502,-7923.094181,-99.988004
