Stock_Index,Gourujia,Predictions,Shares,True_Portfolio_Value,True_Earnings_Rate
7,42.240002,-0.001653,0.049452,-2929.581318,-99.968820
5,13.350000,-0.000453,0.075860,-4506.174310,-100.239013
6,122.000000,-0.002086,0.095883,-5682.447495,-100.006408
4,283.399994,-0.001086,0.109127,-6467.465499,-100.006890
0,124.379997,0.000018,0.119419,-7078.192612,-100.016984
2,158.864502,-0.000740,0.122942,-7286.789939,-100.014649
1,216.009995,-0.000687,0.133208,-7894.843657,-100.009112
3,90.566498,-0.000093,0.141181,-8368.362688,-100.020594
8,347.859985,0.000580,0.152930,-9063.170934,-100.002865
