Stock_Index,Gourujia,Predictions,Shares,True_Portfolio_Value,True_Earnings_Rate
5,15.164000,-0.000453,0.076126,-2928.418526,-99.910159
4,163.490005,-0.001086,0.080489,-3099.767940,-100.020699
7,84.839996,-0.001653,0.085403,-3289.087564,-100.023858
2,110.400002,-0.000740,0.089063,-3429.184572,-99.998115
3,111.353500,-0.000093,0.098871,-3807.217995,-100.007987
1,252.720001,-0.000687,0.127387,-4904.799249,-99.997876
8,501.239990,0.000580,0.130858,-5038.520081,-99.999527
0,145.490005,0.000018,0.137338,-5287.300522,-99.986064
6,111.910004,-0.002086,0.174465,-6719.616871,-100.031779
