Stock_Index,Gourujia,Predictions,Shares,True_Portfolio_Value,True_Earnings_Rate
4,142.529999,-0.001086,0.080511,-2794.277191,-99.991681
2,82.829002,-0.000740,0.081168,-2817.224134,-99.997932
5,3.495750,-0.000453,0.083058,-2866.473253,-99.442870
0,37.687500,0.000018,0.083353,-2891.857013,-99.955319
1,102.800003,-0.000687,0.105011,-3644.378243,-99.986188
3,54.268501,-0.000093,0.124567,-4323.965020,-100.006327
7,72.040001,-0.001653,0.132728,-4606.524569,-99.992697
8,243.289993,0.000580,0.146896,-5098.708433,-99.999409
6,100.570000,-0.002086,0.162708,-5647.517999,-100.001682
