Stock_Index,Gourujia,Predictions,Shares,True_Portfolio_Value,True_Earnings_Rate
5,32.125999,-0.000453,0.042613,-2402.376555,-100.142038
4,310.390015,-0.001086,0.085563,-4817.103574,-100.003706
7,61.279999,-0.001653,0.088079,-4959.000901,-100.010419
2,171.867996,-0.000740,0.097284,-5477.243310,-100.008108
0,163.759995,0.000018,0.118646,-6679.954300,-100.007202
3,142.966003,-0.000093,0.128930,-7258.768443,-100.004735
8,446.019989,0.000580,0.135611,-7634.411930,-99.998347
6,161.210007,-0.002086,0.137317,-7731.373447,-100.011339
1,329.489990,-0.000687,0.165957,-9343.455718,-100.006028
