Stock_Index,Gourujia,Predictions,Shares,True_Portfolio_Value,True_Earnings_Rate
5,17.377001,-0.000453,0.055214,-2788.763537,-100.206331
2,95.459999,-0.000740,0.077972,-3930.968986,-100.019718
4,133.020004,-0.001086,0.091917,-4632.306540,-99.982516
0,135.210007,0.000018,0.103308,-5207.298576,-99.999672
1,235.809998,-0.000687,0.106449,-5366.008366,-100.007036
7,110.610001,-0.001653,0.119517,-6023.883190,-99.994215
3,91.120003,-0.000093,0.122040,-6150.086898,-99.976998
8,476.239990,0.000580,0.160481,-8088.856320,-99.996450
6,136.570007,-0.002086,0.163101,-8221.861536,-100.009824
