Stock_Index,Gourujia,Predictions,Shares,True_Portfolio_Value,True_Earnings_Rate
6,104.269997,-0.002086,0.051239,-3003.698332,-99.980246
7,49.240002,-0.001653,0.055168,-3234.813509,-100.005783
5,8.769500,-0.000453,0.066729,-3912.571422,-100.003901
4,230.160004,-0.001086,0.091093,-5341.542841,-100.007368
8,305.350006,0.000580,0.103407,-6063.687579,-100.007892
3,71.962502,-0.000093,0.152609,-8950.300397,-100.024301
2,123.919998,-0.000740,0.153899,-9024.221337,-100.005817
0,81.279999,0.000018,0.159964,-9380.409795,-100.010642
1,185.360001,-0.000687,0.165892,-9727.615919,-100.007149
