Stock_Index,Gourujia,Predictions,Shares,True_Portfolio_Value,True_Earnings_Rate
4,183.800003,-0.001086,0.071634,-4746.096127,-99.990900
5,6.067500,-0.000453,0.074822,-4941.271306,-99.674561
0,46.790001,0.000018,0.103012,-6824.709752,-99.986341
3,53.765499,-0.000093,0.108968,-7218.974308,-99.981670
7,81.639999,-0.001653,0.110101,-7294.694571,-99.992372
2,79.070000,-0.000740,0.113910,-7546.455299,-99.983742
8,245.179993,0.000580,0.125431,-8311.330862,-100.001533
1,97.500000,-0.000687,0.127781,-8465.774491,-99.987869
6,113.010002,-0.002086,0.164342,-10889.689200,-100.004081
