Stock_Index,Gourujia,Predictions,Shares,True_Portfolio_Value,True_Earnings_Rate
8,296.670013,0.000580,0.037130,-1740.159858,-100.001252
3,170.869995,-0.000093,0.088624,-4153.779331,-100.008278
4,636.570007,-0.001086,0.089862,-4211.546475,-100.002365
5,132.830002,-0.000453,0.092767,-4347.978558,-100.008779
2,203.100006,-0.000740,0.095601,-4480.616109,-100.005142
0,201.360001,0.000018,0.109388,-5127.327849,-100.015252
1,454.859985,-0.000687,0.120783,-5660.737893,-100.002274
7,102.970001,-0.001653,0.172816,-8098.983907,-99.999434
6,260.670013,-0.002086,0.193030,-9046.421369,-99.999941
