Stock_Index,Gourujia,Predictions,Shares,True_Portfolio_Value,True_Earnings_Rate
5,14.265750,-0.000453,0.066420,-3997.352871,-99.980128
4,305.970001,-0.001086,0.075471,-4543.080698,-99.999402
7,62.580002,-0.001653,0.101712,-6125.740202,-100.051639
0,126.849998,0.000018,0.109618,-6599.059992,-100.005864
2,159.524506,-0.000740,0.114667,-6902.092841,-99.993468
3,114.587502,-0.000093,0.122572,-7379.076328,-100.008299
6,161.220001,-0.002086,0.127256,-7661.095568,-100.010398
1,247.179993,-0.000687,0.134430,-8092.342113,-100.001558
8,420.890015,0.000580,0.147854,-8900.797990,-100.005245
