Stock_Index,Gourujia,Predictions,Shares,True_Portfolio_Value,True_Earnings_Rate
5,3.450250,-0.000453,0.042141,-2131.457587,-101.378425
0,39.075001,0.000018,0.068617,-3424.771236,-100.026664
2,81.894501,-0.000740,0.095145,-4749.103073,-100.033259
4,147.470001,-0.001086,0.099589,-4970.037833,-100.015253
3,53.993000,-0.000093,0.109273,-5453.478676,-100.016885
1,105.080002,-0.000687,0.112050,-5592.184469,-100.019581
8,266.769989,0.000580,0.143046,-7137.735301,-99.999200
7,71.239998,-0.001653,0.164940,-8229.640396,-99.994690
6,103.879997,-0.002086,0.165200,-8242.821729,-99.997316
