Stock_Index,Gourujia,Predictions,Shares,True_Portfolio_Value,True_Earnings_Rate
4,471.910004,-0.001086,0.053518,-3332.412650,-100.001383
5,92.478996,-0.000453,0.056537,-3519.451407,-99.973424
3,176.059998,-0.000093,0.063135,-3931.097955,-99.997232
2,184.699997,-0.000740,0.096250,-5993.375620,-100.003411
0,189.869995,0.000018,0.100344,-6247.928912,-99.996765
1,420.209991,-0.000687,0.113762,-7083.397993,-99.997112
7,119.639999,-0.001653,0.144793,-9016.325512,-100.006804
8,524.630005,0.000580,0.166406,-10361.900467,-100.002708
6,204.789993,-0.002086,0.205255,-12783.367192,-100.022470
