Stock_Index,Gourujia,Predictions,Shares,True_Portfolio_Value,True_Earnings_Rate
4,267.670013,-0.001086,0.094724,-3951.511664,-99.982070
0,111.199997,0.000018,0.097114,-4050.649855,-99.967284
5,12.627000,-0.000453,0.097758,-4068.703659,-99.754839
7,31.570000,-0.001653,0.100807,-4200.065443,-99.862557
2,158.139008,-0.000740,0.101369,-4229.060630,-99.990430
3,75.540001,-0.000093,0.107966,-4502.957465,-99.960227
1,202.679993,-0.000687,0.117628,-4907.641347,-99.995059
8,308.000000,0.000580,0.139291,-5812.030859,-100.004586
6,96.540001,-0.002086,0.143341,-5980.210209,-99.993262
