Stock_Index,Gourujia,Predictions,Shares,True_Portfolio_Value,True_Earnings_Rate
5,45.667999,-0.000453,0.051123,-3123.199817,-99.931648
2,134.250000,-0.000740,0.069754,-4264.047143,-99.992987
4,287.600006,-0.001086,0.074037,-4525.876259,-99.992064
3,129.080002,-0.000093,0.091432,-5588.556715,-99.980502
7,108.099998,-0.001653,0.108600,-6639.713032,-100.008166
1,322.459991,-0.000687,0.115471,-7058.978522,-99.995664
0,177.229996,0.000018,0.118857,-7265.408008,-99.987750
6,146.380005,-0.002086,0.172000,-10514.587600,-99.995395
8,492.339996,0.000580,0.198726,-12149.262187,-100.001200
