Stock_Index,Gourujia,Predictions,Shares,True_Portfolio_Value,True_Earnings_Rate
5,133.570007,-0.000453,0.036439,-1826.857576,-100.004328
3,186.470001,-0.000093,0.077717,-3896.222334,-100.003318
1,412.220001,-0.000687,0.095173,-4771.214126,-100.000459
8,533.369995,0.000580,0.096092,-4817.303017,-99.999807
0,227.649994,0.000018,0.097863,-4905.602466,-99.990513
2,233.139999,-0.000740,0.117222,-5876.621987,-100.000700
7,110.970001,-0.001653,0.136074,-6821.184533,-99.994333
4,717.400024,-0.001086,0.149288,-7484.083018,-99.999534
6,271.040009,-0.002086,0.194131,-9731.593813,-99.994662
