Stock_Index,Gourujia,Predictions,Shares,True_Portfolio_Value,True_Earnings_Rate
5,6.223250,-0.000453,0.084105,-7148.695718,-99.977423
2,93.897003,-0.000740,0.086652,-7367.842600,-100.007524
8,300.739990,0.000580,0.093500,-7949.791481,-100.002519
4,221.770004,-0.001086,0.105265,-8949.758426,-99.999248
0,78.809998,0.000018,0.107868,-9169.916506,-99.986029
3,72.508003,-0.000093,0.122781,-10436.281311,-99.972357
1,166.169998,-0.000687,0.125839,-10698.725142,-99.996641
6,137.250000,-0.002086,0.126774,-10777.960961,-99.994974
7,68.820000,-0.001653,0.147216,-12517.015990,-100.005500
