Stock_Index,Gourujia,Predictions,Shares,True_Portfolio_Value,True_Earnings_Rate
5,6.029500,-0.000453,0.070849,-3673.077969,-99.717046
4,182.339996,-0.001086,0.095952,-4988.497725,-99.991376
3,56.469002,-0.000093,0.101862,-5293.685702,-99.951345
1,94.430000,-0.000687,0.106273,-5524.268481,-99.976598
2,77.593002,-0.000740,0.113159,-5882.293882,-99.977746
8,224.729996,0.000580,0.116484,-6056.460365,-99.998616
6,114.739998,-0.002086,0.120528,-6265.120239,-99.975288
0,44.235001,0.000018,0.121333,-6306.236114,-99.961490
7,74.120003,-0.001653,0.153561,-7983.500853,-99.992015
