Stock_Index,Gourujia,Predictions,Shares,True_Portfolio_Value,True_Earnings_Rate
5,44.308998,-0.000453,0.071787,-4175.145373,-99.984619
4,294.260010,-0.001086,0.079847,-4644.799210,-100.003074
8,506.529999,0.000580,0.085937,-4998.918705,-99.999164
3,120.019997,-0.000093,0.097593,-5676.407739,-99.989583
2,130.000000,-0.000740,0.106465,-6193.458809,-100.007134
1,343.769989,-0.000687,0.111269,-6472.417952,-99.998868
7,103.889999,-0.001653,0.111559,-6488.320843,-99.985015
6,154.949997,-0.002086,0.151767,-8827.027671,-99.987420
0,191.940002,0.000018,0.183776,-10689.999142,-99.997806
