Stock_Index,Gourujia,Predictions,Shares,True_Portfolio_Value,True_Earnings_Rate
4,204.279999,-0.001086,0.072943,-3715.309845,-99.995872
6,126.839996,-0.002086,0.079495,-4049.645471,-100.012088
5,27.191000,-0.000453,0.083294,-4245.033966,-100.056151
7,103.410004,-0.001653,0.101355,-5162.549606,-99.998879
2,98.709999,-0.000740,0.102457,-5219.116267,-100.005970
3,105.599998,-0.000093,0.104786,-5337.559350,-100.001436
1,277.660004,-0.000687,0.113636,-5788.015982,-99.996245
0,158.929993,0.000018,0.136501,-6952.577662,-99.994796
8,469.910004,0.000580,0.205533,-10468.956923,-99.997264
