Stock_Index,Gourujia,Predictions,Shares,True_Portfolio_Value,True_Earnings_Rate
5,6.053750,-0.000453,0.071446,-2771.701283,-99.744132
3,55.494999,-0.000093,0.105747,-4112.021643,-99.970707
2,74.266998,-0.000740,0.108347,-4213.761730,-99.986776
4,178.990005,-0.001086,0.108419,-4216.568566,-99.986737
1,91.730003,-0.000687,0.109255,-4248.497744,-99.972655
0,43.125000,0.000018,0.114368,-4446.799168,-99.960019
8,227.089996,0.000580,0.119203,-4636.380440,-99.994087
6,114.980003,-0.002086,0.130001,-5055.655431,-99.982552
7,75.860001,-0.001653,0.133214,-5180.031134,-99.971295
