Stock_Index,Gourujia,Predictions,Shares,True_Portfolio_Value,True_Earnings_Rate
5,21.792999,-0.000453,0.062527,-4416.550855,-99.912408
2,165.289001,-0.000740,0.072282,-5110.229630,-100.001209
7,55.360001,-0.001653,0.081755,-5779.547801,-99.996740
4,365.510010,-0.001086,0.101020,-7141.727236,-99.997853
8,423.410004,0.000580,0.114818,-8117.604293,-100.002056
6,157.669998,-0.002086,0.130043,-9192.513000,-99.987060
3,141.261505,-0.000093,0.140395,-9925.267436,-99.995915
0,149.619995,0.000018,0.141304,-9990.528791,-100.005652
1,302.619995,-0.000687,0.155857,-11018.885728,-100.000667
