Stock_Index,Gourujia,Predictions,Shares,True_Portfolio_Value,True_Earnings_Rate
5,37.474998,-0.000453,0.028938,-1820.104522,-99.927301
2,121.230003,-0.000740,0.078980,-4970.144087,-99.979703
3,122.500000,-0.000093,0.082372,-5184.787482,-100.002403
1,323.380005,-0.000687,0.106674,-6714.169768,-99.998207
7,108.529999,-0.001653,0.106729,-6717.872604,-100.002891
4,263.600006,-0.001086,0.109315,-6880.394954,-99.998592
6,140.690002,-0.002086,0.135449,-8525.346266,-99.999798
8,482.130005,0.000580,0.160819,-10121.966653,-99.996544
0,177.820007,0.000018,0.190724,-12003.569098,-99.991370
