Stock_Index,Gourujia,Predictions,Shares,True_Portfolio_Value,True_Earnings_Rate
7,50.520000,-0.001653,0.079359,-3901.940062,-99.941324
5,14.961250,-0.000453,0.082129,-4033.949330,-99.837150
3,104.751503,-0.000093,0.082291,-4048.299729,-99.992886
0,135.369995,0.000018,0.103435,-5089.478017,-100.011993
4,270.500000,-0.001086,0.110783,-5450.090313,-99.995288
2,163.885498,-0.000740,0.117038,-5758.191618,-100.001633
6,141.250000,-0.002086,0.136398,-6709.355025,-99.983161
1,244.990005,-0.000687,0.140681,-6921.432620,-100.002155
8,328.239990,0.000580,0.147885,-7275.976273,-100.003379
