Stock_Index,Gourujia,Predictions,Shares,True_Portfolio_Value,True_Earnings_Rate
5,6.324750,-0.000453,0.069766,-5523.820765,-100.050076
6,108.349998,-0.002086,0.085670,-6780.828829,-100.011485
7,81.500000,-0.001653,0.088860,-7032.752443,-100.003921
0,46.875000,0.000018,0.092391,-7312.602174,-100.007180
3,53.873501,-0.000093,0.101085,-7997.037063,-99.961587
8,244.940002,0.000580,0.106479,-8427.578012,-100.005758
4,187.669998,-0.001086,0.127780,-10111.597516,-99.988456
1,98.949997,-0.000687,0.152168,-12043.044730,-100.001124
2,81.244499,-0.000740,0.175801,-13912.730224,-99.996422
