Stock_Index,Gourujia,Predictions,Shares,True_Portfolio_Value,True_Earnings_Rate
5,3.727000,-0.000453,0.038180,-1432.287405,-100.798265
2,74.773003,-0.000740,0.064623,-2404.911055,-99.981112
0,44.244999,0.000018,0.092879,-3457.216713,-100.002556
4,132.429993,-0.001086,0.099712,-3710.910887,-99.986494
1,101.709999,-0.000687,0.100496,-3740.113300,-99.986559
3,51.522499,-0.000093,0.101627,-3781.819458,-99.975704
8,261.500000,0.000580,0.146258,-5444.075404,-100.001392
7,76.970001,-0.001653,0.177916,-6621.546938,-99.990079
6,108.449997,-0.002086,0.178307,-6637.219206,-100.006913
