Stock_Index,Gourujia,Predictions,Shares,True_Portfolio_Value,True_Earnings_Rate
5,20.700001,-0.000453,0.075886,-4289.542439,-99.913267
7,60.490002,-0.001653,0.089761,-5078.014376,-99.995361
4,333.640015,-0.001086,0.091665,-5186.272537,-100.003997
1,293.109985,-0.000687,0.112038,-6338.602799,-99.997981
6,169.020004,-0.002086,0.116022,-6563.810375,-99.996266
3,137.565002,-0.000093,0.116874,-6611.772616,-99.991281
0,142.000000,0.000018,0.124532,-7045.168353,-99.993631
8,394.250000,0.000580,0.135032,-7639.166017,-99.993364
2,163.100494,-0.000740,0.138190,-7817.704804,-99.992449
