Stock_Index,Gourujia,Predictions,Shares,True_Portfolio_Value,True_Earnings_Rate
6,236.979996,-0.002086,0.069167,-3569.207567,-99.995907
5,147.630005,-0.000453,0.076892,-3968.467815,-100.010963
8,615.809998,0.000580,0.076973,-3972.155935,-99.997530
2,208.179993,-0.000740,0.096491,-4979.629007,-100.003102
4,589.340027,-0.001086,0.110522,-5703.664274,-100.001786
1,422.540009,-0.000687,0.113792,-5872.425337,-100.002551
3,178.350006,-0.000093,0.127458,-6577.140351,-99.993747
7,121.110001,-0.001653,0.159945,-8254.300916,-100.004375
0,226.960007,0.000018,0.168761,-8709.459984,-100.005332
