Stock_Index,Gourujia,Predictions,Shares,True_Portfolio_Value,True_Earnings_Rate
5,16.566000,-0.000453,0.070645,-2297.668773,-100.075534
4,157.050003,-0.001086,0.078655,-2556.433888,-100.004884
2,108.680000,-0.000740,0.089230,-2899.924090,-99.997717
7,91.480003,-0.001653,0.106760,-3471.218592,-100.044136
3,111.543999,-0.000093,0.111147,-3612.343959,-100.000454
0,135.869995,0.000018,0.113701,-3695.415668,-100.002822
6,115.830002,-0.002086,0.131931,-4287.923883,-100.004858
1,253.740005,-0.000687,0.137755,-4477.111877,-100.000949
8,480.320007,0.000580,0.160175,-5205.546269,-99.995982
