Stock_Index,Gourujia,Predictions,Shares,True_Portfolio_Value,True_Earnings_Rate
5,4.061000,-0.000453,0.059137,-2778.490463,-99.547886
0,50.660000,0.000018,0.086892,-4099.987378,-99.962848
4,177.750000,-0.001086,0.110451,-5213.100392,-99.991799
1,133.389999,-0.000687,0.110456,-5213.179036,-99.988511
6,106.019997,-0.002086,0.119062,-5619.481523,-99.992468
7,67.489998,-0.001653,0.119875,-5657.823935,-99.992117
2,87.481003,-0.000740,0.122596,-5786.062687,-99.987492
3,57.679001,-0.000093,0.125930,-5942.638697,-99.973749
8,230.660004,0.000580,0.145601,-6872.678170,-99.999211
