Stock_Index,Gourujia,Predictions,Shares,True_Portfolio_Value,True_Earnings_Rate
5,19.031000,-0.000453,0.067512,-5372.716378,-99.742984
7,64.660004,-0.001653,0.069624,-5557.320730,-100.039977
6,154.050003,-0.002086,0.100518,-8020.058241,-99.998821
4,341.369995,-0.001086,0.103459,-8253.879154,-99.988004
2,170.072998,-0.000740,0.110449,-8811.941814,-99.992711
0,133.110001,0.000018,0.125795,-10036.166111,-99.990633
8,404.950012,0.000580,0.127813,-10198.301403,-100.002137
1,265.019989,-0.000687,0.145090,-11575.955873,-99.994768
3,122.508499,-0.000093,0.149740,-11947.620874,-99.999817
