Stock_Index,Gourujia,Predictions,Shares,True_Portfolio_Value,True_Earnings_Rate
5,24.496000,-0.000453,0.063862,-2220.502696,-99.955250
4,203.630005,-0.001086,0.088920,-3092.921725,-99.989950
2,153.104004,-0.000740,0.098272,-3417.958942,-99.982594
7,76.930000,-0.001653,0.107953,-3753.962971,-99.965815
6,138.399994,-0.002086,0.112326,-3907.050748,-99.990921
1,294.390015,-0.000687,0.115882,-4031.117932,-99.999044
3,133.280502,-0.000093,0.117555,-4089.242754,-99.996863
0,159.589996,0.000018,0.138115,-4804.390477,-99.995969
8,498.260010,0.000580,0.157115,-5465.342051,-99.996502
