Stock_Index,Gourujia,Predictions,Shares,True_Portfolio_Value,True_Earnings_Rate
5,43.938000,-0.000453,0.070655,-4467.771672,-100.092071
2,131.470001,-0.000740,0.077364,-4888.488292,-100.019574
7,111.389999,-0.001653,0.078098,-4933.222594,-99.987514
4,324.000000,-0.001086,0.093747,-5922.938426,-100.006770
3,139.720001,-0.000093,0.097953,-6188.806468,-100.009073
1,332.059998,-0.000687,0.115624,-7304.723794,-100.001774
8,536.650024,0.000580,0.138647,-8759.149539,-100.000205
0,177.149994,0.000018,0.148327,-9371.092419,-100.004190
6,147.529999,-0.002086,0.179584,-11346.014222,-100.007484
