Stock_Index,Gourujia,Predictions,Shares,True_Portfolio_Value,True_Earnings_Rate
8,231.949997,0.000580,0.069095,-4337.057633,-99.984394
3,59.477501,-0.000093,0.078283,-4914.264140,-99.994483
5,4.575250,-0.000453,0.094945,-5982.631617,-100.380692
4,195.470001,-0.001086,0.106708,-6699.286459,-100.004178
0,52.937500,0.000018,0.114583,-7195.553254,-100.029399
6,116.120003,-0.002086,0.121262,-7613.133167,-100.007673
2,98.123001,-0.000740,0.137093,-8607.042601,-100.006204
7,77.470001,-0.001653,0.138702,-8707.871989,-100.005678
1,128.899994,-0.000687,0.139329,-8747.319662,-100.004527
