Stock_Index,Gourujia,Predictions,Shares,True_Portfolio_Value,True_Earnings_Rate
5,4.431250,-0.000453,0.056102,-3677.693076,-99.707798
8,242.229996,0.000580,0.086894,-5713.010347,-99.991515
4,165.550003,-0.001086,0.090380,-5942.408549,-99.995855
2,88.670998,-0.000740,0.098683,-6488.281250,-99.995348
0,47.180000,0.000018,0.106689,-7014.118644,-99.986231
3,58.613499,-0.000093,0.122579,-8059.269678,-99.993289
6,100.709999,-0.002086,0.134543,-8845.865487,-99.994886
1,116.930000,-0.000687,0.136937,-9003.182684,-99.992645
7,80.739998,-0.001653,0.167193,-10993.028272,-99.999080
