Stock_Index,Gourujia,Predictions,Shares,True_Portfolio_Value,True_Earnings_Rate
8,271.489990,0.000580,0.053581,-2940.844181,-99.958328
4,782.130005,-0.001086,0.062918,-3454.730515,-99.999494
2,230.979996,-0.000740,0.074474,-4089.263503,-99.999906
0,232.779999,0.000018,0.100346,-5510.030678,-100.002202
5,182.020004,-0.000453,0.117992,-6479.121239,-100.004759
3,202.940002,-0.000093,0.136444,-7491.867573,-99.997675
1,522.479980,-0.000687,0.138083,-7582.064739,-100.000848
7,107.379997,-0.001653,0.145755,-8003.797191,-100.007751
6,294.160004,-0.002086,0.170409,-9357.327319,-100.004268
