Stock_Index,Gourujia,Predictions,Shares,True_Portfolio_Value,True_Earnings_Rate
4,265.299988,-0.001086,0.083978,-3326.231259,-99.969866
0,110.440002,0.000018,0.094368,-3737.552388,-99.963759
7,33.410000,-0.001653,0.095895,-3799.824491,-100.016169
5,13.019500,-0.000453,0.102841,-4056.368299,-99.556023
2,152.420502,-0.000740,0.103445,-4096.896066,-99.959775
3,82.282997,-0.000093,0.112366,-4448.791287,-99.928175
1,206.429993,-0.000687,0.134238,-5317.348473,-99.977173
8,321.350006,0.000580,0.134977,-5346.235531,-99.969396
6,103.410004,-0.002086,0.137892,-5464.899161,-100.030011
