Stock_Index,Gourujia,Predictions,Shares,True_Portfolio_Value,True_Earnings_Rate
5,6.805500,-0.000453,0.058137,-5158.797229,-99.802690
4,174.649994,-0.001086,0.069915,-6216.042540,-99.990861
0,54.040001,0.000018,0.074043,-6582.666992,-99.984824
2,95.269501,-0.000740,0.106446,-9463.641341,-99.987792
7,79.620003,-0.001653,0.120638,-10725.199217,-99.987756
1,108.400002,-0.000687,0.122060,-10852.018936,-99.989844
3,61.837502,-0.000093,0.125037,-11115.059726,-99.974676
6,114.680000,-0.002086,0.149698,-13308.401085,-99.984700
8,264.279999,0.000580,0.174025,-15473.111390,-99.996012
