Stock_Index,Gourujia,Predictions,Shares,True_Portfolio_Value,True_Earnings_Rate
2,125.980003,-0.000740,0.070200,-4776.511068,-100.000000
5,42.467999,-0.000453,0.089186,-6066.267899,-99.965817
4,297.739990,-0.001086,0.095520,-6498.922696,-99.993056
0,170.429993,0.000018,0.095930,-6527.243965,-99.999106
7,120.199997,-0.001653,0.107645,-7324.684887,-100.005068
3,130.539993,-0.000093,0.117645,-8004.032948,-99.989683
8,503.730011,0.000580,0.120595,-8205.338277,-99.997505
1,312.790009,-0.000687,0.123637,-8412.462761,-99.999132
6,145.779999,-0.002086,0.179643,-12222.121713,-99.991536
