Stock_Index,Gourujia,Predictions,Shares,True_Portfolio_Value,True_Earnings_Rate
0,118.275002,0.000018,0.072928,-3703.467344,-99.957515
4,269.010010,-0.001086,0.078528,-3989.641409,-100.002774
5,12.141000,-0.000453,0.085583,-4332.170974,-99.639949
1,214.580002,-0.000687,0.106525,-5412.105718,-100.003400
7,41.320000,-0.001653,0.109532,-5565.505446,-100.018225
2,164.868500,-0.000740,0.110173,-5597.365777,-100.002331
6,97.370003,-0.002086,0.125110,-6356.026696,-100.000528
3,78.812500,-0.000093,0.136789,-6949.487310,-100.000547
8,313.329987,0.000580,0.174832,-8882.131409,-99.999176
