Stock_Index,Gourujia,Predictions,Shares,True_Portfolio_Value,True_Earnings_Rate
5,128.199997,-0.000453,0.050855,-3191.468891,-99.980887
0,227.820007,0.000018,0.075366,-4730.566282,-99.998346
4,529.320007,-0.001086,0.088291,-5541.884420,-99.999757
8,489.339996,0.000580,0.098446,-6179.259792,-99.998846
2,199.289993,-0.000740,0.102077,-6407.169699,-99.999874
6,205.169998,-0.002086,0.127997,-8033.618445,-99.994191
3,189.029999,-0.000093,0.128435,-8061.715901,-100.000140
7,112.180000,-0.001653,0.143968,-9037.404102,-100.009908
1,466.239990,-0.000687,0.184566,-11585.269671,-100.003105
