Stock_Index,Gourujia,Predictions,Shares,True_Portfolio_Value,True_Earnings_Rate
7,43.709999,-0.001653,0.073749,-2721.277865,-99.980715
6,93.260002,-0.002086,0.083725,-3090.227225,-100.006921
4,237.550003,-0.001086,0.088794,-3277.379992,-100.007383
8,297.730011,0.000580,0.106963,-3947.721819,-99.999403
5,9.530000,-0.000453,0.108141,-3987.416499,-99.909825
3,72.099998,-0.000093,0.128198,-4730.212350,-99.973393
0,91.027496,0.000018,0.128834,-4754.953931,-100.000000
1,204.699997,-0.000687,0.131248,-4843.833688,-99.996291
2,143.934998,-0.000740,0.150348,-5548.803110,-99.997206
