Stock_Index,Gourujia,Predictions,Shares,True_Portfolio_Value,True_Earnings_Rate
5,4.423500,-0.000453,0.063527,-4156.178979,-100.549625
0,55.240002,0.000018,0.089736,-5840.928503,-100.026658
8,232.850006,0.000580,0.097318,-6332.752782,-99.999926
4,190.139999,-0.001086,0.111491,-7254.991745,-100.000581
6,119.379997,-0.002086,0.118305,-7698.520279,-100.003375
1,141.070007,-0.000687,0.118312,-7699.461058,-100.008238
3,61.937500,-0.000093,0.122689,-7984.605847,-100.011655
2,91.074997,-0.000740,0.133087,-8661.659707,-100.016605
7,72.330002,-0.001653,0.145536,-9470.652812,-100.004787
