Stock_Index,Gourujia,Predictions,Shares,True_Portfolio_Value,True_Earnings_Rate
5,15.361750,-0.000453,0.060494,-3772.814343,-100.081230
4,302.239990,-0.001086,0.092936,-5791.576704,-99.999551
0,134.839996,0.000018,0.109332,-6813.985866,-100.009577
7,56.480000,-0.001653,0.111927,-6977.497875,-100.037703
1,258.739990,-0.000687,0.118855,-7406.869684,-100.000718
8,389.839996,0.000580,0.122294,-7620.824264,-99.995635
3,114.487999,-0.000093,0.126319,-7872.294137,-100.004110
6,152.649994,-0.002086,0.128079,-7982.687702,-100.014668
2,168.600494,-0.000740,0.129764,-8087.130772,-100.006601
