Stock_Index,Gourujia,Predictions,Shares,True_Portfolio_Value,True_Earnings_Rate
5,6.050000,-0.000453,0.073985,-2843.232401,-100.682572
3,55.195999,-0.000093,0.103634,-3958.087696,-100.054156
4,178.320007,-0.001086,0.107603,-4107.735662,-100.007535
1,93.769997,-0.000687,0.108881,-4156.660913,-100.010515
2,75.622498,-0.000740,0.111547,-4258.673333,-100.016717
0,44.529999,0.000018,0.118486,-4524.677085,-100.039684
7,75.739998,-0.001653,0.123544,-4716.314281,-100.009447
6,115.500000,-0.002086,0.125592,-4794.801656,-100.015658
8,226.160004,0.000580,0.126729,-4837.707550,-100.003356
