Stock_Index,Gourujia,Predictions,Shares,True_Portfolio_Value,True_Earnings_Rate
5,113.059998,-0.000453,0.059180,-2992.888508,-100.011575
4,465.700012,-0.001086,0.068240,-3450.681200,-99.999995
8,569.719971,0.000580,0.088856,-4493.214241,-100.000917
3,167.000000,-0.000093,0.105207,-5319.505454,-99.990996
0,217.960007,0.000018,0.119313,-6033.233321,-99.999411
2,182.500000,-0.000740,0.126214,-6382.069070,-99.997902
1,425.269989,-0.000687,0.127754,-6460.080263,-99.999194
6,212.240005,-0.002086,0.141253,-7142.882764,-100.003096
7,117.330002,-0.001653,0.163984,-8292.770132,-100.008982
