Stock_Index,Gourujia,Predictions,Shares,True_Portfolio_Value,True_Earnings_Rate
5,116.139999,-0.000453,0.041339,-1842.094632,-99.985736
4,528.539978,-0.001086,0.075329,-3357.249834,-100.000638
2,170.229996,-0.000740,0.081881,-3649.242832,-100.000449
3,164.160004,-0.000093,0.110565,-4928.304961,-100.014229
6,207.940002,-0.002086,0.123381,-5498.432806,-99.994710
0,221.270004,0.000018,0.127902,-5700.245380,-99.999082
8,574.239990,0.000580,0.130754,-5827.301427,-99.998361
1,414.010010,-0.000687,0.142066,-6331.408294,-99.998343
7,117.860001,-0.001653,0.166784,-7432.503839,-99.992189
