Stock_Index,Gourujia,Predictions,Shares,True_Portfolio_Value,True_Earnings_Rate
5,12.845750,-0.000453,0.054864,-2511.094758,-99.796340
0,119.989998,0.000018,0.087257,-4001.060393,-99.976713
7,56.490002,-0.001653,0.087817,-4028.306869,-100.018269
4,290.109985,-0.001086,0.090329,-4142.728311,-99.995948
3,101.348000,-0.000093,0.102512,-4701.562915,-99.998186
2,153.748001,-0.000740,0.114151,-5235.061943,-99.992448
1,230.350006,-0.000687,0.125553,-5757.801691,-99.989499
6,155.139999,-0.002086,0.149698,-6866.945975,-100.017563
8,365.579987,0.000580,0.187820,-8614.187892,-99.999044
