Stock_Index,Gourujia,Predictions,Shares,True_Portfolio_Value,True_Earnings_Rate
7,49.840000,-0.001653,0.077226,-3722.180387,-99.972810
5,15.250750,-0.000453,0.082690,-3991.626092,-100.125667
3,104.437500,-0.000093,0.082879,-3995.722752,-99.997125
0,135.130005,0.000018,0.103470,-4988.526381,-99.998687
4,270.390015,-0.001086,0.106663,-5142.497986,-99.999850
2,163.106506,-0.000740,0.117483,-5664.012681,-99.997079
1,244.490005,-0.000687,0.135824,-6548.396529,-99.999164
6,139.270004,-0.002086,0.142049,-6847.779334,-99.989864
8,333.070007,0.000580,0.151716,-7315.013111,-100.004386
