Stock_Index,Gourujia,Predictions,Shares,True_Portfolio_Value,True_Earnings_Rate
5,4.505250,-0.000453,0.056032,-3509.861535,-99.894326
0,54.974998,0.000018,0.091752,-5753.627139,-99.993394
8,234.429993,0.000580,0.100131,-6279.746728,-100.003490
4,186.220001,-0.001086,0.112825,-7075.161266,-99.994663
3,61.581501,-0.000093,0.117556,-7372.451637,-100.002309
6,119.160004,-0.002086,0.120048,-7528.707861,-100.004166
1,136.330002,-0.000687,0.122350,-7672.446790,-99.994319
2,90.391998,-0.000740,0.130480,-8181.981931,-99.991035
7,73.730003,-0.001653,0.148825,-9333.992352,-100.010341
