Stock_Index,Gourujia,Predictions,Shares,True_Portfolio_Value,True_Earnings_Rate
8,301.220001,0.000580,0.031590,-1729.351375,-100.000927
3,166.179993,-0.000093,0.073513,-4024.016612,-99.993266
5,141.220001,-0.000453,0.076718,-4199.600877,-99.996499
4,666.849976,-0.001086,0.081971,-4487.110044,-99.995329
2,205.710007,-0.000740,0.086797,-4751.334757,-99.996421
0,203.270004,0.000018,0.099913,-5469.560162,-100.001090
6,266.269989,-0.002086,0.172029,-9417.545423,-100.002903
7,103.800003,-0.001653,0.180898,-9904.124182,-100.014023
1,462.970001,-0.000687,0.196571,-10760.816714,-99.999581
