Stock_Index,Gourujia,Predictions,Shares,True_Portfolio_Value,True_Earnings_Rate
5,12.370250,-0.000453,0.050545,-2895.883404,-99.940587
7,58.709999,-0.001653,0.075031,-4298.661212,-99.936781
0,120.129997,0.000018,0.090484,-5186.960972,-99.991109
4,257.640015,-0.001086,0.106803,-6122.325041,-99.990123
2,148.878494,-0.000740,0.123237,-7064.736630,-99.994856
6,150.559998,-0.002086,0.124228,-7121.723247,-99.998458
3,101.696503,-0.000093,0.130448,-7476.262514,-99.969939
1,226.729996,-0.000687,0.140206,-8037.155595,-99.990627
8,333.809998,0.000580,0.159018,-9115.391192,-99.988304
