Stock_Index,Gourujia,Predictions,Shares,True_Portfolio_Value,True_Earnings_Rate
4,209.529999,-0.001086,0.077091,-5268.209451,-100.017680
5,6.145250,-0.000453,0.085416,-5872.622534,-100.633118
8,280.980011,0.000580,0.096156,-6570.672736,-100.010972
0,80.967499,0.000018,0.100514,-6871.556014,-100.056012
1,172.779999,-0.000687,0.115736,-7908.376996,-100.008606
6,135.889999,-0.002086,0.121797,-8323.348166,-100.019369
3,72.712502,-0.000093,0.125848,-8600.373268,-100.020456
2,93.533997,-0.000740,0.128147,-8748.999310,-99.923883
7,64.790001,-0.001653,0.149295,-10207.076728,-100.064953
