Stock_Index,Gourujia,Predictions,Shares,True_Portfolio_Value,True_Earnings_Rate
8,513.669983,0.000580,0.065879,-3995.745266,-99.999780
5,149.429993,-0.000453,0.067608,-4102.382211,-100.042954
3,196.869995,-0.000093,0.071835,-4357.169643,-100.003573
4,630.200012,-0.001086,0.086685,-5257.885318,-100.003130
2,227.610001,-0.000740,0.094064,-5705.884789,-100.010747
6,240.850006,-0.002086,0.136019,-8249.582518,-99.996020
1,427.850006,-0.000687,0.137305,-8328.224763,-100.003013
0,245.000000,0.000018,0.137322,-8329.412955,-100.004675
7,107.739998,-0.001653,0.203284,-12328.566065,-99.991340
