Stock_Index,Gourujia,Predictions,Shares,True_Portfolio_Value,True_Earnings_Rate
4,244.500000,-0.001086,0.087809,-3315.975179,-99.999048
6,91.279999,-0.002086,0.090328,-3409.087161,-99.941690
7,41.360001,-0.001653,0.090365,-3409.852798,-99.925742
5,10.509000,-0.000453,0.106247,-4013.195916,-100.026976
8,291.160004,0.000580,0.112202,-4237.196858,-99.999917
2,159.131500,-0.000740,0.119977,-4530.635627,-99.996580
3,75.932999,-0.000093,0.123951,-4680.030896,-99.982470
0,95.752502,0.000018,0.133698,-5048.869741,-99.998175
1,214.320007,-0.000687,0.135423,-5114.140396,-100.001417
