Stock_Index,Gourujia,Predictions,Shares,True_Portfolio_Value,True_Earnings_Rate
5,123.989998,-0.000453,0.045862,-2924.501830,-100.002932
0,214.100006,0.000018,0.079391,-5062.780806,-100.007654
2,197.850006,-0.000740,0.104869,-6687.778864,-100.011890
7,114.900002,-0.001653,0.112207,-7154.704885,-99.998335
4,519.559998,-0.001086,0.115280,-7351.295179,-100.005768
8,486.440002,0.000580,0.128488,-8192.374237,-99.990575
6,199.169998,-0.002086,0.136361,-8694.368842,-99.992270
3,185.410004,-0.000093,0.138037,-8802.832154,-100.009568
1,452.850006,-0.000687,0.139505,-8895.872575,-100.002896
