Stock_Index,Gourujia,Predictions,Shares,True_Portfolio_Value,True_Earnings_Rate
4,469.589996,-0.001086,0.038010,-2272.548933,-99.999814
3,145.539993,-0.000093,0.081532,-4874.582382,-99.998255
2,170.529999,-0.000740,0.082219,-4915.845981,-100.002378
5,70.098999,-0.000453,0.084005,-5022.976389,-100.009351
8,519.390015,0.000580,0.097368,-5821.462343,-99.999741
0,189.410004,0.000018,0.135382,-8094.525775,-100.003047
7,102.220001,-0.001653,0.140454,-8396.033415,-99.983394
1,414.049988,-0.000687,0.142208,-8502.384909,-99.999965
6,175.429993,-0.002086,0.198823,-11887.437777,-100.002051
