Stock_Index,Gourujia,Predictions,Shares,True_Portfolio_Value,True_Earnings_Rate
5,3.594500,-0.000453,0.069801,-3735.804192,-99.669169
4,168.330002,-0.001086,0.078998,-4241.834909,-99.982542
0,46.305000,0.000018,0.088470,-4748.597871,-99.943270
3,52.388000,-0.000093,0.093306,-5009.123553,-99.962817
2,87.718002,-0.000740,0.102073,-5480.037091,-99.968172
1,127.820000,-0.000687,0.113382,-6087.838163,-99.978389
8,241.820007,0.000580,0.149648,-8036.194744,-99.991621
6,110.370003,-0.002086,0.150450,-8080.555866,-100.009988
7,74.309998,-0.001653,0.153872,-8263.139188,-99.995119
