Stock_Index,Gourujia,Predictions,Shares,True_Portfolio_Value,True_Earnings_Rate
5,21.944000,-0.000453,0.072174,-3687.460494,-99.817628
6,145.309998,-0.002086,0.088336,-4521.163705,-99.993871
4,294.640015,-0.001086,0.095424,-4883.922361,-99.991952
2,139.637497,-0.000740,0.099150,-5073.873179,-99.978078
1,299.839996,-0.000687,0.109010,-5579.163070,-99.990764
7,75.120003,-0.001653,0.117062,-5991.562085,-99.997168
3,129.005005,-0.000093,0.121275,-6205.876299,-99.974316
8,461.600006,0.000580,0.143645,-7352.386629,-99.997917
0,159.220001,0.000018,0.153924,-7875.300851,-99.957637
