Stock_Index,Gourujia,Predictions,Shares,True_Portfolio_Value,True_Earnings_Rate
5,15.612000,-0.000453,0.072422,-4185.011496,-99.985349
4,324.630005,-0.001086,0.074369,-4298.116704,-99.997016
7,59.610001,-0.001653,0.085378,-4936.298072,-100.038429
3,118.052002,-0.000093,0.102258,-5910.109020,-99.999344
0,127.099998,0.000018,0.109168,-6309.594921,-100.001239
1,250.779999,-0.000687,0.113663,-6569.197495,-99.998508
2,162.249496,-0.000740,0.117788,-6807.473685,-99.997335
6,163.539993,-0.002086,0.148056,-8557.533693,-100.006352
8,410.950012,0.000580,0.176896,-10223.806643,-99.998760
