Stock_Index,Gourujia,Predictions,Shares,True_Portfolio_Value,True_Earnings_Rate
5,4.391500,-0.000453,0.066272,-5324.363298,-99.614387
8,255.009995,0.000580,0.077284,-6234.083997,-100.006012
0,52.209999,0.000018,0.101810,-8212.157564,-100.001560
4,202.360001,-0.001086,0.104571,-8434.206739,-99.994415
6,116.360001,-0.002086,0.117406,-9469.502252,-99.996536
3,57.402500,-0.000093,0.117599,-9486.732195,-100.012671
1,139.289993,-0.000687,0.125046,-10085.429797,-99.992667
2,99.724503,-0.000740,0.130455,-10522.110881,-99.996828
7,75.370003,-0.001653,0.159556,-12869.549583,-100.000176
