Stock_Index,Gourujia,Predictions,Shares,True_Portfolio_Value,True_Earnings_Rate
5,4.762250,-0.000453,0.069275,-4327.246145,-99.400158
8,245.339996,0.000580,0.071425,-4488.988176,-100.002366
4,185.850006,-0.001086,0.097313,-6115.146864,-99.988797
6,120.559998,-0.002086,0.116322,-7308.922415,-99.979679
0,59.102501,0.000018,0.122180,-7676.474526,-99.970908
7,67.610001,-0.001653,0.122867,-7719.824015,-99.975484
3,62.220501,-0.000093,0.128343,-8066.051850,-100.000168
1,137.410004,-0.000687,0.135741,-8530.487026,-99.994618
2,87.875504,-0.000740,0.136534,-8579.200896,-99.981918
