Stock_Index,Gourujia,Predictions,Shares,True_Portfolio_Value,True_Earnings_Rate
6,249.789993,-0.002086,0.071537,-3584.193558,-100.000112
5,135.339996,-0.000453,0.075604,-3787.354220,-99.984281
2,205.740005,-0.000740,0.080145,-4015.293253,-99.994947
3,169.229996,-0.000093,0.100292,-5024.932646,-100.000979
8,608.380005,0.000580,0.100730,-5046.844478,-99.999509
1,422.989990,-0.000687,0.107008,-5361.367644,-99.999737
4,569.200012,-0.001086,0.112968,-5659.924561,-99.998427
7,117.660004,-0.001653,0.159632,-7997.741764,-99.997836
0,234.929993,0.000018,0.192083,-9623.483028,-99.995674
