Stock_Index,Gourujia,Predictions,Shares,True_Portfolio_Value,True_Earnings_Rate
4,188.740005,-0.001086,0.058545,-1849.266746,-99.993028
5,16.629999,-0.000453,0.065835,-2083.104455,-100.166816
2,105.372002,-0.000740,0.071606,-2261.652447,-99.986066
0,146.500000,0.000018,0.111298,-3516.486436,-100.018609
3,113.602501,-0.000093,0.111695,-3528.582409,-100.005897
1,260.549988,-0.000687,0.112035,-3539.370256,-100.007737
7,86.790001,-0.001653,0.115618,-3652.470772,-100.006524
6,118.139999,-0.002086,0.156519,-4944.281072,-100.000717
8,486.149994,0.000580,0.196848,-6218.488266,-100.003134
