Stock_Index,Gourujia,Predictions,Shares,True_Portfolio_Value,True_Earnings_Rate
5,4.512500,-0.000453,0.058040,-2922.604677,-99.673383
0,53.542500,0.000018,0.100241,-5063.559508,-99.978066
4,188.759995,-0.001086,0.107898,-5451.924443,-100.007319
6,115.400002,-0.002086,0.111038,-5609.447070,-99.989031
8,230.679993,0.000580,0.114131,-5766.274581,-99.996668
1,137.520004,-0.000687,0.121306,-6129.387887,-100.007654
3,60.263500,-0.000093,0.127517,-6442.750927,-99.999408
7,71.489998,-0.001653,0.128484,-6490.755758,-99.988697
2,91.567497,-0.000740,0.131345,-6636.538951,-100.006459
