Stock_Index,Gourujia,Predictions,Shares,True_Portfolio_Value,True_Earnings_Rate
5,14.036000,-0.000453,0.055532,-2572.011021,-99.717858
4,115.620003,-0.001086,0.065272,-3030.752892,-99.965969
2,81.820000,-0.000740,0.092824,-4310.028930,-99.965246
3,86.019997,-0.000093,0.098354,-4566.902954,-99.967615
0,126.040001,0.000018,0.102780,-4772.940382,-99.977840
1,234.529999,-0.000687,0.102872,-4777.676659,-99.988379
7,108.379997,-0.001653,0.137124,-6368.673476,-99.993045
8,528.450012,0.000580,0.161835,-7516.985335,-99.999489
6,132.460007,-0.002086,0.183408,-8518.530620,-99.995681
