Stock_Index,Gourujia,Predictions,Shares,True_Portfolio_Value,True_Earnings_Rate
5,30.389999,-0.000453,0.049418,-3191.402458,-100.039761
4,340.890015,-0.001086,0.069211,-4467.640500,-99.994316
3,148.677994,-0.000093,0.087354,-5639.157123,-100.001023
2,176.257507,-0.000740,0.092691,-5983.385541,-99.996705
7,63.820000,-0.001653,0.101752,-6567.496484,-99.986554
1,336.720001,-0.000687,0.130292,-8410.991921,-100.000574
0,149.990005,0.000018,0.146439,-9453.313216,-99.999956
8,458.989990,0.000580,0.152866,-9868.581244,-100.003923
6,166.860001,-0.002086,0.169977,-10972.762640,-100.001078
