Stock_Index,Gourujia,Predictions,Shares,True_Portfolio_Value,True_Earnings_Rate
5,45.005001,-0.000453,0.064588,-3594.460672,-99.963471
3,129.100006,-0.000093,0.068713,-3825.242208,-99.993131
2,138.600006,-0.000740,0.068797,-3829.919894,-99.994090
4,314.600006,-0.001086,0.082411,-4588.031829,-99.998790
7,107.779999,-0.001653,0.099731,-5553.198499,-100.016589
1,352.799988,-0.000687,0.119582,-6657.308463,-99.997019
6,143.000000,-0.002086,0.143167,-7970.051497,-99.994738
0,176.649994,0.000018,0.157957,-8793.264207,-99.991792
8,530.900024,0.000580,0.195054,-10859.221137,-99.999094
