Stock_Index,Gourujia,Predictions,Shares,True_Portfolio_Value,True_Earnings_Rate
4,168.839996,-0.001086,0.080861,-6444.471838,-100.015567
2,100.649002,-0.000740,0.082675,-6588.309986,-100.004938
0,56.237499,0.000018,0.087578,-6978.322681,-99.993766
5,6.685000,-0.000453,0.102546,-8110.238457,-99.256841
3,60.368000,-0.000093,0.109967,-8762.855939,-100.000384
1,114.410004,-0.000687,0.116550,-9287.400008,-100.000306
8,264.649994,0.000580,0.133108,-10606.681994,-99.998021
6,114.519997,-0.002086,0.138349,-11025.758058,-100.012905
7,85.769997,-0.001653,0.148367,-11823.834616,-100.010240
