Stock_Index,Gourujia,Predictions,Shares,True_Portfolio_Value,True_Earnings_Rate
4,173.589996,-0.001086,0.077386,-3740.317906,-100.005301
5,5.658250,-0.000453,0.078887,-3816.640844,-100.112018
2,78.630997,-0.000740,0.079797,-3856.802471,-100.005259
3,51.572498,-0.000093,0.115133,-5565.789512,-100.024346
1,95.820000,-0.000687,0.121719,-5884.237432,-100.025356
0,40.580002,0.000018,0.128528,-6209.119892,-99.955766
7,77.790001,-0.001653,0.130248,-6294.894137,-100.000661
8,240.179993,0.000580,0.130464,-6305.832304,-100.006605
6,109.400002,-0.002086,0.137838,-6662.006555,-100.005195
