Stock_Index,Gourujia,Predictions,Shares,True_Portfolio_Value,True_Earnings_Rate
5,113.370003,-0.000453,0.040892,-2536.208760,-99.965665
2,186.429993,-0.000740,0.083830,-5200.567270,-99.990193
6,207.529999,-0.002086,0.097155,-6027.326672,-99.993199
3,159.809998,-0.000093,0.097645,-6057.664424,-99.990943
7,114.580002,-0.001653,0.107479,-6667.531145,-99.989250
4,537.950012,-0.001086,0.121633,-7545.987637,-99.992832
0,220.690002,0.000018,0.137260,-8514.683415,-99.983508
1,430.809998,-0.000687,0.137493,-8530.161628,-99.995793
8,580.650024,0.000580,0.176612,-10957.749400,-100.001065
