Stock_Index,Gourujia,Predictions,Shares,True_Portfolio_Value,True_Earnings_Rate
2,97.214996,-0.000740,0.082465,-6507.603615,-100.015614
4,166.020004,-0.001086,0.086112,-6795.050410,-100.011317
5,6.657000,-0.000453,0.091362,-7219.635698,-100.160505
0,55.007500,0.000018,0.094670,-7471.086493,-100.019688
3,59.578499,-0.000093,0.106898,-8436.694959,-100.027624
1,113.570000,-0.000687,0.111458,-8793.706415,-99.994667
8,266.390015,0.000580,0.134771,-10633.570976,-99.999606
6,118.629997,-0.002086,0.139712,-11023.878835,-100.005561
7,84.820000,-0.001653,0.152553,-12035.843725,-99.995145
