Stock_Index,Gourujia,Predictions,Shares,True_Portfolio_Value,True_Earnings_Rate
5,29.639999,-0.000453,0.046535,-2316.147030,-99.854633
4,335.239990,-0.001086,0.090329,-4502.074509,-99.990421
0,176.279999,0.000018,0.092953,-4632.685515,-99.987114
1,334.690002,-0.000687,0.105974,-5281.961310,-99.993152
3,146.916504,-0.000093,0.124165,-6188.807463,-99.995429
2,171.068497,-0.000740,0.126110,-6286.295801,-100.004800
7,61.020000,-0.001653,0.126247,-6291.249197,-99.976800
6,157.259995,-0.002086,0.140164,-6986.200449,-99.996371
8,495.380005,0.000580,0.147524,-7353.325724,-99.998328
