Stock_Index,Gourujia,Predictions,Shares,True_Portfolio_Value,True_Earnings_Rate
5,106.980003,-0.000453,0.053340,-2506.882402,-99.984575
8,480.220001,0.000580,0.087078,-4093.005927,-99.997491
4,597.989990,-0.001086,0.104191,-4897.404842,-99.997855
6,232.220001,-0.002086,0.113921,-5355.158122,-100.005750
0,227.479996,0.000018,0.122614,-5764.269983,-100.013023
7,111.800003,-0.001653,0.122764,-5771.713360,-100.021375
2,194.539993,-0.000740,0.123510,-5805.280547,-99.994612
3,165.869995,-0.000093,0.125903,-5918.491210,-100.006688
1,380.160004,-0.000687,0.146678,-6894.613970,-99.999799
