Stock_Index,Gourujia,Predictions,Shares,True_Portfolio_Value,True_Earnings_Rate
5,131.279999,-0.000453,0.067511,-3515.396365,-100.067483
3,172.729996,-0.000093,0.084336,-4389.176853,-100.014354
8,463.589996,0.000580,0.087738,-4565.509339,-99.997700
1,399.730011,-0.000687,0.119062,-6195.869474,-100.004547
2,214.350006,-0.000740,0.121087,-6301.710123,-100.012373
7,109.459999,-0.001653,0.124220,-6463.525002,-99.994259
0,240.360001,0.000018,0.125135,-6511.968927,-100.005331
6,258.790009,-0.002086,0.133816,-6963.251237,-99.999612
4,673.700012,-0.001086,0.137094,-7134.158067,-100.003446
