Stock_Index,Gourujia,Predictions,Shares,True_Portfolio_Value,True_Earnings_Rate
5,4.430750,-0.000453,0.070460,-4938.278780,-99.561131
0,56.099998,0.000018,0.095352,-6711.668802,-99.979230
4,177.750000,-0.001086,0.109251,-7691.032277,-99.993392
8,220.110001,0.000580,0.112972,-7953.235746,-99.995952
7,66.699997,-0.001653,0.117423,-8265.308359,-99.983458
3,59.506500,-0.000093,0.119572,-8416.718567,-99.982763
6,111.820000,-0.002086,0.119891,-8439.977678,-99.993545
1,135.669998,-0.000687,0.126516,-8905.800037,-99.986168
2,85.275497,-0.000740,0.128564,-9050.140813,-99.988723
