Stock_Index,Gourujia,Predictions,Shares,True_Portfolio_Value,True_Earnings_Rate
5,3.843250,-0.000453,0.035235,-1479.342795,-98.948458
2,79.070999,-0.000740,0.076885,-3260.239238,-99.925219
0,43.560001,0.000018,0.083483,-3539.626308,-99.913380
4,135.000000,-0.001086,0.098478,-4178.628034,-99.990405
1,107.139999,-0.000687,0.116874,-4957.988655,-99.965956
3,52.613998,-0.000093,0.119672,-5074.882445,-99.929944
7,77.050003,-0.001653,0.152109,-6453.282837,-99.976630
8,271.149994,0.000580,0.155628,-6603.414122,-99.986906
6,109.720001,-0.002086,0.161636,-6858.416146,-99.989922
