Stock_Index,Gourujia,Predictions,Shares,True_Portfolio_Value,True_Earnings_Rate
5,49.521999,-0.000453,0.066723,-5355.411099,-100.000000
3,140.229996,-0.000093,0.075687,-6075.115083,-100.002751
4,358.320007,-0.001086,0.084890,-6813.830780,-100.003417
7,100.190002,-0.001653,0.106033,-8510.716310,-100.002094
8,524.900024,0.000580,0.106188,-8523.085186,-99.999431
2,153.380005,-0.000740,0.107074,-8594.765753,-100.006150
1,375.279999,-0.000687,0.135031,-10838.134412,-99.999461
0,193.580002,0.000018,0.139261,-11177.994290,-100.002810
6,170.300003,-0.002086,0.179114,-14376.398039,-100.000690
