Stock_Index,Gourujia,Predictions,Shares,True_Portfolio_Value,True_Earnings_Rate
5,98.910004,-0.000453,0.045653,-2027.450799,-99.939880
4,488.920013,-0.001086,0.075480,-3353.786993,-99.991515
2,162.770004,-0.000740,0.086615,-3848.447686,-99.988669
8,566.080017,0.000580,0.105416,-4684.335760,-99.999950
3,158.940002,-0.000093,0.115244,-5120.450635,-99.987886
6,200.399994,-0.002086,0.118768,-5277.160000,-99.990969
0,209.820007,0.000018,0.130033,-5777.781509,-99.992138
1,398.429993,-0.000687,0.153508,-6821.214350,-99.997331
7,115.680000,-0.001653,0.169284,-7521.107856,-99.983641
