Stock_Index,Gourujia,Predictions,Shares,True_Portfolio_Value,True_Earnings_Rate
6,98.930000,-0.002086,0.054646,-3175.647612,-99.946860
7,47.310001,-0.001653,0.057731,-3353.818245,-99.915484
5,8.825250,-0.000453,0.067956,-3953.950162,-100.071807
4,232.720001,-0.001086,0.093815,-5455.089800,-100.004753
8,306.309998,0.000580,0.101995,-5930.575894,-100.001025
3,72.115501,-0.000093,0.147393,-8570.377657,-100.002945
2,123.620499,-0.000740,0.155008,-9012.715145,-99.998043
0,80.834999,0.000018,0.157560,-9160.729344,-99.993208
1,184.910004,-0.000687,0.163895,-9529.537784,-99.998685
