Stock_Index,Gourujia,Predictions,Shares,True_Portfolio_Value,True_Earnings_Rate
5,48.167999,-0.000453,0.070250,-5384.791957,-100.025979
3,138.169998,-0.000093,0.081405,-6238.052042,-99.996082
4,346.290009,-0.001086,0.084620,-6484.798350,-100.001522
7,102.360001,-0.001653,0.100858,-7728.289856,-99.991826
2,149.929993,-0.000740,0.105861,-8112.907209,-100.006527
0,185.639999,0.000018,0.107432,-8233.144367,-100.004049
8,539.340027,0.000580,0.126871,-9722.462324,-99.999078
1,370.869995,-0.000687,0.138919,-10645.765444,-100.000196
6,172.080002,-0.002086,0.183785,-14084.146729,-100.002538
