Stock_Index,Gourujia,Predictions,Shares,True_Portfolio_Value,True_Earnings_Rate
5,13.530500,-0.000453,0.086034,-3663.556406,-99.927301
3,102.944000,-0.000093,0.087832,-3743.085753,-100.002480
7,47.419998,-0.001653,0.097897,-4170.092146,-99.959915
4,266.649994,-0.001086,0.099409,-4236.321534,-100.000225
0,133.940002,0.000018,0.101724,-4334.176355,-99.981013
2,165.626495,-0.000740,0.121566,-5180.386568,-99.996643
6,135.139999,-0.002086,0.125750,-5357.874951,-99.983164
1,243.000000,-0.000687,0.129200,-5505.971228,-100.001680
8,337.890015,0.000580,0.150588,-6417.833698,-100.007603
