Stock_Index,Gourujia,Predictions,Shares,True_Portfolio_Value,True_Earnings_Rate
4,182.660004,-0.001086,0.076135,-4166.429353,-99.991465
5,6.394500,-0.000453,0.085411,-4661.801665,-99.736276
0,46.840000,0.000018,0.093417,-5111.068826,-99.969678
2,80.400002,-0.000740,0.093432,-5113.324788,-99.999165
3,54.447498,-0.000093,0.098742,-5402.537629,-99.972346
1,96.940002,-0.000687,0.128967,-7057.456649,-99.989729
7,79.930000,-0.001653,0.136914,-7490.941175,-99.972291
8,229.210007,0.000580,0.141166,-7725.239302,-99.991518
6,113.410004,-0.002086,0.145816,-7979.644904,-99.993184
