Stock_Index,Gourujia,Predictions,Shares,True_Portfolio_Value,True_Earnings_Rate
5,6.315000,-0.000453,0.072068,-2577.617700,-98.941030
8,253.919998,0.000580,0.091788,-3318.244139,-99.998390
1,158.179993,-0.000687,0.104759,-3786.637718,-99.984875
0,68.379997,0.000018,0.108532,-3923.663512,-100.000856
2,94.214996,-0.000740,0.109269,-3950.257727,-100.000310
7,49.820000,-0.001653,0.114209,-4126.062327,-99.935770
4,189.750000,-0.001086,0.114307,-4132.061094,-99.992499
3,65.747498,-0.000093,0.130436,-4714.190134,-99.972149
6,121.370003,-0.002086,0.154633,-5592.204116,-100.036505
