Stock_Index,Gourujia,Predictions,Shares,True_Portfolio_Value,True_Earnings_Rate
5,29.400000,-0.000453,0.045927,-2288.484168,-99.972347
4,330.450012,-0.001086,0.090756,-4523.314374,-99.995645
0,175.639999,0.000018,0.092955,-4633.040657,-99.997929
1,333.200012,-0.000687,0.106165,-5291.499861,-99.998661
3,146.414993,-0.000093,0.124245,-6192.560943,-99.997665
7,60.990002,-0.001653,0.125615,-6260.793905,-99.999194
2,171.037003,-0.000740,0.126122,-6286.242696,-99.999892
6,156.699997,-0.002086,0.140637,-7009.511878,-99.997723
8,494.130005,0.000580,0.147577,-7355.638635,-99.999489
