Stock_Index,Gourujia,Predictions,Shares,True_Portfolio_Value,True_Earnings_Rate
5,87.039001,-0.000453,0.072385,-5343.594801,-99.953728
8,450.049988,0.000580,0.080600,-5953.076419,-100.004151
3,156.139999,-0.000093,0.082493,-6091.779691,-99.986726
4,519.830017,-0.001086,0.092867,-6858.712968,-99.998772
0,167.779999,0.000018,0.099718,-7362.952256,-99.974752
6,195.470001,-0.002086,0.127275,-9399.980517,-100.000105
2,185.949997,-0.000740,0.128875,-9517.317936,-99.991109
1,423.260010,-0.000687,0.130063,-9605.692982,-99.997408
7,122.199997,-0.001653,0.185724,-13717.023644,-100.002750
