Stock_Index,Gourujia,Predictions,Shares,True_Portfolio_Value,True_Earnings_Rate
5,103.730003,-0.000453,0.052109,-2728.553140,-99.883782
4,463.190002,-0.001086,0.067181,-3521.695427,-99.994642
3,170.289993,-0.000093,0.100014,-5242.862188,-99.995705
8,576.330017,0.000580,0.100453,-5266.111688,-100.000051
0,218.800003,0.000018,0.129103,-6767.606997,-99.993199
1,422.920013,-0.000687,0.133040,-6974.595640,-100.002569
6,215.190002,-0.002086,0.134968,-7075.799343,-100.005190
2,181.710007,-0.000740,0.135337,-7093.699897,-99.984266
7,118.169998,-0.001653,0.147796,-7747.667613,-99.996998
