Stock_Index,Gourujia,Predictions,Shares,True_Portfolio_Value,True_Earnings_Rate
5,25.634001,-0.000453,0.066406,-2348.874761,-99.634752
4,213.460007,-0.001086,0.085916,-3049.768456,-99.986779
7,83.129997,-0.001653,0.097799,-3471.844697,-99.996388
2,163.408005,-0.000740,0.100013,-3550.584511,-99.999096
6,139.779999,-0.002086,0.108222,-3841.856925,-99.995358
1,299.489990,-0.000687,0.119018,-4225.130251,-99.994899
3,138.275497,-0.000093,0.122064,-4332.772903,-99.982961
0,170.210007,0.000018,0.138762,-4925.648980,-99.986825
8,503.230011,0.000580,0.161801,-5743.997945,-99.996001
