Stock_Index,Gourujia,Predictions,Shares,True_Portfolio_Value,True_Earnings_Rate
7,50.630001,-0.001653,0.078467,-3776.413880,-99.980977
3,103.769501,-0.000093,0.081918,-3943.173669,-99.994864
5,14.263250,-0.000453,0.088645,-4256.739947,-99.757963
0,136.009995,0.000018,0.102650,-4941.584707,-100.003359
4,269.450012,-0.001086,0.102953,-4955.786325,-99.996682
2,165.250000,-0.000740,0.117754,-5668.644659,-100.003382
1,243.770004,-0.000687,0.132803,-6392.992085,-100.001602
6,139.580002,-0.002086,0.138348,-6659.701521,-99.999589
8,329.630005,0.000580,0.156463,-7531.589679,-99.996550
