Stock_Index,Gourujia,Predictions,Shares,True_Portfolio_Value,True_Earnings_Rate
5,31.503000,-0.000453,0.043502,-2620.452978,-99.816671
7,61.250000,-0.001653,0.086955,-5247.026000,-99.990962
2,175.227997,-0.000740,0.088302,-5328.425239,-99.990791
4,333.119995,-0.001086,0.097851,-5904.895898,-99.995608
3,142.182999,-0.000093,0.119586,-7215.673018,-99.983633
0,156.809998,0.000018,0.121154,-7310.511597,-99.986201
8,439.910004,0.000580,0.140297,-8466.243025,-99.993837
6,161.929993,-0.002086,0.143881,-8683.180017,-100.002675
1,329.679993,-0.000687,0.158472,-9562.987286,-99.993672
