Stock_Index,Gourujia,Predictions,Shares,True_Portfolio_Value,True_Earnings_Rate
4,212.029999,-0.001086,0.055743,-2021.877860,-99.975343
5,19.601999,-0.000453,0.066713,-2415.813531,-99.812964
2,124.253502,-0.000740,0.068045,-2468.453967,-99.989223
1,281.779999,-0.000687,0.106892,-3877.725455,-99.989820
3,117.334000,-0.000093,0.111684,-4050.555935,-99.964943
0,159.479996,0.000018,0.132938,-4821.863573,-99.974799
7,88.190002,-0.001653,0.139732,-5067.251818,-99.955745
6,123.029999,-0.002086,0.151307,-5487.999647,-99.973546
8,499.619995,0.000580,0.166946,-6056.722630,-99.996821
