Stock_Index,Gourujia,Predictions,Shares,True_Portfolio_Value,True_Earnings_Rate
5,5.199750,-0.000453,0.062497,-5449.653639,-99.707277
7,67.820000,-0.001653,0.070385,-6155.627569,-99.995441
8,274.230011,0.000580,0.077063,-6740.055650,-99.998236
0,66.572502,0.000018,0.105802,-9255.347114,-100.017589
3,65.629501,-0.000093,0.111388,-9743.526218,-100.012507
4,199.320007,-0.001086,0.112601,-9848.790415,-100.004577
1,150.389999,-0.000687,0.137726,-12046.299571,-100.003413
2,87.639503,-0.000740,0.154624,-13524.360159,-100.004736
6,130.580002,-0.002086,0.167914,-14686.819850,-100.005592
