Stock_Index,Gourujia,Predictions,Shares,True_Portfolio_Value,True_Earnings_Rate
8,281.059998,0.000580,0.052695,-4052.236867,-99.998661
5,173.500000,-0.000453,0.078821,-6060.788415,-99.989303
7,110.400002,-0.001653,0.094469,-7264.099623,-99.991507
2,231.440002,-0.000740,0.107523,-8268.418566,-99.997487
3,193.179993,-0.000093,0.111077,-8542.067858,-100.001610
6,298.619995,-0.002086,0.112482,-8650.015074,-100.000381
4,712.679993,-0.001086,0.119113,-9159.830015,-99.999029
0,213.880005,0.000018,0.141344,-10869.481686,-99.999629
1,513.710022,-0.000687,0.182476,-14032.711681,-100.000459
