Stock_Index,Gourujia,Predictions,Shares,True_Portfolio_Value,True_Earnings_Rate
5,11.593250,-0.000453,0.050327,-2639.454432,-99.336473
7,60.869999,-0.001653,0.080474,-4249.814529,-100.025568
0,116.360001,0.000018,0.094662,-4996.253149,-99.965757
4,255.309998,-0.001086,0.100037,-5280.918936,-99.984317
3,100.375000,-0.000093,0.107752,-5688.149509,-99.983825
2,147.597504,-0.000740,0.133580,-7050.938592,-99.975013
1,227.389999,-0.000687,0.134767,-7114.536091,-99.987812
6,152.910004,-0.002086,0.140371,-7411.529586,-100.004635
8,350.170013,0.000580,0.158031,-8343.611508,-99.998528
