Stock_Index,Gourujia,Predictions,Shares,True_Portfolio_Value,True_Earnings_Rate
5,126.400002,-0.000453,0.047506,-2961.924916,-100.015230
0,213.250000,0.000018,0.081127,-5057.295990,-99.998135
8,484.040009,0.000580,0.107896,-6726.073402,-99.998978
2,193.610001,-0.000740,0.111370,-6941.903090,-99.988811
7,114.410004,-0.001653,0.113214,-7057.248048,-99.996265
4,513.119995,-0.001086,0.115156,-7178.507102,-99.997569
6,197.429993,-0.002086,0.140382,-8750.765011,-99.995556
3,183.880005,-0.000093,0.141433,-8816.374480,-99.995494
1,452.160004,-0.000687,0.141916,-8846.870406,-99.999663
