Stock_Index,Gourujia,Predictions,Shares,True_Portfolio_Value,True_Earnings_Rate
5,14.458500,-0.000453,0.061362,-3762.328710,-99.969215
4,315.019989,-0.001086,0.083668,-5131.410627,-99.995001
7,60.970001,-0.001653,0.096949,-5945.174458,-99.984471
0,128.100006,0.000018,0.105880,-6493.388669,-99.990069
2,163.526993,-0.000740,0.119122,-7305.679538,-99.993337
8,412.500000,0.000580,0.127344,-7810.382805,-99.998553
6,157.520004,-0.002086,0.131246,-8048.727569,-99.987351
3,115.738503,-0.000093,0.132186,-8106.817001,-99.991613
1,246.470001,-0.000687,0.142243,-8723.853999,-99.994669
