Stock_Index,Gourujia,Predictions,Shares,True_Portfolio_Value,True_Earnings_Rate
4,239.000000,-0.001086,0.080589,-3597.097696,-99.998724
6,97.650002,-0.002086,0.088614,-3955.041913,-99.994144
7,42.660000,-0.001653,0.098540,-4394.908051,-99.923775
5,10.052250,-0.000453,0.101151,-4500.478926,-99.683699
2,155.199997,-0.000740,0.104526,-4665.784536,-100.004165
3,75.611504,-0.000093,0.116636,-5205.741730,-99.992474
8,299.709991,0.000580,0.128333,-5727.710527,-99.990334
1,207.070007,-0.000687,0.137665,-6144.606372,-99.997024
0,95.477501,0.000018,0.143947,-6424.087717,-99.982810
