Stock_Index,Gourujia,Predictions,Shares,True_Portfolio_Value,True_Earnings_Rate
5,6.859500,-0.000453,0.060738,-5638.295804,-99.783247
4,176.259995,-0.001086,0.068881,-6408.515936,-100.001160
0,54.924999,0.000018,0.072171,-6712.840827,-99.973019
7,80.279999,-0.001653,0.111526,-10374.981708,-99.991033
2,96.640999,-0.000740,0.118036,-10977.925018,-99.965629
3,62.292999,-0.000093,0.120784,-11234.753035,-99.975969
1,110.260002,-0.000687,0.136248,-12674.273055,-99.985637
6,116.139999,-0.002086,0.139159,-12947.145061,-100.002822
8,268.510010,0.000580,0.172457,-16044.911355,-99.999321
