Stock_Index,Gourujia,Predictions,Shares,True_Portfolio_Value,True_Earnings_Rate
5,15.858000,-0.000453,0.075736,-2505.678985,-100.007958
4,172.190002,-0.001086,0.079201,-2620.277601,-100.004435
2,116.330002,-0.000740,0.087103,-2881.771973,-100.005858
7,85.940002,-0.001653,0.094239,-3117.581809,-99.998106
3,118.782997,-0.000093,0.108203,-3579.505239,-99.995966
0,146.350006,0.000018,0.123346,-4080.495520,-99.996786
1,268.399994,-0.000687,0.128464,-4249.981056,-100.001029
8,514.380005,0.000580,0.146770,-4855.495450,-99.998400
6,114.720001,-0.002086,0.156937,-5191.956891,-100.002740
