Stock_Index,Gourujia,Predictions,Shares,True_Portfolio_Value,True_Earnings_Rate
8,498.500000,0.000580,0.050122,-3690.058390,-100.005293
3,196.660004,-0.000093,0.056012,-4123.640507,-100.003216
5,132.000000,-0.000453,0.056934,-4191.753820,-100.009297
2,232.929993,-0.000740,0.088040,-6481.499481,-100.003293
4,624.239990,-0.001086,0.093448,-6879.517123,-100.001237
7,108.470001,-0.001653,0.122588,-9024.872923,-100.003918
1,451.589996,-0.000687,0.154066,-11341.863806,-99.998597
6,239.580002,-0.002086,0.156942,-11553.867720,-100.002131
0,251.039993,0.000018,0.221848,-16331.402335,-99.996147
