Stock_Index,Gourujia,Predictions,Shares,True_Portfolio_Value,True_Earnings_Rate
5,3.661250,-0.000453,0.040223,-2185.678846,-99.133605
4,165.789993,-0.001086,0.063685,-3491.304827,-100.002735
2,79.550003,-0.000740,0.075048,-4112.616668,-99.963395
0,42.357498,0.000018,0.088642,-4858.393456,-99.979743
3,55.105999,-0.000093,0.107511,-5891.343938,-99.958556
1,105.250000,-0.000687,0.108392,-5941.193956,-99.985309
8,257.140015,0.000580,0.134276,-7360.419948,-99.990498
7,74.099998,-0.001653,0.157182,-8614.579565,-99.976529
6,100.879997,-0.002086,0.225042,-12334.571484,-99.983241
