Stock_Index,Gourujia,Predictions,Shares,True_Portfolio_Value,True_Earnings_Rate
5,3.967250,-0.000453,0.042342,-2378.080429,-100.253831
4,164.619995,-0.001086,0.064417,-3609.207324,-100.001811
2,81.650002,-0.000740,0.080453,-4507.502759,-99.997453
0,43.557499,0.000018,0.100679,-5640.821572,-99.998683
1,111.589996,-0.000687,0.112764,-6317.556379,-99.993838
3,55.866501,-0.000093,0.120248,-6736.767599,-99.992518
8,264.600006,0.000580,0.147648,-8272.712624,-100.002321
7,78.500000,-0.001653,0.150434,-8428.187257,-99.997406
6,106.099998,-0.002086,0.181016,-10142.586629,-100.007223
