Stock_Index,Gourujia,Predictions,Shares,True_Portfolio_Value,True_Earnings_Rate
5,22.636000,-0.000453,0.054121,-4338.216019,-99.989863
7,55.770000,-0.001653,0.072973,-5851.027117,-100.019720
8,418.760010,0.000580,0.103164,-8270.454909,-100.000262
6,163.050003,-0.002086,0.110085,-8825.971448,-100.009897
4,372.630005,-0.001086,0.111305,-8922.500787,-99.994278
0,148.600006,0.000018,0.125234,-10037.690847,-99.979836
1,299.720001,-0.000687,0.133643,-10713.332517,-99.995720
2,167.481506,-0.000740,0.137052,-10985.658862,-99.987312
3,144.003998,-0.000093,0.152422,-12218.929150,-99.997177
