Stock_Index,Gourujia,Predictions,Shares,True_Portfolio_Value,True_Earnings_Rate
5,15.982000,-0.000453,0.073479,-2475.910029,-100.174678
4,160.679993,-0.001086,0.076448,-2571.195707,-99.987500
2,107.400002,-0.000740,0.084345,-2836.778886,-99.986915
7,91.500000,-0.001653,0.094379,-3175.936822,-100.041136
3,112.007500,-0.000093,0.111877,-3763.360272,-100.002442
0,137.440002,0.000018,0.120917,-4066.974395,-99.990585
1,256.480011,-0.000687,0.129402,-4352.510404,-99.994296
8,508.440002,0.000580,0.146210,-4918.003227,-99.997208
6,115.820000,-0.002086,0.162942,-5481.088173,-100.003885
