Stock_Index,Gourujia,Predictions,Shares,True_Portfolio_Value,True_Earnings_Rate
5,126.360001,-0.000453,0.050926,-3010.048736,-100.054238
4,489.790009,-0.001086,0.079528,-4698.644854,-100.011930
8,548.869995,0.000580,0.080389,-4748.579619,-99.992072
2,193.020004,-0.000740,0.104933,-6199.687279,-100.013845
0,234.820007,0.000018,0.112947,-6673.009018,-100.010911
3,183.919998,-0.000093,0.120526,-7120.629716,-100.008641
6,213.619995,-0.002086,0.149029,-8803.078858,-99.992932
1,449.519989,-0.000687,0.150470,-8889.193988,-100.002989
7,116.040001,-0.001653,0.151251,-8933.894268,-99.988199
