Stock_Index,Gourujia,Predictions,Shares,True_Portfolio_Value,True_Earnings_Rate
6,239.289993,-0.002086,0.068904,-3570.962895,-99.999529
8,625.250000,0.000580,0.076415,-3960.374870,-100.002729
5,145.259995,-0.000453,0.076654,-3972.101266,-99.985788
2,206.839996,-0.000740,0.096131,-4981.815904,-99.995186
4,583.169983,-0.001086,0.109099,-5654.111120,-99.999516
1,418.010010,-0.000687,0.112482,-5829.290060,-99.997144
3,180.350006,-0.000093,0.126793,-6570.909681,-99.996109
7,120.470001,-0.001653,0.159524,-8267.423998,-100.000827
0,224.229996,0.000018,0.174000,-9017.703421,-100.000000
