Stock_Index,Gourujia,Predictions,Shares,True_Portfolio_Value,True_Earnings_Rate
5,144.169998,-0.000453,0.082434,-5836.720942,-99.982283
4,698.530029,-0.001086,0.084184,-5961.540269,-99.997226
3,165.190002,-0.000093,0.086175,-6102.354302,-99.994237
0,201.500000,0.000018,0.102021,-7225.139562,-100.002964
8,300.679993,0.000580,0.105154,-7446.362971,-99.994580
7,111.739998,-0.001653,0.107640,-7624.846349,-100.027654
2,208.470001,-0.000740,0.111414,-7889.288221,-99.990206
6,278.269989,-0.002086,0.154411,-10934.554978,-99.996159
1,486.000000,-0.000687,0.166569,-11795.826196,-99.998267
