Stock_Index,Gourujia,Predictions,Shares,True_Portfolio_Value,True_Earnings_Rate
5,94.309998,-0.000453,0.071742,-2608.214070,-99.963206
4,504.730011,-0.001086,0.082066,-2984.532530,-99.995529
0,188.380005,0.000018,0.085423,-3107.372080,-100.019867
6,210.279999,-0.002086,0.093143,-3387.160224,-99.990684
2,171.000000,-0.000740,0.093437,-3397.699373,-99.985610
7,104.339996,-0.001653,0.112235,-4082.339651,-100.012947
3,145.600006,-0.000093,0.114777,-4174.126023,-99.994597
1,359.839996,-0.000687,0.161631,-5878.443049,-100.001533
8,525.049988,0.000580,0.185547,-6748.197694,-100.000127
