Stock_Index,Gourujia,Predictions,Shares,True_Portfolio_Value,True_Earnings_Rate
5,11.670000,-0.000453,0.070969,-2677.106546,-100.061902
4,133.789993,-0.001086,0.089408,-3371.708165,-100.029921
7,98.839996,-0.001653,0.094496,-3562.789582,-100.008635
2,113.669998,-0.000740,0.096607,-3642.503984,-100.011373
0,140.419998,0.000018,0.108677,-4097.479541,-100.007341
1,229.250000,-0.000687,0.116593,-4395.933051,-100.007368
3,97.860001,-0.000093,0.123179,-4644.242051,-100.007125
6,104.989998,-0.002086,0.127123,-4793.840301,-100.027893
8,498.859985,0.000580,0.172948,-6520.224123,-99.999619
