Stock_Index,Gourujia,Predictions,Shares,True_Portfolio_Value,True_Earnings_Rate
5,14.523000,-0.000453,0.078776,-2684.067719,-99.794025
4,160.029999,-0.001086,0.079997,-2730.532736,-99.968923
2,109.559998,-0.000740,0.086544,-2953.946338,-99.967752
7,87.550003,-0.001653,0.089064,-3042.031723,-100.036318
3,108.737503,-0.000093,0.114039,-3892.239341,-99.962501
0,138.929993,0.000018,0.116852,-3989.234404,-99.986501
1,259.579987,-0.000687,0.124691,-4257.183538,-99.995177
8,517.400024,0.000580,0.147356,-5031.528514,-100.004597
6,114.050003,-0.002086,0.162681,-5555.025922,-100.011063
