Stock_Index,Gourujia,Predictions,Shares,True_Portfolio_Value,True_Earnings_Rate
5,4.489000,-0.000453,0.055344,-3678.116469,-99.665079
8,247.259995,0.000580,0.084502,-5635.592136,-100.002823
4,166.690002,-0.001086,0.088975,-5933.247110,-99.992809
2,89.037498,-0.000740,0.100074,-6672.441259,-99.979105
0,47.487499,0.000018,0.105654,-7045.006252,-99.985747
3,58.844501,-0.000093,0.127775,-8518.582744,-99.968398
6,101.230003,-0.002086,0.131545,-8769.652713,-99.967272
1,117.940002,-0.000687,0.134000,-8935.682057,-99.992271
7,80.800003,-0.001653,0.172131,-11477.485310,-99.985836
