Stock_Index,Gourujia,Predictions,Shares,True_Portfolio_Value,True_Earnings_Rate
4,233.809998,-0.001086,0.061087,-3165.504232,-99.990861
2,110.260002,-0.000740,0.084674,-4387.793691,-99.992301
5,28.340000,-0.000453,0.090065,-4663.952333,-99.924490
1,308.970001,-0.000687,0.098468,-5103.022325,-99.999487
3,117.510002,-0.000093,0.101383,-5254.496385,-100.007273
7,105.779999,-0.001653,0.112522,-5831.693774,-100.006367
0,172.570007,0.000018,0.139930,-7251.940516,-100.001681
6,134.100006,-0.002086,0.149044,-7723.547830,-99.993743
8,491.230011,0.000580,0.162827,-8438.564609,-100.001819
