Stock_Index,Gourujia,Predictions,Shares,True_Portfolio_Value,True_Earnings_Rate
5,133.229996,-0.000453,0.062031,-3685.993649,-100.008328
8,541.140015,0.000580,0.081774,-4858.760853,-99.999114
4,608.330017,-0.001086,0.093109,-5532.469413,-100.003849
2,218.460007,-0.000740,0.102151,-6069.613486,-100.001469
3,191.009995,-0.000093,0.102933,-6116.250005,-100.003713
0,234.399994,0.000018,0.130614,-7760.895103,-100.002043
6,244.210007,-0.002086,0.131442,-7809.463327,-99.994570
1,417.190002,-0.000687,0.141645,-8416.229421,-100.000875
7,109.290001,-0.001653,0.154301,-9167.658564,-99.996407
