Stock_Index,Gourujia,Predictions,Shares,True_Portfolio_Value,True_Earnings_Rate
4,287.380005,-0.001086,0.082464,-2873.606433,-99.991271
8,354.559998,0.000580,0.101580,-3540.061689,-100.000127
0,114.949997,0.000018,0.102330,-3565.101885,-99.969658
5,13.794250,-0.000453,0.103331,-3594.137758,-99.810289
2,162.057999,-0.000740,0.105151,-3663.941712,-99.984798
7,33.230000,-0.001653,0.108959,-3797.238071,-100.005439
3,87.292503,-0.000093,0.113096,-3940.934754,-99.989127
1,216.389999,-0.000687,0.135390,-4717.634195,-99.985494
6,100.250000,-0.002086,0.147698,-5145.076739,-99.960016
