Stock_Index,Gourujia,Predictions,Shares,True_Portfolio_Value,True_Earnings_Rate
5,25.242001,-0.000453,0.067989,-2868.063370,-100.208480
3,148.000000,-0.000093,0.092704,-3903.497778,-100.022796
4,323.000000,-0.001086,0.099441,-4190.146537,-100.094858
2,150.612503,-0.000740,0.102204,-4304.836390,-100.054012
0,175.839996,0.000018,0.114457,-4818.820204,-100.009589
6,149.940002,-0.002086,0.117009,-4925.995891,-100.005538
1,313.459991,-0.000687,0.119455,-5029.371409,-100.012675
7,80.620003,-0.001653,0.128648,-5416.408142,-100.014547
8,479.779999,0.000580,0.158093,-6655.054944,-99.996131
