Stock_Index,Gourujia,Predictions,Shares,True_Portfolio_Value,True_Earnings_Rate
0,44.345001,0.000018,0.070369,-4512.786186,-99.988334
5,3.508500,-0.000453,0.074700,-4802.464066,-100.250907
2,90.959503,-0.000740,0.100454,-6442.919066,-100.001736
3,55.997002,-0.000093,0.100797,-6464.685302,-99.997658
4,182.190002,-0.001086,0.102787,-6592.283609,-99.997535
1,124.940002,-0.000687,0.110109,-7061.684822,-99.994955
8,242.399994,0.000580,0.116626,-7479.933348,-99.998132
6,108.220001,-0.002086,0.152581,-9786.945818,-100.009958
7,72.160004,-0.001653,0.171577,-11004.670517,-100.003654
