Stock_Index,Gourujia,Predictions,Shares,True_Portfolio_Value,True_Earnings_Rate
5,3.847250,-0.000453,0.066663,-4081.717431,-99.272176
3,58.795502,-0.000093,0.068393,-4217.020844,-99.956758
0,49.759998,0.000018,0.091074,-5615.514589,-99.956157
8,246.449997,0.000580,0.091783,-5661.589823,-99.998078
4,185.149994,-0.001086,0.111474,-6875.283843,-99.985579
1,135.279999,-0.000687,0.122269,-7540.701468,-99.980533
6,108.029999,-0.002086,0.123233,-7600.385812,-99.984451
2,89.669998,-0.000740,0.145499,-8972.901138,-99.975710
7,70.500000,-0.001653,0.179613,-11075.121828,-99.962671
