Stock_Index,Gourujia,Predictions,Shares,True_Portfolio_Value,True_Earnings_Rate
5,6.960500,-0.000453,0.057124,-5409.509661,-100.297179
4,167.179993,-0.001086,0.086657,-8183.801218,-100.016873
2,99.740997,-0.000740,0.089281,-8431.733304,-100.018520
1,108.489998,-0.000687,0.098676,-9317.059128,-99.997878
3,59.955002,-0.000093,0.100002,-9444.505708,-100.021151
7,81.360001,-0.001653,0.114712,-10832.717097,-100.013672
0,56.717499,0.000018,0.139851,-13209.160009,-100.029545
6,114.589996,-0.002086,0.140230,-13241.291105,-100.003740
8,267.640015,0.000580,0.173466,-16378.852205,-99.997204
