Stock_Index,Gourujia,Predictions,Shares,True_Portfolio_Value,True_Earnings_Rate
7,36.080002,-0.001653,0.089142,-2694.353570,-99.844653
5,13.297000,-0.000453,0.089741,-2713.376126,-99.877564
4,276.950012,-0.001086,0.091535,-2771.044487,-99.997389
6,114.080002,-0.002086,0.093504,-2829.975062,-99.975601
2,156.440506,-0.000740,0.114630,-3470.265371,-99.999541
8,355.670013,0.000580,0.119880,-3629.187785,-99.999092
0,119.260002,0.000018,0.129034,-3906.081094,-99.992720
3,88.612999,-0.000093,0.132841,-4021.548220,-99.998873
1,216.509995,-0.000687,0.139693,-4228.977430,-99.998467
