Stock_Index,Gourujia,Predictions,Shares,True_Portfolio_Value,True_Earnings_Rate
8,418.640015,0.000580,0.072235,-1594.217442,-99.999225
5,111.010002,-0.000453,0.079488,-1754.642720,-100.018694
0,209.279999,0.000018,0.089647,-1978.491236,-99.998040
4,547.270020,-0.001086,0.093121,-2055.163803,-99.999177
2,188.990005,-0.000740,0.102832,-2269.582587,-100.003624
6,243.550003,-0.002086,0.127194,-2807.178511,-100.000557
3,161.960007,-0.000093,0.138288,-3052.187583,-100.005168
1,391.850006,-0.000687,0.147993,-3266.246684,-100.000450
7,108.570000,-0.001653,0.149202,-3292.848827,-99.999491
