Stock_Index,Gourujia,Predictions,Shares,True_Portfolio_Value,True_Earnings_Rate
5,90.615997,-0.000453,0.067371,-4788.211893,-100.029998
8,441.720001,0.000580,0.082295,-5847.285411,-100.001295
3,159.410004,-0.000093,0.084123,-5977.478841,-100.006646
0,175.039993,0.000018,0.085287,-6059.469368,-99.995093
4,523.159973,-0.001086,0.097738,-6944.679033,-100.004159
2,189.050003,-0.000740,0.128942,-9162.238772,-100.008234
1,427.929993,-0.000687,0.132275,-9398.586630,-100.003316
6,195.429993,-0.002086,0.133689,-9501.921629,-100.034214
7,121.790001,-0.001653,0.188279,-13378.610650,-100.009630
