Stock_Index,Gourujia,Predictions,Shares,True_Portfolio_Value,True_Earnings_Rate
5,12.413000,-0.000453,0.065348,-2969.223914,-99.793053
4,134.399994,-0.001086,0.074979,-3412.641257,-99.961119
2,114.410004,-0.000740,0.092886,-4228.181206,-99.972921
0,151.759995,0.000018,0.105555,-4806.620550,-100.008390
7,85.739998,-0.001653,0.106176,-4832.420889,-99.958313
3,97.500000,-0.000093,0.120410,-5481.163049,-99.973520
1,236.410004,-0.000687,0.131318,-5978.789312,-99.991743
6,105.849998,-0.002086,0.138550,-6307.260694,-99.981091
8,508.369995,0.000580,0.164779,-7502.718233,-99.997856
