Stock_Index,Gourujia,Predictions,Shares,True_Portfolio_Value,True_Earnings_Rate
5,61.617001,-0.000453,0.067093,-5072.558639,-100.015509
8,493.399994,0.000580,0.081781,-6181.814150,-99.996014
0,194.169998,0.000018,0.092702,-7007.973862,-100.004663
4,393.179993,-0.001086,0.093673,-7080.992133,-99.999380
7,102.129997,-0.001653,0.100672,-7609.332679,-99.991694
2,157.750000,-0.000740,0.106933,-8082.911546,-99.994518
3,151.869995,-0.000093,0.115966,-8766.144070,-99.998614
1,404.869995,-0.000687,0.162448,-12279.991754,-100.000574
6,172.940002,-0.002086,0.178732,-13511.053351,-100.002211
