Stock_Index,Gourujia,Predictions,Shares,True_Portfolio_Value,True_Earnings_Rate
5,6.945250,-0.000453,0.057433,-5631.466072,-99.852016
4,177.639999,-0.001086,0.070338,-6907.856556,-100.006086
2,100.119003,-0.000740,0.096636,-9489.582274,-99.994861
3,62.722000,-0.000093,0.106568,-10468.496506,-100.029037
7,80.510002,-0.001653,0.110385,-10840.634800,-100.005257
1,111.949997,-0.000687,0.124084,-12185.220120,-99.996973
6,115.190002,-0.002086,0.132946,-13056.239838,-100.004609
0,56.257500,0.000018,0.133200,-13078.155663,-99.979580
8,268.390015,0.000580,0.168411,-16538.790455,-99.999903
