Stock_Index,Gourujia,Predictions,Shares,True_Portfolio_Value,True_Earnings_Rate
5,128.440002,-0.000453,0.049183,-3000.081450,-100.012712
4,496.160004,-0.001086,0.077654,-4736.254850,-100.002604
2,192.720001,-0.000740,0.101529,-6192.232743,-99.999193
8,515.369995,0.000580,0.102249,-6235.472099,-99.987780
0,234.399994,0.000018,0.107417,-6551.367889,-99.999236
3,186.529999,-0.000093,0.120536,-7352.114524,-100.007554
7,115.209999,-0.001653,0.143379,-8744.119933,-99.993769
6,210.050003,-0.002086,0.148608,-9062.885564,-99.991977
1,453.959991,-0.000687,0.149445,-9114.943720,-100.002165
