Stock_Index,Gourujia,Predictions,Shares,True_Portfolio_Value,True_Earnings_Rate
5,45.509998,-0.000453,0.067205,-5809.436203,-99.949596
2,144.839996,-0.000740,0.090125,-7793.963127,-99.990344
4,320.019989,-0.001086,0.090561,-7832.558858,-100.001694
1,369.140015,-0.000687,0.093939,-8124.422516,-99.997531
3,129.270004,-0.000093,0.097306,-8414.927859,-99.989775
7,102.430000,-0.001653,0.114942,-9942.889331,-100.019154
8,548.280029,0.000580,0.121403,-10499.893601,-99.999343
0,189.429993,0.000018,0.134761,-11653.974382,-99.988996
6,157.990005,-0.002086,0.189756,-16411.431461,-100.000080
