Stock_Index,Gourujia,Predictions,Shares,True_Portfolio_Value,True_Earnings_Rate
5,3.808750,-0.000453,0.067709,-4060.319891,-99.735935
3,58.554001,-0.000093,0.069636,-4187.106986,-99.992971
0,49.250000,0.000018,0.093505,-5621.603306,-99.979082
8,248.279999,0.000580,0.094329,-5672.469891,-100.002980
4,184.509995,-0.001086,0.108900,-6548.327956,-99.998123
1,134.690002,-0.000687,0.123718,-7439.297095,-99.996755
6,110.430000,-0.002086,0.135035,-8121.539818,-100.019898
2,89.391502,-0.000740,0.139808,-8406.752498,-99.996520
7,70.959999,-0.001653,0.167360,-10064.599547,-100.009165
