Stock_Index,Gourujia,Predictions,Shares,True_Portfolio_Value,True_Earnings_Rate
5,6.647250,-0.000453,0.074529,-2401.914476,-98.981749
8,261.399994,0.000580,0.087578,-2850.550994,-99.961045
0,72.330002,0.000018,0.093532,-3043.641307,-99.937314
1,164.509995,-0.000687,0.097585,-3176.793802,-99.978082
7,51.299999,-0.001653,0.105547,-3435.219824,-99.957900
6,116.959999,-0.002086,0.131755,-4289.184719,-99.979131
4,185.889999,-0.001086,0.132792,-4323.148011,-99.983275
3,66.886002,-0.000093,0.134205,-4367.799746,-99.951745
2,95.449501,-0.000740,0.142477,-4637.555013,-99.963945
