Stock_Index,Gourujia,Predictions,Shares,True_Portfolio_Value,True_Earnings_Rate
5,45.750999,-0.000453,0.064110,-3575.617641,-99.990275
3,130.250000,-0.000093,0.068428,-3816.694462,-99.995768
2,139.740005,-0.000740,0.068632,-3827.622554,-99.984950
4,315.799988,-0.001086,0.082594,-4606.849052,-99.996986
7,105.870003,-0.001653,0.108442,-6049.595136,-100.014928
1,356.529999,-0.000687,0.118953,-6634.859855,-99.996871
6,144.080002,-0.002086,0.141463,-7890.549664,-100.000337
0,179.229996,0.000018,0.153336,-8552.232223,-99.991995
8,533.460022,0.000580,0.194040,-10823.147610,-99.998471
