Stock_Index,Gourujia,Predictions,Shares,True_Portfolio_Value,True_Earnings_Rate
5,4.910000,-0.000453,0.083416,-1302.649537,-97.943230
6,88.360001,-0.002086,0.087749,-1398.247258,-99.932867
8,225.039993,0.000580,0.096494,-1538.109772,-99.963655
1,135.419998,-0.000687,0.097546,-1554.527330,-99.941573
0,60.552502,0.000018,0.101191,-1612.405301,-99.928936
4,146.009995,-0.001086,0.116080,-1850.664025,-99.984189
7,34.490002,-0.001653,0.124733,-1985.109075,-99.811249
3,53.650002,-0.000093,0.127341,-2028.978901,-99.923324
2,84.457497,-0.000740,0.165449,-2636.048767,-99.919596
