Stock_Index,Gourujia,Predictions,Shares,True_Portfolio_Value,True_Earnings_Rate
5,6.133250,-0.000453,0.065428,-4115.315376,-99.708211
4,185.229996,-0.001086,0.095785,-6042.866987,-100.001372
3,58.042000,-0.000093,0.101670,-6413.629513,-99.992462
0,44.994999,0.000018,0.113291,-7145.676651,-99.978617
8,225.429993,0.000580,0.119984,-7569.867600,-100.005265
1,96.540001,-0.000687,0.120962,-7630.951769,-99.997535
6,118.040001,-0.002086,0.122028,-7698.490084,-100.002732
7,74.559998,-0.001653,0.127519,-8043.676045,-99.987823
2,78.944504,-0.000740,0.133334,-8410.297967,-99.984451
