Stock_Index,Gourujia,Predictions,Shares,True_Portfolio_Value,True_Earnings_Rate
5,4.663250,-0.000453,0.068062,-4751.217437,-98.897582
4,183.279999,-0.001086,0.100441,-7089.171890,-99.983550
0,58.967499,0.000018,0.102354,-7225.734085,-100.003959
7,69.180000,-0.001653,0.113618,-8019.996299,-99.994994
6,116.449997,-0.002086,0.117376,-8283.575775,-99.974499
1,139.550003,-0.000687,0.120688,-8518.766060,-99.989702
8,220.589996,0.000580,0.121316,-8560.964298,-99.964440
3,60.888500,-0.000093,0.123460,-8712.464007,-99.967326
2,86.821503,-0.000740,0.132684,-9364.484442,-99.979651
