Stock_Index,Gourujia,Predictions,Shares,True_Portfolio_Value,True_Earnings_Rate
5,39.327000,-0.000453,0.028817,-1846.609396,-100.010107
3,124.669998,-0.000093,0.094141,-6031.446025,-99.991425
2,124.250000,-0.000740,0.094570,-6059.037625,-99.993227
7,105.760002,-0.001653,0.104301,-6683.166968,-100.004211
1,335.399994,-0.000687,0.119523,-7658.264311,-99.999520
0,180.949997,0.000018,0.122649,-7858.927829,-100.004200
6,140.470001,-0.002086,0.129386,-8290.714902,-100.007028
4,272.609985,-0.001086,0.129495,-8297.355827,-100.001645
8,499.579987,0.000580,0.177118,-11348.693804,-100.000558
