Stock_Index,Gourujia,Predictions,Shares,True_Portfolio_Value,True_Earnings_Rate
5,21.504000,-0.000453,0.050229,-2371.151638,-99.851244
4,214.139999,-0.001086,0.081872,-3870.651437,-99.998150
2,150.787506,-0.000740,0.101364,-4791.306633,-99.979416
7,85.599998,-0.001653,0.112296,-5308.195440,-99.983602
1,282.059998,-0.000687,0.113084,-5346.041371,-99.993079
3,127.714500,-0.000093,0.115149,-5443.301520,-99.986751
6,131.539993,-0.002086,0.128342,-6069.200695,-100.024908
0,167.660004,0.000018,0.130059,-6148.349143,-99.990331
8,533.710022,0.000580,0.167606,-7924.030728,-99.998849
