Stock_Index,Gourujia,Predictions,Shares,True_Portfolio_Value,True_Earnings_Rate
5,6.551250,-0.000453,0.068489,-2749.584523,-99.677240
8,263.390015,0.000580,0.084338,-3397.066804,-100.000563
4,196.770004,-0.001086,0.101523,-4089.173382,-99.998891
0,72.019997,0.000018,0.108550,-4371.334862,-99.978146
2,98.637001,-0.000740,0.110216,-4439.187622,-99.996486
1,168.070007,-0.000687,0.117437,-4729.851148,-99.992612
7,54.200001,-0.001653,0.117558,-4736.904716,-100.040960
3,69.316002,-0.000093,0.138818,-5591.195622,-99.995688
6,126.260002,-0.002086,0.153071,-6165.274794,-99.997620
