Stock_Index,Gourujia,Predictions,Shares,True_Portfolio_Value,True_Earnings_Rate
5,4.219000,-0.000453,0.061542,-3015.960423,-98.505953
0,52.297501,0.000018,0.099431,-4945.319344,-99.962975
4,187.139999,-0.001086,0.108728,-5409.132083,-99.989370
6,109.870003,-0.002086,0.114853,-5713.207951,-99.979522
8,226.729996,0.000580,0.118572,-5899.231653,-99.994471
1,137.630005,-0.000687,0.119891,-5964.367524,-99.987335
7,69.290001,-0.001653,0.119939,-5966.199607,-99.979731
3,59.113499,-0.000093,0.126386,-6285.629675,-99.957721
2,90.030998,-0.000740,0.130658,-6499.197840,-99.975535
