Stock_Index,Gourujia,Predictions,Shares,True_Portfolio_Value,True_Earnings_Rate
8,237.449997,0.000580,0.053155,-4361.868617,-100.007841
5,4.483250,-0.000453,0.067312,-5511.134377,-99.793245
4,194.779999,-0.001086,0.077750,-6379.778439,-100.003650
6,116.120003,-0.002086,0.085976,-7054.471359,-100.000519
7,79.970001,-0.001653,0.110646,-9078.151613,-99.995162
2,96.921501,-0.000740,0.128630,-10555.051104,-100.006359
1,129.770004,-0.000687,0.143283,-11756.107624,-99.995087
0,51.152500,0.000018,0.157285,-12910.622436,-100.038012
3,64.809998,-0.000093,0.175964,-14455.685891,-100.120325
