Stock_Index,Gourujia,Predictions,Shares,True_Portfolio_Value,True_Earnings_Rate
4,316.230011,-0.001086,0.075083,-4413.152026,-99.991710
5,14.991750,-0.000453,0.076565,-4488.351166,-99.729586
7,58.919998,-0.001653,0.084327,-4955.831072,-99.980240
3,114.706497,-0.000093,0.108680,-6386.858143,-99.974937
0,125.430000,0.000018,0.110033,-6467.336335,-99.989455
2,160.154007,-0.000740,0.112160,-6592.480097,-99.991883
1,245.169998,-0.000687,0.120575,-7087.023009,-99.990772
6,162.660004,-0.002086,0.145551,-8555.415001,-99.996683
8,411.630005,0.000580,0.167026,-9818.255654,-100.000402
