Stock_Index,Gourujia,Predictions,Shares,True_Portfolio_Value,True_Earnings_Rate
5,15.209000,-0.000453,0.072979,-4226.049745,-99.799679
4,311.540009,-0.001086,0.091784,-5325.909262,-100.001839
7,55.500000,-0.001653,0.101163,-5869.493472,-99.993195
0,131.240005,0.000018,0.104526,-6064.112378,-99.981701
1,255.910004,-0.000687,0.116342,-6750.538437,-99.996080
3,112.231003,-0.000093,0.117796,-6834.904278,-99.996114
2,168.969498,-0.000740,0.120595,-6997.319405,-99.996402
6,155.949997,-0.002086,0.133144,-7726.245009,-100.007694
8,376.279999,0.000580,0.141672,-8220.738965,-100.001260
