Stock_Index,Gourujia,Predictions,Shares,True_Portfolio_Value,True_Earnings_Rate
5,20.716000,-0.000453,0.081096,-5201.536951,-99.993945
7,58.820000,-0.001653,0.083914,-5379.355975,-99.940082
4,339.390015,-0.001086,0.098118,-6293.604182,-99.996874
6,163.690002,-0.002086,0.105803,-6785.813046,-99.987295
0,141.500000,0.000018,0.116103,-7447.094127,-99.994280
8,390.739990,0.000580,0.121446,-7790.135558,-99.998895
3,133.675995,-0.000093,0.124544,-7987.648061,-99.984125
1,281.920013,-0.000687,0.127177,-8157.105362,-99.991079
2,164.251999,-0.000740,0.141799,-9095.736843,-100.000330
