Stock_Index,Gourujia,Predictions,Shares,True_Portfolio_Value,True_Earnings_Rate
5,13.647000,-0.000453,0.047070,-2449.497551,-100.098381
4,160.320007,-0.001086,0.073110,-3801.262806,-100.006964
2,127.510002,-0.000740,0.095367,-4958.571972,-100.008658
3,107.849998,-0.000093,0.100232,-5211.562047,-100.008985
7,95.589996,-0.001653,0.105644,-5492.769862,-100.007028
6,113.709999,-0.002086,0.126431,-6573.063676,-99.999768
0,155.809998,0.000018,0.127527,-6630.560619,-100.005294
1,256.059998,-0.000687,0.133769,-6954.991520,-100.004309
8,516.349976,0.000580,0.190852,-9922.447984,-99.999502
