Stock_Index,Gourujia,Predictions,Shares,True_Portfolio_Value,True_Earnings_Rate
5,48.508999,-0.000453,0.045175,-3074.010374,-99.998343
4,296.380005,-0.001086,0.081627,-5554.277976,-99.995735
7,113.519997,-0.001653,0.104779,-7129.860776,-99.999922
2,138.119995,-0.000740,0.104875,-7136.765010,-100.004469
3,135.660004,-0.000093,0.107191,-7294.084492,-99.999403
0,189.460007,0.000018,0.112790,-7675.036761,-99.999332
8,476.239990,0.000580,0.140197,-9539.925988,-99.997995
1,328.660004,-0.000687,0.145526,-9902.240255,-99.995506
6,146.820007,-0.002086,0.157840,-10741.286646,-100.007557
