Stock_Index,Gourujia,Predictions,Shares,True_Portfolio_Value,True_Earnings_Rate
5,76.199997,-0.000453,0.049620,-3120.699741,-99.944066
8,501.130005,0.000580,0.068723,-4324.740984,-100.003982
6,185.800003,-0.002086,0.088368,-5560.125310,-99.989643
4,481.070007,-0.001086,0.091546,-5760.718181,-99.999715
0,165.000000,0.000018,0.109292,-6877.268370,-99.996922
3,154.089996,-0.000093,0.112502,-7078.801251,-99.990841
2,174.630005,-0.000740,0.129639,-8157.104903,-99.991537
1,399.119995,-0.000687,0.163818,-10308.460482,-99.998848
7,119.879997,-0.001653,0.186491,-11734.673338,-99.995282
