Stock_Index,Gourujia,Predictions,Shares,True_Portfolio_Value,True_Earnings_Rate
2,96.320999,-0.000740,0.082132,-6478.073823,-99.990409
5,6.799500,-0.000453,0.084081,-6652.740566,-100.311495
4,163.059998,-0.001086,0.090053,-7102.723754,-99.988967
0,54.592499,0.000018,0.095296,-7516.129928,-99.986128
3,58.713501,-0.000093,0.111963,-8829.711341,-99.975091
1,111.699997,-0.000687,0.114725,-9048.367737,-99.985136
8,265.329987,0.000580,0.134373,-10599.546518,-99.998497
6,117.620003,-0.002086,0.141302,-11145.252752,-99.992731
7,84.629997,-0.001653,0.146074,-11522.154210,-99.997350
