Stock_Index,Gourujia,Predictions,Shares,True_Portfolio_Value,True_Earnings_Rate
5,21.330000,-0.000453,0.060095,-2276.734098,-99.652109
4,186.630005,-0.001086,0.093872,-3568.324899,-99.984717
2,141.852997,-0.000740,0.099451,-3779.976919,-99.973119
7,81.879997,-0.001653,0.112364,-4274.893235,-100.071564
1,276.440002,-0.000687,0.115971,-4408.461726,-99.986250
6,130.169998,-0.002086,0.116181,-4416.380763,-99.986487
3,125.950996,-0.000093,0.116294,-4420.461589,-99.979791
0,150.619995,0.000018,0.139440,-5300.310871,-99.980583
8,487.920013,0.000580,0.146331,-5563.098307,-99.995846
