Stock_Index,Gourujia,Predictions,Shares,True_Portfolio_Value,True_Earnings_Rate
7,43.939999,-0.001653,0.069018,-2715.731752,-99.927114
6,88.669998,-0.002086,0.096687,-3805.993324,-99.966665
5,8.805500,-0.000453,0.096863,-3806.073752,-99.789800
4,216.880005,-0.001086,0.101767,-4006.302591,-99.972978
3,68.720001,-0.000093,0.102804,-4046.775999,-99.963655
2,122.466499,-0.000740,0.104348,-4108.344605,-99.983953
8,289.049988,0.000580,0.130866,-5153.357234,-100.001271
1,183.630005,-0.000687,0.135988,-5354.610276,-99.994013
0,78.285004,0.000018,0.161659,-6364.274078,-99.975396
