Stock_Index,Gourujia,Predictions,Shares,True_Portfolio_Value,True_Earnings_Rate
5,15.171250,-0.000453,0.060216,-3754.368015,-99.918286
4,302.649994,-0.001086,0.093635,-5843.030310,-100.001291
7,55.290001,-0.001653,0.107199,-6687.635058,-99.976922
0,133.110001,0.000018,0.112255,-7004.701259,-99.997802
8,396.529999,0.000580,0.118881,-7418.253866,-99.998554
3,113.950500,-0.000093,0.124213,-7751.077183,-100.000254
1,258.260010,-0.000687,0.124451,-7765.649539,-99.996537
2,166.734497,-0.000740,0.125899,-7855.836175,-99.995105
6,149.270004,-0.002086,0.133250,-8314.405849,-99.994324
