Stock_Index,Gourujia,Predictions,Shares,True_Portfolio_Value,True_Earnings_Rate
5,135.580002,-0.000453,0.049142,-3290.164116,-100.026586
0,214.289993,0.000018,0.076435,-5116.684697,-100.010149
8,481.049988,0.000580,0.100541,-6729.585649,-99.998506
4,499.489990,-0.001086,0.106762,-7146.002563,-99.999116
7,109.379997,-0.001653,0.118864,-7954.405928,-99.980484
6,197.000000,-0.002086,0.119796,-8018.036391,-99.995715
1,446.339996,-0.000687,0.130898,-8761.581971,-100.000321
2,182.809998,-0.000740,0.148585,-9944.465915,-99.990243
3,175.089996,-0.000093,0.148977,-9971.291449,-99.996067
