Stock_Index,Gourujia,Predictions,Shares,True_Portfolio_Value,True_Earnings_Rate
5,140.830002,-0.000453,0.055401,-3502.962989,-99.969215
8,524.989990,0.000580,0.076606,-4845.383010,-100.001922
4,616.460022,-0.001086,0.084725,-5358.710546,-99.998158
0,222.639999,0.000018,0.095804,-6059.402102,-99.997606
2,230.710007,-0.000740,0.107974,-6828.739097,-99.991996
3,198.050003,-0.000093,0.117519,-7432.931207,-99.999185
6,263.029999,-0.002086,0.149280,-9441.834489,-100.000275
1,428.500000,-0.000687,0.150958,-9547.126959,-99.990554
7,111.470001,-0.001653,0.161733,-10231.004011,-100.015750
