Stock_Index,Gourujia,Predictions,Shares,True_Portfolio_Value,True_Earnings_Rate
4,328.079987,-0.001086,0.079264,-5010.802299,-99.996729
5,26.400999,-0.000453,0.086653,-5476.445331,-99.971841
3,145.432495,-0.000093,0.087360,-5522.502207,-99.994511
2,165.637497,-0.000740,0.108097,-6832.845491,-99.987153
7,64.820000,-0.001653,0.109032,-6894.208087,-100.021329
8,452.040009,0.000580,0.115198,-7282.504526,-99.997426
6,170.470001,-0.002086,0.122952,-7772.796920,-99.999794
1,333.130005,-0.000687,0.135761,-8582.589989,-99.999217
0,150.020004,0.000018,0.155683,-9841.466706,-99.993500
