Stock_Index,Gourujia,Predictions,Shares,True_Portfolio_Value,True_Earnings_Rate
5,31.674999,-0.000453,0.042413,-2755.360370,-99.872059
4,338.690002,-0.001086,0.070519,-4586.910990,-99.994293
2,184.802994,-0.000740,0.082754,-5383.251068,-100.002861
3,149.838501,-0.000093,0.087230,-5674.467889,-100.004074
7,63.610001,-0.001653,0.102934,-6700.596862,-100.074393
0,157.869995,0.000018,0.127408,-8286.925097,-99.989337
1,341.269989,-0.000687,0.129537,-8426.140015,-99.998424
8,449.470001,0.000580,0.169642,-11035.679508,-100.004738
6,163.050003,-0.002086,0.187564,-12201.737385,-100.008065
