Stock_Index,Gourujia,Predictions,Shares,True_Portfolio_Value,True_Earnings_Rate
2,125.959999,-0.000740,0.070423,-4513.553790,-99.987493
5,44.688000,-0.000453,0.083020,-5318.717236,-99.946856
4,304.790009,-0.001086,0.088753,-5688.449148,-99.988742
7,108.989998,-0.001653,0.089558,-5741.469898,-100.015451
3,135.070007,-0.000093,0.103598,-6639.723729,-99.986368
1,319.359985,-0.000687,0.109520,-7019.711871,-99.992348
0,174.910004,0.000018,0.136112,-8724.109049,-99.991628
8,516.229980,0.000580,0.145129,-9302.537572,-99.996807
6,142.899994,-0.002086,0.173887,-11144.820419,-99.989308
