Stock_Index,Gourujia,Predictions,Shares,True_Portfolio_Value,True_Earnings_Rate
5,26.468000,-0.000453,0.055468,-2750.995982,-99.898181
4,199.809998,-0.001086,0.075351,-3740.532606,-99.988927
6,127.180000,-0.002086,0.081025,-4022.687032,-100.002105
7,104.589996,-0.001653,0.103447,-5136.351814,-100.010848
2,98.699997,-0.000740,0.105122,-5219.002776,-99.999897
3,103.370003,-0.000093,0.107388,-5330.446327,-99.979352
1,272.290009,-0.000687,0.118273,-5871.522969,-99.992828
0,157.830002,0.000018,0.140323,-6966.367813,-99.995600
8,475.519989,0.000580,0.213602,-10605.068772,-100.002496
