Stock_Index,Gourujia,Predictions,Shares,True_Portfolio_Value,True_Earnings_Rate
5,6.574250,-0.000453,0.086219,-4463.058207,-99.718045
8,287.029999,0.000580,0.091958,-4773.716894,-99.995466
4,213.059998,-0.001086,0.093898,-4875.283599,-100.013113
2,106.695503,-0.000740,0.100805,-5232.812405,-99.992611
0,80.387497,0.000018,0.102926,-5343.750766,-100.007528
7,59.959999,-0.001653,0.112321,-5829.967958,-99.984220
3,75.432999,-0.000093,0.129261,-6710.418871,-99.998770
1,188.699997,-0.000687,0.130172,-6758.596371,-100.012101
6,137.740005,-0.002086,0.152439,-7913.559634,-99.998631
