Stock_Index,Gourujia,Predictions,Shares,True_Portfolio_Value,True_Earnings_Rate
4,169.539993,-0.001086,0.045224,-1922.145224,-99.981506
5,23.500999,-0.000453,0.051800,-2203.166973,-100.051918
3,89.870003,-0.000093,0.073541,-3126.225684,-99.997650
2,93.760002,-0.000740,0.076855,-3266.975863,-99.994667
1,250.160004,-0.000687,0.107843,-4584.535618,-100.001184
7,110.550003,-0.001653,0.126877,-5393.861640,-100.005252
8,483.320007,0.000580,0.138790,-5900.258501,-100.003184
0,147.919998,0.000018,0.139817,-5943.848300,-100.002335
6,142.160004,-0.002086,0.239252,-10170.044576,-99.994136
