Stock_Index,Gourujia,Predictions,Shares,True_Portfolio_Value,True_Earnings_Rate
5,117.930000,-0.000453,0.051917,-2807.815466,-99.960592
4,476.790009,-0.001086,0.071865,-3888.033741,-99.995384
8,565.330017,0.000580,0.083645,-4525.671905,-100.002141
2,183.130005,-0.000740,0.104732,-5666.513961,-100.001732
0,224.309998,0.000018,0.118115,-6390.560728,-100.000696
3,177.660004,-0.000093,0.124054,-6710.988273,-99.987437
6,209.779999,-0.002086,0.130111,-7039.428358,-99.998865
7,116.070000,-0.001653,0.154180,-8342.177889,-100.005959
1,437.109985,-0.000687,0.161380,-8731.035977,-99.996969
