Stock_Index,Gourujia,Predictions,Shares,True_Portfolio_Value,True_Earnings_Rate
2,127.000000,-0.000740,0.070227,-4405.149992,-100.006475
5,44.041000,-0.000453,0.085258,-5345.863249,-99.966885
4,305.579987,-0.001086,0.090746,-5691.950973,-100.000847
7,111.500000,-0.001653,0.095147,-5969.098756,-100.020420
3,135.240005,-0.000093,0.105480,-6616.141981,-100.000930
1,318.959991,-0.000687,0.111343,-6983.786404,-99.999607
0,173.660004,0.000018,0.122802,-7702.290171,-99.995870
8,510.619995,0.000580,0.144644,-9072.434025,-99.997860
6,143.350006,-0.002086,0.174354,-10936.189332,-100.002193
