Stock_Index,Gourujia,Predictions,Shares,True_Portfolio_Value,True_Earnings_Rate
5,3.828000,-0.000453,0.065362,-3762.801779,-99.833339
4,187.479996,-0.001086,0.067583,-3897.390994,-99.994199
2,95.439499,-0.000740,0.097236,-5607.421650,-99.994853
3,55.225498,-0.000093,0.100279,-5782.413913,-99.985809
0,49.467499,0.000018,0.113138,-6523.827898,-99.983821
1,135.690002,-0.000687,0.118818,-6851.911823,-99.993188
7,75.320000,-0.001653,0.137148,-7907.595464,-99.977454
6,109.910004,-0.002086,0.149863,-8642.472805,-99.997685
8,250.190002,0.000580,0.150574,-8684.188848,-100.003901
