Stock_Index,Gourujia,Predictions,Shares,True_Portfolio_Value,True_Earnings_Rate
5,6.218500,-0.000453,0.076208,-5152.322890,-99.961257
4,184.190002,-0.001086,0.094122,-6366.349966,-100.000974
3,57.444500,-0.000093,0.097529,-6596.610073,-99.997396
6,114.949997,-0.002086,0.113873,-7702.022856,-99.997808
7,73.599998,-0.001653,0.115130,-7785.947640,-99.984946
1,93.849998,-0.000687,0.115559,-7816.004001,-99.996260
8,225.380005,0.000580,0.116885,-7905.415747,-99.992001
0,44.610001,0.000018,0.117314,-7934.817776,-99.997364
2,79.550003,-0.000740,0.153381,-10375.210024,-100.006877
