Stock_Index,Gourujia,Predictions,Shares,True_Portfolio_Value,True_Earnings_Rate
8,244.669998,0.000580,0.056679,-3234.120378,-99.989740
4,761.830017,-0.001086,0.060966,-3479.011908,-99.998719
2,223.130005,-0.000740,0.073648,-4202.804831,-100.000885
5,180.770004,-0.000453,0.101420,-5787.212554,-99.994125
0,220.029999,0.000018,0.110814,-6322.487301,-99.981146
1,520.840027,-0.000687,0.140644,-8025.868760,-99.999558
3,196.520004,-0.000093,0.142567,-8134.633193,-99.987468
7,105.949997,-0.001653,0.147078,-8392.316392,-99.992458
6,286.940002,-0.002086,0.166184,-9483.125532,-99.997796
