Stock_Index,Gourujia,Predictions,Shares,True_Portfolio_Value,True_Earnings_Rate
5,12.859500,-0.000453,0.078608,-4290.643187,-99.900408
7,47.889999,-0.001653,0.081917,-4473.854141,-99.958983
0,127.139999,0.000018,0.093468,-5106.792197,-99.995743
4,251.360001,-0.001086,0.097240,-5312.256546,-99.984875
6,138.639999,-0.002086,0.104644,-5717.728254,-100.003128
2,155.212494,-0.000740,0.129379,-7068.904727,-99.996582
8,351.299988,0.000580,0.137791,-7528.749136,-99.999280
3,86.380997,-0.000093,0.138248,-7550.929236,-99.962519
1,212.649994,-0.000687,0.138705,-7578.068408,-99.991693
