Stock_Index,Gourujia,Predictions,Shares,True_Portfolio_Value,True_Earnings_Rate
4,171.119995,-0.001086,0.044354,-1894.935996,-99.996867
5,20.754000,-0.000453,0.066181,-2809.608357,-99.367756
3,91.650002,-0.000093,0.070734,-3022.320050,-100.009086
2,95.790001,-0.000740,0.074067,-3164.417695,-99.999673
1,251.509995,-0.000687,0.106050,-4530.659541,-99.994880
7,109.730003,-0.001653,0.111334,-4756.190914,-99.991650
8,488.890015,0.000580,0.139227,-5948.319017,-99.998832
0,148.910004,0.000018,0.140061,-5983.888171,-99.997794
6,138.559998,-0.002086,0.247991,-10594.454942,-99.994241
