Stock_Index,Gourujia,Predictions,Shares,True_Portfolio_Value,True_Earnings_Rate
6,138.729996,-0.002086,0.084387,-4452.382726,-99.994307
7,116.050003,-0.001653,0.095918,-5061.578827,-100.010083
2,102.510002,-0.000740,0.097703,-5155.131168,-99.997814
3,108.870003,-0.000093,0.102981,-5435.115131,-100.024799
4,221.490005,-0.001086,0.104109,-5493.575933,-100.005393
8,511.790009,0.000580,0.114002,-6015.482909,-100.002474
5,26.757999,-0.000453,0.124379,-6560.540424,-99.966076
1,286.140015,-0.000687,0.126242,-6660.935510,-99.996766
0,165.210007,0.000018,0.150278,-7929.443702,-99.999927
