Stock_Index,Gourujia,Predictions,Shares,True_Portfolio_Value,True_Earnings_Rate
5,6.192750,-0.000453,0.075019,-5058.622491,-99.932994
4,181.880005,-0.001086,0.091159,-6151.103221,-99.993061
3,56.995499,-0.000093,0.097688,-6591.231320,-99.986232
1,94.410004,-0.000687,0.116657,-7872.642664,-100.006302
6,116.250000,-0.002086,0.116763,-7879.962675,-100.009674
7,74.529999,-0.001653,0.117707,-7944.184952,-100.016848
8,226.940002,0.000580,0.117739,-7945.471518,-100.003039
0,44.992500,0.000018,0.120477,-8131.525817,-100.018976
2,79.408997,-0.000740,0.146789,-9905.225576,-99.997766
