Stock_Index,Gourujia,Predictions,Shares,True_Portfolio_Value,True_Earnings_Rate
5,15.324750,-0.000453,0.063833,-3893.199719,-100.135636
4,329.510010,-0.001086,0.080247,-4887.979368,-100.004108
3,119.638000,-0.000093,0.110354,-6722.498974,-100.013828
7,58.939999,-0.001653,0.112859,-6877.360462,-100.049656
1,252.509995,-0.000687,0.119774,-7295.374588,-100.000518
8,401.549988,0.000580,0.120557,-7343.195289,-100.001711
0,133.479996,0.000018,0.124862,-7606.111849,-100.011424
6,155.190002,-0.002086,0.133678,-8142.580551,-100.005756
2,173.565506,-0.000740,0.133836,-8151.871965,-100.000646
