Stock_Index,Gourujia,Predictions,Shares,True_Portfolio_Value,True_Earnings_Rate
5,22.222000,-0.000453,0.073870,-4198.226626,-99.986251
4,335.339996,-0.001086,0.084945,-4828.239108,-99.995893
7,62.560001,-0.001653,0.108844,-6185.250509,-99.976161
3,142.778000,-0.000093,0.114745,-6522.201126,-99.997752
6,166.550003,-0.002086,0.115292,-6552.866853,-99.992762
8,424.619995,0.000580,0.116019,-6594.748217,-100.000133
1,307.290009,-0.000687,0.117318,-6668.526650,-99.999006
2,172.337006,-0.000740,0.125001,-7105.285672,-100.000436
0,146.550003,0.000018,0.143966,-8182.481553,-99.989787
