Stock_Index,Gourujia,Predictions,Shares,True_Portfolio_Value,True_Earnings_Rate
5,5.276500,-0.000453,0.053871,-2028.347922,-99.756435
2,82.140503,-0.000740,0.064996,-2451.402475,-99.919236
1,107.720001,-0.000687,0.095724,-3611.992888,-99.964160
3,53.478500,-0.000093,0.097612,-3682.093107,-99.933587
0,50.942501,0.000018,0.098526,-3716.886128,-99.941351
4,149.940002,-0.001086,0.103383,-3902.089922,-99.992965
8,263.540009,0.000580,0.138524,-5228.079967,-99.984359
6,109.599998,-0.002086,0.168710,-6367.208778,-99.984482
7,81.989998,-0.001653,0.178654,-6742.469715,-99.984627
