Stock_Index,Gourujia,Predictions,Shares,True_Portfolio_Value,True_Earnings_Rate
4,206.160004,-0.001086,0.034851,-1374.551366,-100.009696
5,23.642000,-0.000453,0.054977,-2169.103085,-100.045327
2,152.601501,-0.000740,0.064553,-2546.076402,-100.010405
3,130.403000,-0.000093,0.094255,-3717.336295,-100.003474
1,287.929993,-0.000687,0.122311,-4823.659781,-100.000253
0,167.300003,0.000018,0.122318,-4824.460947,-100.010743
7,77.360001,-0.001653,0.124924,-4927.338437,-100.015127
8,467.809998,0.000580,0.185912,-7332.145844,-100.002436
6,152.139999,-0.002086,0.195899,-7725.805289,-100.001168
