Stock_Index,Gourujia,Predictions,Shares,True_Portfolio_Value,True_Earnings_Rate
5,26.712000,-0.000453,0.058591,-2246.483817,-99.910268
4,224.850006,-0.001086,0.085518,-3281.332815,-99.982469
7,83.120003,-0.001653,0.092095,-3534.237415,-99.999421
2,163.559998,-0.000740,0.099385,-3813.402634,-99.982365
3,140.150497,-0.000093,0.117705,-4516.516436,-99.985781
6,135.309998,-0.002086,0.124526,-4778.698778,-99.996730
1,309.420013,-0.000687,0.124783,-4788.502475,-99.994254
0,174.309998,0.000018,0.129215,-4958.229389,-99.986566
8,512.590027,0.000580,0.168183,-6454.434038,-100.000981
