Stock_Index,Gourujia,Predictions,Shares,True_Portfolio_Value,True_Earnings_Rate
4,160.720001,-0.001086,0.066206,-2597.620626,-100.006303
5,17.983999,-0.000453,0.075726,-2969.265779,-99.944928
3,114.220001,-0.000093,0.083632,-3280.617186,-99.984050
2,122.279999,-0.000740,0.092888,-3641.313985,-99.919373
1,276.410004,-0.000687,0.115177,-4518.463455,-99.994377
7,92.639999,-0.001653,0.128139,-5024.725946,-99.951136
8,541.489990,0.000580,0.134842,-5290.244011,-99.999710
6,114.809998,-0.002086,0.138912,-5449.624003,-99.995837
0,157.350006,0.000018,0.164477,-6451.592505,-99.979494
