Stock_Index,Gourujia,Predictions,Shares,True_Portfolio_Value,True_Earnings_Rate
5,6.049750,-0.000453,0.071214,-5705.292305,-100.433930
7,80.639999,-0.001653,0.090349,-7206.197335,-99.983654
3,56.631001,-0.000093,0.094693,-7555.863966,-100.024617
4,199.000000,-0.001086,0.096899,-7730.628936,-100.008044
2,84.554497,-0.000740,0.112494,-8975.966286,-100.021582
6,104.860001,-0.002086,0.117168,-9348.162951,-100.014848
1,99.080002,-0.000687,0.126774,-10114.841042,-100.015811
0,46.107498,0.000018,0.142956,-11404.562503,-100.003177
8,249.770004,0.000580,0.147452,-11763.217713,-100.002573
