Stock_Index,Gourujia,Predictions,Shares,True_Portfolio_Value,True_Earnings_Rate
5,5.909250,-0.000453,0.070220,-2902.077319,-100.533091
2,76.391998,-0.000740,0.087076,-3578.998621,-99.975327
1,96.440002,-0.000687,0.090227,-3709.557666,-100.003554
4,166.360001,-0.001086,0.100680,-4138.903072,-99.993746
3,53.769501,-0.000093,0.113041,-4646.278989,-99.975842
8,236.399994,0.000580,0.117666,-4837.611578,-100.001147
6,109.320000,-0.002086,0.120199,-4940.627184,-99.980135
0,44.459999,0.000018,0.133513,-5492.622949,-100.064663
7,79.220001,-0.001653,0.167378,-6880.958908,-99.996817
