Stock_Index,Gourujia,Predictions,Shares,True_Portfolio_Value,True_Earnings_Rate
5,15.488000,-0.000453,0.067930,-4152.947545,-99.692092
7,58.560001,-0.001653,0.082169,-5039.289855,-100.005550
4,332.750000,-0.001086,0.093731,-5748.403318,-100.003653
0,125.279999,0.000018,0.101999,-6255.536769,-100.004280
3,118.134003,-0.000093,0.106680,-6542.461058,-100.002091
2,161.505493,-0.000740,0.113261,-6945.979515,-100.001351
1,249.309998,-0.000687,0.117130,-7183.139233,-99.999405
6,164.350006,-0.002086,0.137157,-8411.296160,-100.000407
8,412.700012,0.000580,0.179944,-11035.437515,-100.000458
