Stock_Index,Gourujia,Predictions,Shares,True_Portfolio_Value,True_Earnings_Rate
5,4.921500,-0.000453,0.070146,-4447.024505,-99.222377
8,244.509995,0.000580,0.077029,-4922.087775,-99.999331
4,186.380005,-0.001086,0.087845,-5612.983880,-99.995671
6,125.029999,-0.002086,0.110941,-7088.534207,-99.993629
7,69.089996,-0.001653,0.113566,-7256.413880,-99.996652
0,60.895000,0.000018,0.120293,-7685.175176,-99.979898
1,139.940002,-0.000687,0.125649,-8028.553112,-99.995977
3,62.955502,-0.000093,0.139403,-8907.194133,-99.993466
2,89.039001,-0.000740,0.155129,-9913.876382,-100.012334
