Stock_Index,Gourujia,Predictions,Shares,True_Portfolio_Value,True_Earnings_Rate
8,505.859985,0.000580,0.061792,-3738.089162,-100.000528
3,189.300003,-0.000093,0.072223,-4369.115891,-99.999637
5,134.289993,-0.000453,0.077289,-4674.547834,-99.978036
2,219.389999,-0.000740,0.092980,-5624.651999,-99.998279
4,585.510010,-0.001086,0.094241,-5700.863180,-99.996041
1,421.500000,-0.000687,0.135473,-8195.506553,-100.001649
6,239.710007,-0.002086,0.140578,-8504.116704,-99.999496
0,250.419998,0.000018,0.159078,-9624.413904,-100.010617
7,107.570000,-0.001653,0.166345,-10063.065120,-100.002250
