Stock_Index,Gourujia,Predictions,Shares,True_Portfolio_Value,True_Earnings_Rate
5,7.162000,-0.000453,0.072731,-5570.748041,-99.987821
4,159.330002,-0.001086,0.082882,-6348.611052,-99.987906
2,98.565498,-0.000740,0.085601,-6558.352417,-100.009592
0,57.320000,0.000018,0.092133,-7056.669498,-99.978899
1,115.150002,-0.000687,0.119454,-9151.097697,-99.999849
3,60.382000,-0.000093,0.130376,-9987.313464,-99.994674
8,270.630005,0.000580,0.131083,-10042.033155,-99.999632
6,113.970001,-0.002086,0.135779,-10400.705322,-99.991801
7,86.459999,-0.001653,0.149961,-11488.459360,-100.004154
