Stock_Index,Gourujia,Predictions,Shares,True_Portfolio_Value,True_Earnings_Rate
5,30.459000,-0.000453,0.044564,-2220.394940,-100.231295
4,341.660004,-0.001086,0.097100,-4827.163862,-100.005849
7,61.270000,-0.001653,0.106300,-5283.925663,-99.997338
0,179.300003,0.000018,0.106432,-5291.968375,-100.022340
2,173.315002,-0.000740,0.113488,-5642.372694,-100.014988
1,334.649994,-0.000687,0.122610,-6095.545770,-100.008835
3,146.440994,-0.000093,0.133274,-6625.712745,-100.009371
8,494.380005,0.000580,0.137386,-6829.562828,-100.000623
6,157.940002,-0.002086,0.138847,-6901.361104,-99.990175
