Stock_Index,Gourujia,Predictions,Shares,True_Portfolio_Value,True_Earnings_Rate
5,7.092500,-0.000453,0.056991,-5632.328140,-100.264880
4,171.160004,-0.001086,0.088342,-8709.330246,-100.013746
3,60.565498,-0.000093,0.091719,-9042.524733,-100.016727
2,101.975502,-0.000740,0.099033,-9764.085602,-100.021727
7,80.290001,-0.001653,0.109645,-10806.022012,-99.983511
1,111.709999,-0.000687,0.121319,-11961.840919,-100.026182
0,57.090000,0.000018,0.129766,-12792.932076,-100.011466
6,115.150002,-0.002086,0.133846,-13193.982883,-100.004234
8,268.510010,0.000580,0.169339,-16692.577449,-100.001209
