Stock_Index,Gourujia,Predictions,Shares,True_Portfolio_Value,True_Earnings_Rate
5,4.055750,-0.000453,0.059528,-4538.959242,-99.921095
4,195.000000,-0.001086,0.089593,-6837.183486,-99.994247
1,136.580002,-0.000687,0.108141,-8252.701599,-99.995298
0,50.682499,0.000018,0.112324,-8571.012605,-99.983717
2,96.715500,-0.000740,0.119946,-9153.816492,-99.997496
3,55.630001,-0.000093,0.121304,-9256.137070,-99.983291
8,243.970001,0.000580,0.123157,-9398.991187,-99.997922
6,113.800003,-0.002086,0.132111,-10083.094317,-100.007600
7,75.720001,-0.001653,0.133896,-10217.220245,-99.987502
