Stock_Index,Gourujia,Predictions,Shares,True_Portfolio_Value,True_Earnings_Rate
7,61.230000,-0.001653,0.069221,-5192.339652,-100.001601
5,20.050249,-0.000453,0.071637,-5367.374939,-99.886321
4,350.420013,-0.001086,0.087171,-6538.699955,-99.997777
6,155.770004,-0.002086,0.087947,-6596.331052,-99.990875
2,185.966995,-0.000740,0.094556,-7092.806683,-100.000114
8,412.109985,0.000580,0.134393,-10080.863396,-99.997697
0,145.110001,0.000018,0.134740,-10107.408696,-100.002903
3,125.518501,-0.000093,0.159622,-11972.383188,-99.990805
1,277.940002,-0.000687,0.160713,-12055.392822,-100.000803
