Stock_Index,Gourujia,Predictions,Shares,True_Portfolio_Value,True_Earnings_Rate
8,250.520004,0.000580,0.067785,-4894.007010,-99.990646
5,5.190750,-0.000453,0.071142,-5133.024057,-99.934236
4,191.550003,-0.001086,0.084089,-6071.802693,-100.003089
7,71.489998,-0.001653,0.098348,-7099.014256,-99.970571
0,64.309998,0.000018,0.114992,-8301.906306,-99.986818
1,144.059998,-0.000687,0.127873,-9232.941775,-99.999037
6,129.300003,-0.002086,0.138530,-10001.995263,-99.995824
3,64.550499,-0.000093,0.147300,-10633.756785,-99.981001
2,89.788498,-0.000740,0.149941,-10826.911962,-100.004705
