Stock_Index,Gourujia,Predictions,Shares,True_Portfolio_Value,True_Earnings_Rate
5,94.359001,-0.000453,0.045012,-2637.465628,-100.021328
4,473.230011,-0.001086,0.054370,-3185.120001,-100.000590
3,174.179993,-0.000093,0.066251,-3880.858111,-99.993836
2,183.630005,-0.000740,0.095608,-5600.693607,-99.996836
0,189.839996,0.000018,0.103334,-6053.517950,-99.999917
1,420.989990,-0.000687,0.117678,-6893.818887,-100.000441
7,117.870003,-0.001653,0.157067,-9200.027553,-99.987355
8,521.270020,0.000580,0.169118,-9907.181941,-99.998767
6,202.470001,-0.002086,0.191562,-11221.346145,-99.994373
