Stock_Index,Gourujia,Predictions,Shares,True_Portfolio_Value,True_Earnings_Rate
5,16.120001,-0.000453,0.061793,-2231.274214,-99.608904
4,113.930000,-0.001086,0.074535,-2701.671971,-99.989280
2,88.459999,-0.000740,0.078353,-2839.695830,-99.976102
0,140.940002,0.000018,0.099133,-3593.420048,-99.991443
3,94.940002,-0.000093,0.105398,-3821.344019,-100.013735
1,244.369995,-0.000687,0.107793,-3907.445922,-99.994957
8,542.909973,0.000580,0.141503,-5129.600448,-99.998308
7,103.650002,-0.001653,0.146829,-5322.286909,-99.992859
6,131.500000,-0.002086,0.184664,-6693.697618,-99.992061
