Stock_Index,Gourujia,Predictions,Shares,True_Portfolio_Value,True_Earnings_Rate
5,3.637500,-0.000453,0.071800,-3693.148122,-99.451893
4,173.350006,-0.001086,0.077761,-4022.092091,-99.995129
0,47.537498,0.000018,0.087575,-4528.731080,-99.973287
3,53.418499,-0.000093,0.093290,-4824.357900,-99.974954
2,90.201500,-0.000740,0.098785,-5108.031186,-99.965752
1,131.399994,-0.000687,0.110664,-5723.862826,-99.993081
8,246.770004,0.000580,0.147409,-7624.832173,-99.997756
6,109.160004,-0.002086,0.153713,-7950.093701,-99.990150
7,74.580002,-0.001653,0.159003,-8224.000196,-99.994080
