Stock_Index,Gourujia,Predictions,Shares,True_Portfolio_Value,True_Earnings_Rate
5,46.574001,-0.000453,0.064395,-3624.946425,-99.982736
2,142.080002,-0.000740,0.067640,-3808.581543,-100.007370
3,131.839996,-0.000093,0.068509,-3857.596110,-100.009261
4,319.779999,-0.001086,0.083644,-4709.354416,-99.999248
7,102.930000,-0.001653,0.118129,-6650.902037,-99.999717
1,363.200012,-0.000687,0.118921,-6695.690193,-100.001909
6,144.720001,-0.002086,0.140788,-7926.792176,-100.002056
0,182.889999,0.000018,0.147634,-8312.354236,-100.001437
8,536.729980,0.000580,0.190341,-10716.648534,-99.999214
