Stock_Index,Gourujia,Predictions,Shares,True_Portfolio_Value,True_Earnings_Rate
5,42.653000,-0.000453,0.028824,-1811.060401,-99.997857
2,127.110001,-0.000740,0.083679,-5258.418151,-100.010091
8,465.890015,0.000580,0.087895,-5523.005926,-100.003437
1,348.100006,-0.000687,0.100488,-6314.380598,-100.004802
4,281.829987,-0.001086,0.106369,-6683.677201,-100.001046
3,125.089996,-0.000093,0.111774,-7023.952582,-100.010032
7,105.889999,-0.001653,0.128673,-8085.460319,-100.006802
6,143.089996,-0.002086,0.176083,-11063.787205,-99.999170
0,186.009995,0.000018,0.176214,-11072.605259,-100.003160
