Stock_Index,Gourujia,Predictions,Shares,True_Portfolio_Value,True_Earnings_Rate
4,185.179993,-0.001086,0.029323,-1977.834775,-100.006129
0,51.812500,0.000018,0.095241,-6422.731448,-99.984880
3,63.066502,-0.000093,0.103928,-7009.381802,-99.996070
2,94.325996,-0.000740,0.104948,-7077.919065,-99.993278
1,109.489998,-0.000687,0.114282,-7707.843996,-99.998500
5,6.460500,-0.000453,0.121475,-8202.184588,-100.117846
6,117.790001,-0.002086,0.129439,-8730.670748,-100.006584
7,80.730003,-0.001653,0.146376,-9873.035845,-100.006307
8,258.809998,0.000580,0.154988,-10453.089961,-99.995872
