Stock_Index,Gourujia,Predictions,Shares,True_Portfolio_Value,True_Earnings_Rate
5,4.181750,-0.000453,0.059208,-4755.765172,-100.027177
8,265.959991,0.000580,0.080140,-6436.225063,-100.001842
4,203.910004,-0.001086,0.092490,-7427.859798,-100.000168
0,51.302502,0.000018,0.109878,-8824.921053,-100.006756
3,57.525501,-0.000093,0.120043,-9640.274229,-99.995548
6,113.900002,-0.002086,0.123128,-9887.344118,-99.990646
1,138.899994,-0.000687,0.128706,-10337.369599,-100.009496
7,77.080002,-0.001653,0.138849,-11152.963751,-100.019502
2,101.049500,-0.000740,0.147557,-11850.886497,-100.005445
