Stock_Index,Gourujia,Predictions,Shares,True_Portfolio_Value,True_Earnings_Rate
5,5.304250,-0.000453,0.053602,-5063.842390,-99.839849
8,277.540009,0.000580,0.075305,-7126.057675,-99.997439
0,66.730003,0.000018,0.094802,-8970.493576,-99.991267
7,69.660004,-0.001653,0.108560,-10274.186832,-100.012418
2,87.475502,-0.000740,0.118804,-11243.234083,-100.006750
3,67.149498,-0.000093,0.119166,-11276.787615,-100.000111
4,201.339996,-0.001086,0.119257,-11285.472900,-100.001161
6,134.410004,-0.002086,0.137558,-13017.025355,-99.999502
1,151.360001,-0.000687,0.172946,-16366.220351,-100.001005
