Stock_Index,Gourujia,Predictions,Shares,True_Portfolio_Value,True_Earnings_Rate
5,6.783500,-0.000453,0.061309,-5156.621361,-99.726027
4,161.360001,-0.001086,0.084506,-7127.420039,-99.996324
2,99.493500,-0.000740,0.095129,-8024.414163,-100.009990
0,56.602501,0.000018,0.095309,-8040.485975,-100.020169
3,59.106998,-0.000093,0.109855,-9266.279685,-100.005964
1,112.910004,-0.000687,0.114060,-9620.054739,-99.996399
8,265.489990,0.000580,0.125512,-10586.380141,-100.000255
7,82.320000,-0.001653,0.134957,-11381.799690,-99.991178
6,113.519997,-0.002086,0.179363,-15128.229557,-100.000155
