Stock_Index,Gourujia,Predictions,Shares,True_Portfolio_Value,True_Earnings_Rate
5,22.341000,-0.000453,0.061887,-4632.187169,-100.019879
7,56.419998,-0.001653,0.070791,-5298.559929,-100.018950
0,149.029999,0.000018,0.095056,-7113.650271,-100.001081
8,417.519989,0.000580,0.106084,-7938.913693,-100.000390
4,373.920013,-0.001086,0.121937,-9125.290926,-100.000616
6,158.160004,-0.002086,0.130965,-9800.789760,-100.000280
1,304.820007,-0.000687,0.133022,-9954.740317,-99.999570
3,144.429504,-0.000093,0.137984,-10326.536362,-100.003940
2,173.789505,-0.000740,0.142274,-10646.917856,-99.997943
