Stock_Index,Gourujia,Predictions,Shares,True_Portfolio_Value,True_Earnings_Rate
8,292.489990,0.000580,0.068419,-4684.007751,-100.005206
5,171.369995,-0.000453,0.085900,-5880.148976,-99.994476
3,182.970001,-0.000093,0.091068,-6234.108300,-99.998181
7,112.230003,-0.001653,0.096874,-6631.946158,-100.004537
4,702.909973,-0.001086,0.103510,-7086.033901,-100.000304
2,223.190002,-0.000740,0.105932,-7251.691842,-99.998617
6,285.820007,-0.002086,0.121456,-8314.024418,-99.995041
0,210.160004,0.000018,0.133149,-9115.024425,-100.000317
1,505.619995,-0.000687,0.193692,-13259.234567,-99.997636
