Stock_Index,Gourujia,Predictions,Shares,True_Portfolio_Value,True_Earnings_Rate
5,90.356003,-0.000453,0.048340,-3317.087742,-99.999914
4,485.579987,-0.001086,0.073442,-5039.492594,-99.997567
3,150.929993,-0.000093,0.089468,-6138.143224,-99.980279
0,171.479996,0.000018,0.091498,-6278.986628,-100.004952
1,420.720001,-0.000687,0.107868,-7401.806607,-99.997835
2,180.380005,-0.000740,0.118676,-8143.443462,-99.998190
8,494.700012,0.000580,0.139607,-9580.170228,-100.002053
6,200.300003,-0.002086,0.149572,-10263.981646,-100.003401
7,116.239998,-0.001653,0.181529,-12455.773160,-99.994467
