Stock_Index,Gourujia,Predictions,Shares,True_Portfolio_Value,True_Earnings_Rate
5,13.762750,-0.000453,0.082743,-3677.755165,-99.759455
2,164.332504,-0.000740,0.087000,-3875.289500,-99.971732
0,116.970001,0.000018,0.090277,-4020.293784,-99.947350
7,34.740002,-0.001653,0.096926,-4318.877573,-100.009129
4,264.450012,-0.001086,0.112735,-5022.237793,-99.984178
1,215.809998,-0.000687,0.121903,-5430.921199,-99.988150
3,75.522499,-0.000093,0.127636,-5684.346029,-99.953370
6,101.199997,-0.002086,0.139840,-6229.907874,-99.987966
8,327.839996,0.000580,0.140939,-6279.645937,-99.998025
