Stock_Index,Gourujia,Predictions,Shares,True_Portfolio_Value,True_Earnings_Rate
5,103.799004,-0.000453,0.053954,-3281.842413,-99.975532
3,173.550003,-0.000093,0.064826,-3943.970598,-99.995239
0,186.880005,0.000018,0.094556,-5752.450104,-99.991196
2,181.050003,-0.000740,0.105673,-6429.357676,-100.000916
4,465.779999,-0.001086,0.115918,-7052.269314,-99.994341
6,196.919998,-0.002086,0.119064,-7243.311399,-99.990319
1,427.000000,-0.000687,0.129208,-7861.125925,-99.998273
7,113.510002,-0.001653,0.133353,-8113.375358,-100.000699
8,516.830017,0.000580,0.183447,-11161.631130,-100.003270
