Stock_Index,Gourujia,Predictions,Shares,True_Portfolio_Value,True_Earnings_Rate
5,115.580002,-0.000453,0.050657,-2347.372243,-99.955572
8,481.519989,0.000580,0.088396,-4097.830528,-99.996947
4,590.640015,-0.001086,0.092786,-4301.263568,-99.995207
0,209.679993,0.000018,0.116249,-5388.738189,-99.991412
3,162.759995,-0.000093,0.118312,-5484.293085,-99.989780
2,193.889999,-0.000740,0.122252,-5666.849679,-99.989312
6,225.190002,-0.002086,0.122293,-5668.520738,-99.985928
7,108.669998,-0.001653,0.142266,-6593.457623,-99.973047
1,378.769989,-0.000687,0.146788,-6804.500110,-99.993263
