Stock_Index,Gourujia,Predictions,Shares,True_Portfolio_Value,True_Earnings_Rate
5,155.020004,-0.000453,0.072739,-5512.792738,-99.988739
4,726.090027,-0.001086,0.079518,-6027.106810,-99.998577
3,173.539993,-0.000093,0.079928,-6057.299372,-99.983665
7,109.989998,-0.001653,0.087783,-6653.972035,-100.005056
8,302.619995,0.000580,0.094460,-7159.314242,-99.992988
2,217.119995,-0.000740,0.102380,-7759.091770,-99.987074
0,201.000000,0.000018,0.123915,-9392.383277,-99.999802
6,288.750000,-0.002086,0.147784,-11201.752248,-100.001973
1,497.450012,-0.000687,0.211493,-16030.628154,-100.000611
