Stock_Index,Gourujia,Predictions,Shares,True_Portfolio_Value,True_Earnings_Rate
5,3.768750,-0.000453,0.073710,-4109.162058,-100.813195
4,178.100006,-0.001086,0.074658,-4129.316989,-100.009731
3,54.051998,-0.000093,0.088753,-4908.626700,-100.003323
2,93.184998,-0.000740,0.094195,-5209.655412,-100.004836
0,48.702499,0.000018,0.104548,-5782.408460,-100.006545
1,132.100006,-0.000687,0.115106,-6366.138119,-100.003504
8,245.869995,0.000580,0.137693,-7615.310914,-100.002273
7,74.839996,-0.001653,0.150785,-8340.160131,-100.014540
6,110.680000,-0.002086,0.160552,-8880.168102,-100.011584
