Stock_Index,Gourujia,Predictions,Shares,True_Portfolio_Value,True_Earnings_Rate
5,6.068250,-0.000453,0.063280,-5181.506286,-99.690624
4,198.449997,-0.001086,0.078468,-6444.768146,-99.988006
3,57.064499,-0.000093,0.094254,-7740.635443,-99.978953
2,84.986504,-0.000740,0.097743,-8028.140728,-99.992478
7,82.309998,-0.001653,0.113644,-9334.790407,-99.999705
1,99.760002,-0.000687,0.120027,-9857.868090,-99.986030
0,46.349998,0.000018,0.139066,-11419.820230,-99.970298
6,103.720001,-0.002086,0.141054,-11585.900768,-99.996845
8,250.500000,0.000580,0.152465,-12523.808666,-99.999586
