Stock_Index,Gourujia,Predictions,Shares,True_Portfolio_Value,True_Earnings_Rate
5,22.441000,-0.000453,0.055442,-4319.708054,-100.008945
7,53.770000,-0.001653,0.077413,-6028.304604,-99.955233
0,152.509995,0.000018,0.108651,-8464.443843,-99.995117
6,159.720001,-0.002086,0.110642,-8619.588378,-99.997106
8,417.350006,0.000580,0.111408,-8679.389723,-99.996376
4,382.049988,-0.001086,0.119719,-9327.608680,-100.004680
2,173.949997,-0.000740,0.123563,-9626.895521,-100.002630
1,301.829987,-0.000687,0.132790,-10345.589941,-100.000747
3,145.215500,-0.000093,0.160371,-12495.421769,-100.009206
