Stock_Index,Gourujia,Predictions,Shares,True_Portfolio_Value,True_Earnings_Rate
7,63.169998,-0.001653,0.070650,-5613.656884,-100.045763
5,20.487000,-0.000453,0.073509,-5835.230252,-99.949867
4,354.700012,-0.001086,0.082260,-6533.356918,-100.001530
6,156.029999,-0.002086,0.099220,-7881.076909,-100.010853
2,175.548996,-0.000740,0.108510,-8615.873479,-99.973877
8,409.359985,0.000580,0.121681,-9664.157839,-99.999464
0,139.960007,0.000018,0.136434,-10834.853293,-99.989560
1,277.649994,-0.000687,0.150713,-11969.964043,-99.999987
3,125.257500,-0.000093,0.157023,-12470.427490,-99.994079
