Stock_Index,Gourujia,Predictions,Shares,True_Portfolio_Value,True_Earnings_Rate
8,295.839996,0.000580,0.030350,-1729.553656,-99.991671
5,139.990005,-0.000453,0.073690,-4199.368282,-99.991226
4,684.619995,-0.001086,0.078908,-4497.013331,-99.997234
2,207.910004,-0.000740,0.085215,-4855.948058,-99.987081
0,200.630005,0.000018,0.096065,-5474.499975,-99.991893
3,168.210007,-0.000093,0.102262,-5827.019452,-99.980975
6,261.950012,-0.002086,0.166063,-9463.630131,-99.994531
7,101.830002,-0.001653,0.173516,-9886.523277,-99.976747
1,467.679993,-0.000687,0.193930,-11052.307793,-99.998769
