Stock_Index,Gourujia,Predictions,Shares,True_Portfolio_Value,True_Earnings_Rate
5,13.987500,-0.000453,0.058769,-3035.237895,-100.064693
4,308.910004,-0.001086,0.083031,-4285.768793,-100.002789
0,125.900002,0.000018,0.093760,-4839.326180,-99.998047
3,110.947998,-0.000093,0.096773,-4995.108661,-100.003949
7,56.500000,-0.001653,0.101095,-5218.145991,-100.005019
1,249.070007,-0.000687,0.114458,-5907.848557,-100.001955
2,161.336502,-0.000740,0.116839,-6030.647315,-100.000559
6,153.619995,-0.002086,0.139462,-7198.552828,-100.004593
8,370.179993,0.000580,0.195812,-10107.271304,-100.004273
