Stock_Index,Gourujia,Predictions,Shares,True_Portfolio_Value,True_Earnings_Rate
5,4.640500,-0.000453,0.059528,-2472.141393,-98.071235
2,76.944000,-0.000740,0.064000,-2710.570251,-100.007164
1,103.849998,-0.000687,0.087794,-3718.060467,-100.001113
3,51.736500,-0.000093,0.094515,-4001.567277,-99.972586
4,142.089996,-0.001086,0.100135,-4239.780827,-99.979836
0,53.060001,0.000018,0.111596,-4725.627036,-99.990611
8,256.519989,0.000580,0.125414,-5311.106218,-99.997334
6,104.849998,-0.002086,0.166325,-7042.495349,-99.983319
7,77.050003,-0.001653,0.190693,-8073.308220,-99.971182
