Stock_Index,Gourujia,Predictions,Shares,True_Portfolio_Value,True_Earnings_Rate
4,484.029999,-0.001086,0.039088,-2273.764479,-100.004623
3,142.770004,-0.000093,0.078941,-4592.391795,-100.011126
2,169.800003,-0.000740,0.079008,-4595.797778,-100.001007
5,72.657997,-0.000453,0.080087,-4658.535532,-100.000853
8,520.880005,0.000580,0.116498,-6776.495539,-99.999753
7,103.730003,-0.001653,0.122878,-7147.529895,-100.000000
1,406.559998,-0.000687,0.128149,-7454.347900,-100.001517
0,183.860001,0.000018,0.171146,-9955.775949,-100.004605
6,179.869995,-0.002086,0.184206,-10715.172237,-100.002602
