Stock_Index,Gourujia,Predictions,Shares,True_Portfolio_Value,True_Earnings_Rate
5,62.773998,-0.000453,0.068911,-4964.497091,-100.031964
8,503.609985,0.000580,0.082705,-5956.252559,-99.996820
0,188.039993,0.000018,0.092505,-6662.949899,-100.010395
4,400.059998,-0.001086,0.100111,-7210.418145,-100.006276
7,104.849998,-0.001653,0.105742,-7616.866847,-100.018739
2,159.000000,-0.000740,0.106878,-7698.517630,-100.015214
3,151.460007,-0.000093,0.119349,-8599.961432,-100.051476
1,408.589996,-0.000687,0.160916,-11589.936122,-100.006685
6,176.270004,-0.002086,0.162883,-11731.463509,-100.006181
