Stock_Index,Gourujia,Predictions,Shares,True_Portfolio_Value,True_Earnings_Rate
5,14.317000,-0.000453,0.075914,-4390.741376,-99.959625
4,313.019989,-0.001086,0.084624,-4896.633820,-100.000572
7,56.000000,-0.001653,0.099239,-5742.393676,-100.004150
3,112.521500,-0.000093,0.103225,-5972.509339,-99.992043
0,130.360001,0.000018,0.107663,-6228.789301,-99.984620
1,253.250000,-0.000687,0.112678,-6519.674435,-99.995967
2,164.964996,-0.000740,0.120624,-6978.767543,-99.986752
6,155.119995,-0.002086,0.131338,-7599.225597,-99.995197
8,364.890015,0.000580,0.164696,-9529.116007,-99.991562
