Stock_Index,Gourujia,Predictions,Shares,True_Portfolio_Value,True_Earnings_Rate
7,45.910000,-0.001653,0.066805,-2689.707624,-99.984399
6,95.820000,-0.002086,0.083282,-3351.686281,-99.941238
5,8.717750,-0.000453,0.093125,-3759.520997,-100.256130
2,121.093002,-0.000740,0.100704,-4055.421035,-100.003920
3,71.068497,-0.000093,0.103704,-4176.141947,-100.001079
4,232.199997,-0.001086,0.103766,-4178.818861,-100.005713
8,294.890015,0.000580,0.137170,-5523.228658,-99.989939
1,181.570007,-0.000687,0.143093,-5762.226071,-99.999273
0,79.182503,0.000018,0.168351,-6779.055892,-99.994510
