Stock_Index,Gourujia,Predictions,Shares,True_Portfolio_Value,True_Earnings_Rate
5,4.360000,-0.000453,0.054018,-4170.912444,-98.778486
8,250.500000,0.000580,0.059811,-4675.710682,-99.997585
4,165.440002,-0.001086,0.073591,-5752.885802,-99.997666
2,89.863503,-0.000740,0.099927,-7810.828044,-99.986467
3,61.321499,-0.000093,0.120970,-9455.747590,-99.987153
0,47.040001,0.000018,0.122796,-9592.389445,-99.923112
1,117.519997,-0.000687,0.150661,-11775.789173,-99.980671
6,104.519997,-0.002086,0.158790,-12415.260887,-100.015224
7,81.320000,-0.001653,0.159438,-12463.137035,-99.992913
