Stock_Index,Gourujia,Predictions,Shares,True_Portfolio_Value,True_Earnings_Rate
0,121.099998,0.000018,0.079769,-3516.340003,-99.999387
2,172.181503,-0.000740,0.082813,-3651.020804,-100.013638
5,14.248250,-0.000453,0.089782,-3960.590244,-100.075772
7,34.220001,-0.001653,0.097934,-4317.128721,-100.005984
4,276.140015,-0.001086,0.105818,-4664.876381,-100.005710
3,78.353500,-0.000093,0.120112,-5294.895686,-100.002960
1,222.860001,-0.000687,0.120163,-5297.171333,-100.004045
8,331.420013,0.000580,0.149343,-6583.859414,-100.008841
6,100.779999,-0.002086,0.154265,-6800.486200,-100.005529
