Stock_Index,Gourujia,Predictions,Shares,True_Portfolio_Value,True_Earnings_Rate
5,3.477750,-0.000453,0.072403,-4851.209380,-100.764536
0,44.575001,0.000018,0.081680,-5434.207009,-100.041013
2,90.816002,-0.000740,0.097144,-6461.962413,-100.025296
4,183.009995,-0.001086,0.098538,-6554.171526,-100.016796
3,56.070499,-0.000093,0.101010,-6719.097047,-100.023872
1,125.730003,-0.000687,0.110945,-7379.132093,-100.013075
8,243.500000,0.000580,0.113208,-7528.943963,-100.002877
6,107.059998,-0.002086,0.145876,-9701.971126,-100.009647
7,71.970001,-0.001653,0.179194,-11919.488972,-100.023363
