Stock_Index,Gourujia,Predictions,Shares,True_Portfolio_Value,True_Earnings_Rate
8,301.910004,0.000580,0.034038,-1725.282857,-99.996931
3,171.740005,-0.000093,0.080957,-4103.924542,-100.009261
5,135.130005,-0.000453,0.082268,-4169.485615,-99.987780
4,647.489990,-0.001086,0.087044,-4411.819632,-99.994515
2,205.009995,-0.000740,0.091091,-4617.046980,-99.996113
0,200.850006,0.000018,0.092799,-4703.727218,-99.997897
7,102.300003,-0.001653,0.169259,-8578.665161,-99.992860
6,264.000000,-0.002086,0.171263,-8680.862118,-99.999054
1,460.359985,-0.000687,0.191280,-9695.539462,-99.999242
