Stock_Index,Gourujia,Predictions,Shares,True_Portfolio_Value,True_Earnings_Rate
5,26.575001,-0.000453,0.059092,-3160.187862,-99.948390
4,326.480011,-0.001086,0.099371,-5316.870570,-99.994957
1,304.799988,-0.000687,0.104852,-5610.066303,-99.994238
7,70.629997,-0.001653,0.105497,-5643.428890,-99.975359
0,172.190002,0.000018,0.112149,-6000.695889,-99.997040
3,138.587006,-0.000093,0.125484,-6714.088354,-99.995363
2,161.214005,-0.000740,0.130645,-6990.263400,-99.996455
8,467.429993,0.000580,0.131243,-7022.531855,-99.999424
6,168.229996,-0.002086,0.131667,-7047.785355,-100.037706
