Stock_Index,Gourujia,Predictions,Shares,True_Portfolio_Value,True_Earnings_Rate
3,57.792500,-0.000093,0.070921,-4279.910113,-100.015806
5,3.805000,-0.000453,0.072213,-4393.956385,-100.856461
0,45.695000,0.000018,0.074355,-4488.089466,-100.037678
4,185.320007,-0.001086,0.085412,-5154.228836,-100.013115
1,127.669998,-0.000687,0.104398,-6299.666697,-100.009195
2,92.984001,-0.000740,0.105521,-6368.507345,-100.025870
8,249.339996,0.000580,0.121311,-7320.008020,-100.004594
6,110.820000,-0.002086,0.168265,-10154.353940,-100.017928
7,75.559998,-0.001653,0.197604,-11926.475062,-100.031371
