Stock_Index,Gourujia,Predictions,Shares,True_Portfolio_Value,True_Earnings_Rate
5,4.005750,-0.000453,0.058284,-4561.923414,-100.475014
4,196.399994,-0.001086,0.086790,-6761.832540,-100.001662
0,51.057499,0.000018,0.113280,-8829.188152,-100.040796
1,137.059998,-0.000687,0.113631,-8852.958526,-100.000532
2,97.145500,-0.000740,0.117349,-9142.060843,-99.995027
8,246.990005,0.000580,0.121209,-9443.248298,-99.998609
3,56.633499,-0.000093,0.121504,-9468.648787,-100.024931
6,113.489998,-0.002086,0.125459,-9774.744886,-100.004827
7,76.129997,-0.001653,0.142495,-11100.784903,-99.993975
