Stock_Index,Gourujia,Predictions,Shares,True_Portfolio_Value,True_Earnings_Rate
8,237.289993,0.000580,0.056732,-4890.746909,-99.989719
5,3.766000,-0.000453,0.076060,-6439.542171,-98.210816
2,81.040001,-0.000740,0.092024,-7930.978318,-99.962642
4,169.600006,-0.001086,0.092319,-7958.687672,-99.991475
6,103.010002,-0.002086,0.121255,-10452.660723,-99.987453
3,57.498501,-0.000093,0.122563,-10562.318486,-99.956258
7,79.010002,-0.001653,0.123385,-10636.333554,-99.987725
1,110.510002,-0.000687,0.139475,-12022.763413,-99.981200
0,43.227501,0.000018,0.176189,-15178.469768,-99.921217
