Stock_Index,Gourujia,Predictions,Shares,True_Portfolio_Value,True_Earnings_Rate
5,5.064750,-0.000453,0.071006,-4806.074306,-99.243766
8,252.210007,0.000580,0.072221,-4926.099474,-100.001512
4,193.619995,-0.001086,0.089182,-6082.719234,-99.997074
0,63.955002,0.000018,0.115675,-7889.093414,-99.989765
7,69.599998,-0.001653,0.118710,-8093.344730,-99.957891
6,127.800003,-0.002086,0.121771,-8305.098157,-99.993780
1,143.720001,-0.000687,0.122726,-8370.469600,-99.995993
3,63.612499,-0.000093,0.144228,-9835.383786,-99.978695
2,89.571999,-0.000740,0.144481,-9853.824378,-99.991792
