Stock_Index,Gourujia,Predictions,Shares,True_Portfolio_Value,True_Earnings_Rate
4,184.490005,-0.001086,0.069710,-4301.709100,-100.002031
5,6.106000,-0.000453,0.079542,-4913.085160,-100.103590
3,54.200500,-0.000093,0.090552,-5588.619177,-100.014867
2,79.273003,-0.000740,0.099324,-6129.210752,-100.003235
0,46.907501,0.000018,0.106234,-6555.837856,-100.005347
7,82.279999,-0.001653,0.114950,-7093.877526,-100.009490
1,97.599998,-0.000687,0.123192,-7601.957094,-100.001050
8,247.899994,0.000580,0.139189,-8589.479929,-100.004451
6,112.150002,-0.002086,0.177309,-10940.422698,-99.993189
