Stock_Index,Gourujia,Predictions,Shares,True_Portfolio_Value,True_Earnings_Rate
5,20.274000,-0.000453,0.068243,-4367.566867,-99.912468
2,167.735992,-0.000740,0.078783,-5046.443317,-99.996232
4,358.920013,-0.001086,0.081881,-5244.913940,-99.996874
7,56.840000,-0.001653,0.086433,-5535.891822,-99.988892
6,151.240005,-0.002086,0.098831,-6330.258445,-99.991702
3,135.125504,-0.000093,0.114334,-7323.515197,-99.993859
0,146.949997,0.000018,0.117589,-7532.421966,-99.999491
8,421.540009,0.000580,0.158203,-10134.706052,-100.005897
1,286.510010,-0.000687,0.195704,-12535.814404,-99.996352
