Stock_Index,Gourujia,Predictions,Shares,True_Portfolio_Value,True_Earnings_Rate
5,95.001999,-0.000453,0.051077,-3480.228925,-100.027400
4,503.019989,-0.001086,0.075403,-5136.484855,-100.002838
3,150.070007,-0.000093,0.085014,-5790.846483,-99.997341
0,170.850006,0.000018,0.097452,-6638.514890,-100.003919
1,422.859985,-0.000687,0.106487,-7253.805796,-100.000678
2,179.710007,-0.000740,0.113536,-7734.216270,-100.004383
8,485.880005,0.000580,0.115114,-7841.201175,-99.997294
6,194.820007,-0.002086,0.160220,-10913.563885,-99.997608
7,114.650002,-0.001653,0.195697,-13331.299017,-100.006567
