Stock_Index,Gourujia,Predictions,Shares,True_Portfolio_Value,True_Earnings_Rate
5,13.418000,-0.000453,0.089643,-2715.603713,-99.978509
4,276.480011,-0.001086,0.090788,-2751.013309,-100.001836
7,36.480000,-0.001653,0.092042,-2791.483843,-100.095576
6,114.779999,-0.002086,0.093827,-2843.310600,-100.010769
2,156.869507,-0.000740,0.113802,-3448.492645,-100.005532
8,351.700012,0.000580,0.119138,-3609.904806,-99.997817
0,119.489998,0.000018,0.127901,-3875.580493,-100.001963
3,87.361504,-0.000093,0.133091,-4032.893762,-100.002893
1,216.550003,-0.000687,0.139768,-4235.178712,-100.002373
