Stock_Index,Gourujia,Predictions,Shares,True_Portfolio_Value,True_Earnings_Rate
7,44.080002,-0.001653,0.072697,-2711.296705,-99.984102
6,92.660004,-0.002086,0.084379,-3146.721527,-99.973084
4,233.419998,-0.001086,0.087797,-3274.707653,-99.987591
5,9.612250,-0.000453,0.107014,-3982.087299,-99.757174
8,298.260010,0.000580,0.108278,-4038.952711,-99.994924
3,73.496498,-0.000093,0.126928,-4733.540009,-99.972765
0,91.027496,0.000018,0.128827,-4804.300916,-99.970999
1,206.259995,-0.000687,0.132726,-4950.603077,-99.989674
2,144.514999,-0.000740,0.151353,-5643.773141,-99.961190
