Stock_Index,Gourujia,Predictions,Shares,True_Portfolio_Value,True_Earnings_Rate
4,172.880005,-0.001086,0.043199,-1895.363325,-100.002683
5,21.388000,-0.000453,0.061004,-2680.796174,-100.163047
3,94.349998,-0.000093,0.068648,-3012.748929,-100.029155
2,97.199997,-0.000740,0.073586,-3229.416320,-100.028112
1,258.059998,-0.000687,0.106477,-4671.975508,-100.008179
7,111.279999,-0.001653,0.108468,-4758.943442,-100.000889
8,499.079987,0.000580,0.137600,-6037.280309,-100.003144
0,152.550003,0.000018,0.143546,-6299.094033,-100.017727
6,142.240005,-0.002086,0.257472,-11297.676143,-100.013020
