Stock_Index,Gourujia,Predictions,Shares,True_Portfolio_Value,True_Earnings_Rate
4,233.270004,-0.001086,0.065732,-3125.032673,-99.999816
2,105.830002,-0.000740,0.086096,-4092.850922,-99.992973
5,29.150999,-0.000453,0.096619,-4596.560187,-100.068941
1,308.649994,-0.000687,0.101349,-4818.432341,-100.001737
6,137.070007,-0.002086,0.101888,-4844.050178,-100.003521
7,109.110001,-0.001653,0.123890,-5889.885042,-99.999748
3,107.769997,-0.000093,0.133575,-6350.659754,-100.003623
0,173.500000,0.000018,0.137835,-6553.330957,-100.005776
8,492.619995,0.000580,0.153016,-7274.794629,-100.000925
