Stock_Index,Gourujia,Predictions,Shares,True_Portfolio_Value,True_Earnings_Rate
7,53.080002,-0.001653,0.053515,-2895.669783,-99.941985
6,111.230003,-0.002086,0.054578,-2954.411306,-99.982233
5,8.920000,-0.000453,0.072559,-3934.072263,-100.145473
4,230.770004,-0.001086,0.094366,-5109.149441,-99.998819
8,311.850006,0.000580,0.095682,-5180.620733,-100.002446
0,82.875000,0.000018,0.151556,-8205.060878,-99.992887
3,72.000999,-0.000093,0.152954,-8280.735114,-99.992286
1,187.199997,-0.000687,0.157832,-8545.137798,-99.996700
2,124.150002,-0.000740,0.166959,-9038.364423,-99.986789
