Stock_Index,Gourujia,Predictions,Shares,True_Portfolio_Value,True_Earnings_Rate
5,122.849998,-0.000453,0.053816,-3384.487910,-99.986399
7,122.580002,-0.001653,0.098035,-6165.335078,-99.985162
6,205.229996,-0.002086,0.098299,-6181.996240,-99.985982
2,181.960007,-0.000740,0.099315,-6245.950573,-99.986427
0,225.669998,0.000018,0.107285,-6747.993538,-99.997787
3,165.860001,-0.000093,0.113224,-7121.370973,-99.995654
4,582.770020,-0.001086,0.113678,-7149.916344,-99.996165
1,416.540009,-0.000687,0.131134,-8248.214392,-100.000277
8,592.750000,0.000580,0.185213,-11649.802476,-100.000442
