Stock_Index,Gourujia,Predictions,Shares,True_Portfolio_Value,True_Earnings_Rate
5,13.465000,-0.000453,0.048856,-2545.239653,-99.863918
4,158.539993,-0.001086,0.073963,-3858.325471,-99.992682
2,126.110001,-0.000740,0.094964,-4953.165931,-99.979088
3,106.809998,-0.000093,0.099760,-5203.220859,-99.977140
7,94.949997,-0.001653,0.104442,-5449.091941,-100.009023
0,154.529999,0.000018,0.126703,-6609.641420,-99.994039
6,113.739998,-0.002086,0.127986,-6675.711098,-99.983460
1,253.250000,-0.000687,0.132994,-6937.691706,-99.992525
8,517.679993,0.000580,0.190331,-9929.350072,-99.998513
