Stock_Index,Gourujia,Predictions,Shares,True_Portfolio_Value,True_Earnings_Rate
8,307.559998,0.000580,0.066888,-4527.217955,-99.998955
3,178.639999,-0.000093,0.086113,-5828.381153,-99.997218
5,157.250000,-0.000453,0.086219,-5835.203586,-99.991604
4,713.570007,-0.001086,0.088566,-5994.488576,-99.998936
7,111.050003,-0.001653,0.092224,-6241.446893,-99.990723
2,219.919998,-0.000740,0.100380,-6793.684199,-99.992841
0,212.440002,0.000018,0.117442,-7948.810045,-99.997547
6,292.000000,-0.002086,0.160443,-10858.905795,-99.995341
1,491.089996,-0.000687,0.201726,-13653.259985,-99.996812
