Stock_Index,Gourujia,Predictions,Shares,True_Portfolio_Value,True_Earnings_Rate
5,83.041000,-0.000453,0.052405,-2539.219107,-99.960402
4,439.190002,-0.001086,0.067116,-3253.298881,-99.998713
3,163.860001,-0.000093,0.075442,-3656.539660,-99.989806
2,179.000000,-0.000740,0.113001,-5476.553031,-99.982427
6,191.860001,-0.002086,0.113305,-5492.229436,-100.000544
8,484.109985,0.000580,0.114166,-5533.802678,-99.996254
0,169.300003,0.000018,0.134200,-6504.275654,-99.987128
1,394.940002,-0.000687,0.139976,-6784.989874,-99.998148
7,116.029999,-0.001653,0.190389,-9228.527013,-99.998442
