Stock_Index,Gourujia,Predictions,Shares,True_Portfolio_Value,True_Earnings_Rate
5,90.362999,-0.000453,0.049861,-3428.120007,-100.011213
4,491.350006,-0.001086,0.075790,-5210.117124,-99.997522
3,155.490005,-0.000093,0.086138,-5921.842216,-100.003858
0,170.029999,0.000018,0.091121,-6264.418919,-100.004131
1,424.570007,-0.000687,0.106844,-7345.193820,-100.001743
2,180.970001,-0.000740,0.119469,-8213.006140,-100.000856
8,489.700012,0.000580,0.138194,-9501.560130,-100.013604
6,198.940002,-0.002086,0.147331,-10128.316894,-100.000202
7,116.989998,-0.001653,0.185251,-12732.921261,-99.983430
