Stock_Index,Gourujia,Predictions,Shares,True_Portfolio_Value,True_Earnings_Rate
5,84.670998,-0.000453,0.066258,-4372.703932,-100.124496
8,493.179993,0.000580,0.066303,-4370.117464,-99.996758
6,181.250000,-0.002086,0.088067,-5803.935605,-99.986321
0,167.039993,0.000018,0.089568,-5904.132398,-100.007356
4,501.799988,-0.001086,0.103179,-6801.396536,-100.008407
3,156.009995,-0.000093,0.109079,-7190.321447,-100.007937
2,179.220001,-0.000740,0.140992,-9294.531759,-100.014476
1,404.269989,-0.000687,0.153479,-10116.620518,-100.003171
7,118.519997,-0.001653,0.183076,-12065.810010,-99.990373
