Stock_Index,Gourujia,Predictions,Shares,True_Portfolio_Value,True_Earnings_Rate
5,43.344002,-0.000453,0.060687,-3784.856442,-100.002397
2,133.979996,-0.000740,0.068506,-4272.621318,-100.004246
4,285.089996,-0.001086,0.071990,-4489.846602,-100.002271
3,129.919998,-0.000093,0.093000,-5800.933017,-100.014714
7,108.400002,-0.001653,0.109339,-6818.031973,-99.986148
1,316.880005,-0.000687,0.112611,-7023.126685,-100.000399
0,174.000000,0.000018,0.119994,-7483.464341,-99.998384
6,148.630005,-0.002086,0.161475,-10070.280375,-99.998463
8,493.959991,0.000580,0.202398,-12622.582681,-99.998172
