Stock_Index,Gourujia,Predictions,Shares,True_Portfolio_Value,True_Earnings_Rate
5,22.212999,-0.000453,0.059658,-4403.026701,-100.029483
2,164.959000,-0.000740,0.069384,-5119.228485,-99.996917
7,55.459999,-0.001653,0.078784,-5814.262376,-100.024550
4,368.390015,-0.001086,0.098985,-7303.732552,-100.002971
8,419.739990,0.000580,0.112873,-8328.383516,-100.001646
6,160.919998,-0.002086,0.116571,-8600.693630,-99.996803
0,148.360001,0.000018,0.138603,-10227.075148,-100.003736
1,302.010010,-0.000687,0.148973,-10992.165235,-100.003217
3,142.078995,-0.000093,0.176169,-12998.840665,-100.003170
