Stock_Index,Gourujia,Predictions,Shares,True_Portfolio_Value,True_Earnings_Rate
5,4.617500,-0.000453,0.062324,-4599.286529,-99.592302
8,230.199997,0.000580,0.068591,-5083.934704,-100.017796
6,109.940002,-0.002086,0.079330,-5878.184961,-99.990453
0,49.807499,0.000018,0.111098,-8233.010981,-99.999798
2,92.243500,-0.000740,0.124331,-9212.686924,-99.989375
4,179.649994,-0.001086,0.125285,-9284.554533,-100.002422
3,61.326500,-0.000093,0.131768,-9764.123722,-99.992863
1,121.050003,-0.000687,0.143502,-10634.534608,-100.001913
7,80.650002,-0.001653,0.153772,-11394.259563,-99.991573
