Stock_Index,Gourujia,Predictions,Shares,True_Portfolio_Value,True_Earnings_Rate
3,60.910000,-0.000093,0.057256,-4527.333495,-100.008675
5,4.218000,-0.000453,0.068610,-5453.349664,-100.540066
8,249.009995,0.000580,0.074706,-5906.603953,-99.999613
4,194.229996,-0.001086,0.101218,-8003.076979,-100.003992
0,53.259998,0.000018,0.115700,-9151.609335,-100.041075
2,93.338997,-0.000740,0.123215,-9742.569487,-100.006597
1,136.270004,-0.000687,0.133603,-10562.207533,-99.990423
6,116.000000,-0.002086,0.149103,-11791.342099,-100.023046
7,74.360001,-0.001653,0.176588,-13966.489570,-100.034808
