Stock_Index,Gourujia,Predictions,Shares,True_Portfolio_Value,True_Earnings_Rate
5,5.921750,-0.000453,0.072786,-7021.213122,-100.327534
2,93.489998,-0.000740,0.088065,-8469.004582,-100.013187
4,208.100006,-0.001086,0.091399,-8789.232401,-100.008597
0,72.449997,0.000018,0.095476,-9179.816867,-99.991832
6,139.139999,-0.002086,0.107735,-10359.480102,-100.002639
7,69.889999,-0.001653,0.114366,-10997.660177,-100.008418
8,295.970001,0.000580,0.126785,-12191.446902,-100.002429
3,67.732002,-0.000093,0.142099,-13665.870215,-100.016363
1,158.960007,-0.000687,0.161289,-15509.692408,-100.005445
