Stock_Index,Gourujia,Predictions,Shares,True_Portfolio_Value,True_Earnings_Rate
0,115.750000,0.000018,0.084402,-4126.827634,-100.005316
2,158.820007,-0.000740,0.090615,-4430.131066,-99.994474
7,34.860001,-0.001653,0.090713,-4437.539012,-100.058189
5,13.361000,-0.000453,0.095684,-4672.105030,-99.872670
4,278.119995,-0.001086,0.103250,-5047.685734,-99.991479
1,214.889999,-0.000687,0.125911,-6155.869165,-99.997107
3,80.333000,-0.000093,0.132424,-6473.199347,-99.979773
8,325.730011,0.000580,0.134710,-6585.986141,-99.995444
6,102.879997,-0.002086,0.142292,-6956.249324,-99.991253
