Stock_Index,Gourujia,Predictions,Shares,True_Portfolio_Value,True_Earnings_Rate
5,12.839250,-0.000453,0.059893,-2884.370130,-99.934157
0,121.209999,0.000018,0.085219,-4106.820998,-99.998776
4,283.019989,-0.001086,0.087619,-4222.119364,-99.990394
7,57.709999,-0.001653,0.090773,-4374.828687,-100.009333
3,101.236504,-0.000093,0.106726,-5142.827390,-99.989779
2,152.601501,-0.000740,0.117714,-5672.564733,-99.994931
1,236.479996,-0.000687,0.122759,-5916.165483,-100.002223
6,155.089996,-0.002086,0.143432,-6912.897914,-100.010098
8,376.480011,0.000580,0.185866,-8957.151685,-99.998186
