Stock_Index,Gourujia,Predictions,Shares,True_Portfolio_Value,True_Earnings_Rate
8,250.300003,0.000580,0.067501,-4901.060043,-99.999649
5,5.240250,-0.000453,0.071526,-5202.229632,-100.181117
4,194.320007,-0.001086,0.085876,-6235.582361,-100.007389
7,73.089996,-0.001653,0.106946,-7767.165228,-100.030283
0,64.282501,0.000018,0.114583,-8319.467465,-99.999335
1,144.460007,-0.000687,0.121011,-8786.378019,-100.001919
6,129.100006,-0.002086,0.138871,-10082.692843,-99.998801
3,64.571999,-0.000093,0.145441,-10560.070762,-100.000516
2,90.085503,-0.000740,0.148244,-10763.811841,-100.003666
