Stock_Index,Gourujia,Predictions,Shares,True_Portfolio_Value,True_Earnings_Rate
4,240.279999,-0.001086,0.082047,-3643.966885,-99.998876
6,99.730003,-0.002086,0.089000,-3952.663234,-99.997189
7,44.630001,-0.001653,0.094649,-4204.320689,-100.017641
2,150.443497,-0.000740,0.098239,-4363.236657,-100.001985
5,10.227250,-0.000453,0.099783,-4435.503854,-100.088837
3,75.844002,-0.000093,0.118889,-5280.413907,-100.001705
8,304.070007,0.000580,0.123237,-5473.277112,-99.996686
1,208.039993,-0.000687,0.143680,-6381.975971,-100.009615
0,97.724998,0.000018,0.150477,-6684.128261,-100.012669
