Stock_Index,Gourujia,Predictions,Shares,True_Portfolio_Value,True_Earnings_Rate
5,47.077000,-0.000453,0.077350,-4564.807435,-100.071442
8,503.700012,0.000580,0.083941,-4950.273368,-99.999787
3,122.029999,-0.000093,0.093713,-5527.653781,-100.019228
4,316.010010,-0.001086,0.096609,-5698.127399,-100.013805
2,135.360001,-0.000740,0.106393,-6276.210009,-100.030076
7,101.620003,-0.001653,0.112254,-6618.769455,-99.982817
1,355.079987,-0.000687,0.112633,-6642.786587,-100.006588
6,154.250000,-0.002086,0.138648,-8175.776353,-99.992063
0,195.100006,0.000018,0.178459,-10524.863038,-100.005202
