Stock_Index,Gourujia,Predictions,Shares,True_Portfolio_Value,True_Earnings_Rate
4,174.850006,-0.001086,0.058976,-2843.416924,-100.000622
5,18.334999,-0.000453,0.061137,-2943.724860,-99.871241
2,142.100006,-0.000740,0.064211,-3095.730088,-99.999010
3,119.550003,-0.000093,0.081854,-3946.240938,-99.995673
7,92.199997,-0.001653,0.094273,-4543.933150,-99.974654
1,291.320007,-0.000687,0.101446,-4891.060404,-100.001358
0,174.550003,0.000018,0.133949,-6458.150528,-100.001314
6,122.589996,-0.002086,0.154858,-7466.513739,-100.006346
8,545.000000,0.000580,0.249296,-12019.301217,-99.999926
