Stock_Index,Gourujia,Predictions,Shares,True_Portfolio_Value,True_Earnings_Rate
5,15.372000,-0.000453,0.077291,-2923.211356,-99.837013
4,158.050003,-0.001086,0.079673,-3017.525342,-99.973923
7,83.139999,-0.001653,0.086560,-3278.507278,-99.979915
2,110.629997,-0.000740,0.091309,-3458.310487,-99.976451
3,110.367500,-0.000093,0.100043,-3789.581305,-99.988498
1,254.080002,-0.000687,0.129800,-4917.118410,-99.995932
8,502.429993,0.000580,0.137003,-5189.673575,-99.989461
0,148.470001,0.000018,0.137342,-5202.655799,-99.992332
6,108.000000,-0.002086,0.160978,-6095.833219,-99.958506
