Stock_Index,Gourujia,Predictions,Shares,True_Portfolio_Value,True_Earnings_Rate
2,76.956497,-0.000740,0.074416,-2649.823744,-100.033221
5,3.405500,-0.000453,0.080612,-2921.629990,-101.829954
4,135.679993,-0.001086,0.083999,-2990.703190,-100.021719
0,39.480000,0.000018,0.103154,-3681.725566,-100.265766
1,101.120003,-0.000687,0.106422,-3789.651560,-100.037067
3,52.734001,-0.000093,0.120623,-4296.061544,-100.053261
7,69.690002,-0.001653,0.137281,-4887.730848,-100.022202
8,243.490005,0.000580,0.140577,-5004.680249,-100.011355
6,99.309998,-0.002086,0.152916,-5444.429914,-100.022558
