Stock_Index,Gourujia,Predictions,Shares,True_Portfolio_Value,True_Earnings_Rate
5,15.838000,-0.000453,0.075500,-2511.950985,-100.279578
4,170.880005,-0.001086,0.079167,-2627.417822,-100.028059
2,115.540001,-0.000740,0.087105,-2890.908970,-100.028867
7,86.080002,-0.001653,0.094761,-3144.214208,-100.005953
3,119.353500,-0.000093,0.107831,-3578.690217,-100.026218
0,147.039993,0.000018,0.122947,-4079.714886,-100.010111
1,267.660004,-0.000687,0.128368,-4259.324077,-100.004423
8,518.630005,0.000580,0.146789,-4870.403065,-100.000626
6,114.360001,-0.002086,0.157532,-5227.316870,-100.011545
