Stock_Index,Gourujia,Predictions,Shares,True_Portfolio_Value,True_Earnings_Rate
5,6.673750,0.103347,0.079457,-1158.362817,-100.226222
8,267.829987,0.305216,0.084821,-1216.114624,-100.005194
6,94.300003,0.350123,0.087675,-1259.069361,-99.908892
1,165.130005,-0.747879,0.103159,-1470.607274,-99.999963
0,66.517502,0.766555,0.109596,-1587.581340,-99.989191
7,43.849998,-0.847767,0.110249,-1549.448296,-100.037756
4,174.279999,0.173550,0.115258,-1652.134424,-99.997012
3,60.349998,1.235715,0.125091,-1828.805592,-100.000590
2,102.150002,-0.408179,0.184692,-2634.331947,-100.000115
