Stock_Index,Gourujia,Predictions,Shares,True_Portfolio_Value,True_Earnings_Rate
5,47.061001,-0.000453,0.044103,-3028.675423,-100.037351
4,299.170013,-0.001086,0.083069,-5702.554109,-100.000559
0,182.910004,0.000018,0.096934,-6655.437612,-100.016230
7,114.510002,-0.001653,0.103701,-7119.103690,-100.004281
2,135.360001,-0.000740,0.110529,-7586.548091,-99.986533
3,134.460007,-0.000093,0.113893,-7818.161409,-99.995588
1,332.880005,-0.000687,0.144338,-9908.790434,-100.002692
8,476.940002,0.000580,0.146626,-10065.303504,-99.996568
6,144.960007,-0.002086,0.156807,-10764.967000,-100.005926
