Stock_Index,Gourujia,Predictions,Shares,True_Portfolio_Value,True_Earnings_Rate
5,13.365750,-0.000453,0.084864,-4128.032888,-99.724277
7,49.529999,-0.001653,0.093843,-4580.094330,-100.058729
4,267.480011,-0.001086,0.093862,-4578.115429,-99.992541
0,132.029999,0.000018,0.100090,-4880.934254,-99.972732
3,94.003502,-0.000093,0.110056,-5368.284693,-99.997694
6,135.970001,-0.002086,0.114893,-5604.617068,-100.006192
2,163.169006,-0.000740,0.117487,-5730.424264,-99.991864
1,224.339996,-0.000687,0.127607,-6224.444637,-99.998750
8,350.839996,0.000580,0.157298,-7672.603524,-99.996640
