Stock_Index,Gourujia,Predictions,Shares,True_Portfolio_Value,True_Earnings_Rate
4,242.029999,-0.001086,0.082656,-3642.370460,-99.994253
6,98.160004,-0.002086,0.090843,-4003.687536,-100.008965
2,148.098495,-0.000740,0.096936,-4269.677547,-99.948475
7,43.520000,-0.001653,0.098951,-4362.916713,-100.054496
5,10.201500,-0.000453,0.100584,-4419.507895,-99.707261
3,75.842499,-0.000093,0.121814,-5366.106789,-99.959774
8,306.529999,0.000580,0.123897,-5460.258475,-100.003284
1,202.880005,-0.000687,0.137528,-6059.495338,-99.979257
0,96.327499,0.000018,0.146790,-6467.547614,-99.978350
