Stock_Index,Gourujia,Predictions,Shares,True_Portfolio_Value,True_Earnings_Rate
5,3.729500,-0.000453,0.035619,-2141.275799,-99.861959
4,169.250000,-0.001086,0.059463,-3579.823788,-99.993370
2,81.665497,-0.000740,0.066573,-4007.336268,-99.981030
0,42.812500,0.000018,0.082872,-4987.491484,-99.960374
1,105.739998,-0.000687,0.099458,-5987.242319,-99.986855
3,57.070999,-0.000093,0.105933,-6376.837800,-99.984031
7,74.820000,-0.001653,0.148873,-8961.735794,-99.986316
8,268.209991,0.000580,0.160661,-9673.132098,-100.002651
6,104.250000,-0.002086,0.240548,-14482.971808,-100.004242
