Stock_Index,Gourujia,Predictions,Shares,True_Portfolio_Value,True_Earnings_Rate
5,42.103001,-0.000453,0.069986,-4184.371191,-99.977542
8,469.359985,0.000580,0.088869,-5314.818838,-100.003561
2,128.360001,-0.000740,0.091543,-5474.079896,-99.991429
4,291.989990,-0.001086,0.091790,-5489.382714,-100.001717
1,341.269989,-0.000687,0.107013,-6399.930921,-100.003498
3,120.110001,-0.000093,0.107827,-6448.683354,-100.004378
7,102.919998,-0.001653,0.120387,-7199.232118,-99.997737
6,143.210007,-0.002086,0.147856,-8841.656934,-99.994512
0,191.809998,0.000018,0.174729,-10449.692774,-100.003080
