Stock_Index,Gourujia,Predictions,Shares,True_Portfolio_Value,True_Earnings_Rate
5,14.850250,-0.000453,0.060525,-3778.792869,-99.814398
4,296.519989,-0.001086,0.100587,-6291.486494,-99.994797
7,55.270000,-0.001653,0.110024,-6881.299083,-99.990206
8,396.540009,0.000580,0.117132,-7326.618281,-99.997614
0,131.940002,0.000018,0.119370,-7465.752467,-99.986450
3,112.625999,-0.000093,0.119791,-7491.696979,-99.981506
1,257.170013,-0.000687,0.121378,-7591.852776,-99.994028
6,147.369995,-0.002086,0.125268,-7834.540271,-99.987138
2,165.451996,-0.000740,0.125925,-7876.277650,-99.994212
