Stock_Index,Gourujia,Predictions,Shares,True_Portfolio_Value,True_Earnings_Rate
5,19.323000,-0.000453,0.054271,-2713.053419,-99.873276
2,97.180000,-0.000740,0.083973,-4202.383390,-99.978622
3,95.220001,-0.000093,0.096186,-4813.432633,-99.974934
1,240.610001,-0.000687,0.102761,-5143.065140,-99.987427
4,141.500000,-0.001086,0.108810,-5444.911057,-99.971610
0,141.860001,0.000018,0.109126,-5461.792140,-99.989641
7,113.209999,-0.001653,0.132401,-6624.957702,-99.965194
8,492.500000,0.000580,0.153423,-7679.663001,-100.000008
6,139.119995,-0.002086,0.159048,-7960.754463,-99.995570
