Stock_Index,Gourujia,Predictions,Shares,True_Portfolio_Value,True_Earnings_Rate
5,3.239250,-0.000453,0.066203,-2671.703974,-100.599041
2,68.872498,-0.000740,0.070691,-2837.225765,-100.035738
4,124.949997,-0.001086,0.086759,-3481.105294,-100.005721
0,37.682499,0.000018,0.106118,-4260.595894,-100.069567
1,98.230003,-0.000687,0.110642,-4441.034686,-100.043403
3,49.562500,-0.000093,0.117234,-4704.260378,-100.013438
8,238.339996,0.000580,0.129910,-5212.738413,-100.009615
7,68.120003,-0.001653,0.150835,-6055.105632,-100.057352
6,94.169998,-0.002086,0.161608,-6485.354323,-100.023142
