Stock_Index,Gourujia,Predictions,Shares,True_Portfolio_Value,True_Earnings_Rate
7,43.619999,-0.001653,0.067488,-2612.889524,-99.963502
6,92.589996,-0.002086,0.074007,-2866.226087,-99.995228
4,216.080002,-0.001086,0.090728,-3513.719183,-99.990335
8,286.880005,0.000580,0.104672,-4054.031621,-99.996518
5,9.155000,-0.000453,0.105956,-4101.508448,-99.946441
0,88.407501,0.000018,0.125137,-4845.557296,-99.974227
1,196.330002,-0.000687,0.128197,-4965.037770,-99.994555
3,68.126999,-0.000093,0.132080,-5113.837683,-99.963160
2,134.643494,-0.000740,0.171736,-6651.882681,-100.003453
