Stock_Index,Gourujia,Predictions,Shares,True_Portfolio_Value,True_Earnings_Rate
5,42.997002,-0.000453,0.029551,-1819.192552,-100.018682
2,126.419998,-0.000740,0.084356,-5191.932026,-99.995694
8,459.859985,0.000580,0.090225,-5553.264147,-99.997167
1,337.339996,-0.000687,0.111251,-6846.931227,-99.990692
3,123.669998,-0.000093,0.114204,-7028.675083,-99.990768
4,273.350006,-0.001086,0.115325,-7097.508150,-99.988824
7,105.160004,-0.001653,0.122836,-7559.985555,-99.993422
6,141.490005,-0.002086,0.148905,-9164.295323,-99.992053
0,183.949997,0.000018,0.183346,-11284.395385,-99.993946
