Stock_Index,Gourujia,Predictions,Shares,True_Portfolio_Value,True_Earnings_Rate
5,4.855250,-0.000453,0.067288,-4211.950964,-99.991516
8,236.990005,0.000580,0.074211,-4645.587438,-99.988271
4,189.550003,-0.001086,0.102525,-6418.645765,-99.997667
0,58.592499,0.000018,0.114805,-7187.157738,-99.993386
6,119.680000,-0.002086,0.116740,-7308.303520,-99.995335
7,68.230003,-0.001653,0.123575,-7736.630930,-100.001935
3,62.150002,-0.000093,0.129433,-8102.430461,-99.987364
1,140.410004,-0.000687,0.131980,-8263.179888,-100.003661
2,88.871498,-0.000740,0.139444,-8729.578262,-99.993656
