Stock_Index,Gourujia,Predictions,Shares,True_Portfolio_Value,True_Earnings_Rate
5,5.254500,-0.000453,0.061367,-5403.204708,-99.935819
7,69.669998,-0.001653,0.067174,-5919.071355,-100.006194
8,276.549988,0.000580,0.081510,-7182.023717,-99.999621
0,65.502502,0.000018,0.099504,-8767.617876,-100.001341
3,65.007004,-0.000093,0.110574,-9743.621204,-100.007674
4,197.929993,-0.001086,0.115543,-10180.438244,-99.997733
1,149.479996,-0.000687,0.144136,-12699.985616,-99.999508
6,129.929993,-0.002086,0.159578,-14059.768606,-99.994923
2,86.735497,-0.000740,0.160615,-14150.968701,-99.992706
