Stock_Index,Gourujia,Predictions,Shares,True_Portfolio_Value,True_Earnings_Rate
5,15.082000,-0.000453,0.073201,-2601.034500,-99.964049
4,163.270004,-0.001086,0.079234,-2816.474652,-99.999175
2,109.220001,-0.000740,0.088077,-3130.538048,-99.990161
7,84.500000,-0.001653,0.088939,-3161.303402,-99.995248
3,114.020500,-0.000093,0.101679,-3615.102631,-100.020758
1,253.669998,-0.000687,0.123550,-4391.876262,-100.001479
0,145.860001,0.000018,0.132199,-4699.338590,-100.001741
8,514.419983,0.000580,0.138641,-4928.493885,-100.005045
6,112.970001,-0.002086,0.174480,-6202.594844,-100.008345
