Stock_Index,Gourujia,Predictions,Shares,True_Portfolio_Value,True_Earnings_Rate
5,41.610001,-0.000453,0.074433,-5041.528678,-99.964910
2,129.119995,-0.000740,0.077638,-5259.816994,-99.987210
4,299.079987,-0.001086,0.088342,-5985.620732,-99.998049
0,174.789993,0.000018,0.093241,-6317.450202,-99.995793
3,130.250000,-0.000093,0.114660,-7768.593884,-99.994947
7,114.940002,-0.001653,0.119171,-8073.711574,-99.990290
1,317.010010,-0.000687,0.121594,-8238.771348,-99.999473
8,506.100006,0.000580,0.125105,-8476.599159,-99.998375
6,145.729996,-0.002086,0.185814,-12589.553817,-99.996618
