Stock_Index,Gourujia,Predictions,Shares,True_Portfolio_Value,True_Earnings_Rate
5,5.638000,-0.000453,0.069432,-3339.281441,-100.331034
1,89.470001,-0.000687,0.086885,-4165.198658,-100.001000
4,152.220001,-0.001086,0.087896,-4213.487800,-99.996514
3,50.347000,-0.000093,0.098615,-4727.663310,-100.003475
2,74.852501,-0.000740,0.110445,-5297.746482,-100.059891
6,108.169998,-0.002086,0.122419,-5868.625017,-100.001454
0,42.084999,0.000018,0.124731,-5981.076715,-100.026400
8,217.960007,0.000580,0.131094,-6284.473128,-99.998865
7,73.699997,-0.001653,0.168485,-8078.172767,-100.016485
