Stock_Index,Gourujia,Predictions,Shares,True_Portfolio_Value,True_Earnings_Rate
4,295.440002,-0.001086,0.068409,-3719.051135,-99.992007
5,13.821000,-0.000453,0.075901,-4115.426535,-99.729999
0,134.179993,0.000018,0.086821,-4721.175908,-100.015603
6,100.139999,-0.002086,0.106629,-5796.410443,-99.985055
7,39.430000,-0.001653,0.108678,-5909.455449,-100.015484
2,174.955994,-0.000740,0.112791,-6132.076455,-99.994743
1,227.270004,-0.000687,0.119749,-6510.150662,-99.991601
3,82.753998,-0.000093,0.158459,-8611.476857,-99.955342
8,312.829987,0.000580,0.162563,-8837.827009,-99.992516
