Stock_Index,Gourujia,Predictions,Shares,True_Portfolio_Value,True_Earnings_Rate
5,100.449997,-0.000453,0.046014,-2050.201907,-99.963035
4,475.730011,-0.001086,0.079180,-3528.920067,-99.992040
2,161.020004,-0.000740,0.087126,-3883.266808,-99.996500
8,569.960022,0.000580,0.105658,-4709.460715,-100.000496
3,159.250000,-0.000093,0.112462,-5012.855362,-100.003797
6,194.899994,-0.002086,0.124804,-5561.967809,-99.985875
0,209.270004,0.000018,0.126366,-5632.680860,-100.004681
1,395.149994,-0.000687,0.150271,-6697.737341,-99.997160
7,114.769997,-0.001653,0.168118,-7493.627826,-100.004643
