Stock_Index,Gourujia,Predictions,Shares,True_Portfolio_Value,True_Earnings_Rate
4,490.130005,-0.001086,0.032864,-2234.471969,-99.994996
5,79.112000,-0.000453,0.036079,-2451.895972,-99.950385
2,176.759995,-0.000740,0.066348,-4511.063155,-99.995346
3,138.460007,-0.000093,0.092187,-6268.622924,-100.006918
1,413.640015,-0.000687,0.117869,-8014.290949,-99.998915
7,104.519997,-0.001653,0.121826,-8282.287582,-99.987993
8,493.600006,0.000580,0.129280,-8790.397062,-100.001677
0,180.750000,0.000018,0.189498,-12885.169688,-100.003346
6,186.059998,-0.002086,0.214049,-14554.203415,-100.002229
