Stock_Index,Gourujia,Predictions,Shares,True_Portfolio_Value,True_Earnings_Rate
5,111.430000,-0.000453,0.053712,-2510.763991,-100.014288
4,602.580017,-0.001086,0.080781,-3775.852836,-100.007274
3,162.240005,-0.000093,0.104007,-4862.645999,-100.030808
2,201.360001,-0.000740,0.105586,-4936.011861,-100.021780
6,248.119995,-0.002086,0.107013,-5002.043650,-100.008652
0,223.850006,0.000018,0.111236,-5199.623409,-100.012035
7,117.889999,-0.001653,0.134407,-6281.981338,-100.001152
1,390.579987,-0.000687,0.139944,-6541.308315,-100.007841
8,515.719971,0.000580,0.163313,-7633.035889,-99.999880
