Stock_Index,Gourujia,Predictions,Shares,True_Portfolio_Value,True_Earnings_Rate
4,164.149994,-0.001086,0.072530,-4394.184574,-99.987693
5,3.344500,-0.000453,0.084130,-4995.326218,-98.007237
3,51.937000,-0.000093,0.085075,-5153.390880,-99.971025
0,43.325001,0.000018,0.092461,-5597.735447,-99.917067
2,84.634499,-0.000740,0.098579,-5971.528341,-99.974540
8,236.559998,0.000580,0.114165,-6916.998321,-99.992561
1,119.839996,-0.000687,0.115394,-6990.332547,-99.977197
6,106.459999,-0.002086,0.161096,-9758.193872,-99.971497
7,71.879997,-0.001653,0.176571,-10695.039319,-99.967291
