Stock_Index,Gourujia,Predictions,Shares,True_Portfolio_Value,True_Earnings_Rate
5,28.337000,-0.000453,0.046265,-2379.960466,-99.745163
4,333.739990,-0.001086,0.096312,-4966.829706,-99.992972
7,61.540001,-0.001653,0.101297,-5224.523871,-100.007145
0,174.330002,0.000018,0.105753,-5453.195757,-99.983875
2,169.091507,-0.000740,0.116383,-6001.408714,-99.985410
1,328.339996,-0.000687,0.121496,-6265.629057,-99.994202
3,143.906998,-0.000093,0.133707,-6894.931102,-99.987870
6,159.130005,-0.002086,0.133877,-6904.789076,-100.004717
8,479.459991,0.000580,0.144910,-7473.073416,-99.993609
