Stock_Index,Gourujia,Predictions,Shares,True_Portfolio_Value,True_Earnings_Rate
2,138.410004,-0.000740,0.066899,-4077.104686,-99.988812
5,40.855000,-0.000453,0.071032,-4322.169032,-99.832258
4,301.640015,-0.001086,0.072984,-4448.247483,-99.995037
3,129.559998,-0.000093,0.089957,-5482.413495,-99.989527
1,321.010010,-0.000687,0.092756,-5653.381812,-99.997073
0,177.789993,0.000018,0.117790,-7179.043245,-99.994741
7,111.830002,-0.001653,0.151101,-9209.559765,-99.999281
6,154.449997,-0.002086,0.164640,-10034.747684,-99.998660
8,508.010010,0.000580,0.172841,-10534.754849,-99.998872
