Stock_Index,Gourujia,Predictions,Shares,True_Portfolio_Value,True_Earnings_Rate
5,13.964000,-0.000453,0.078468,-3517.680033,-100.064523
2,159.784500,-0.000740,0.085101,-3812.745804,-100.001007
0,115.080002,0.000018,0.086006,-3853.296524,-100.000831
7,33.500000,-0.001653,0.113108,-5059.495132,-99.847153
4,258.119995,-0.001086,0.113483,-5083.849673,-99.991626
1,209.830002,-0.000687,0.117714,-5273.741118,-99.998300
8,323.170013,0.000580,0.131088,-5873.080846,-100.000729
3,72.957001,-0.000093,0.133129,-5963.091354,-99.977371
6,99.730003,-0.002086,0.141903,-6356.130672,-99.979598
