Stock_Index,Gourujia,Predictions,Shares,True_Portfolio_Value,True_Earnings_Rate
5,48.784000,-0.000453,0.045664,-2911.281814,-99.979930
2,134.910004,-0.000740,0.067352,-4294.761206,-99.999121
4,297.989990,-0.001086,0.084026,-5358.227721,-100.003270
0,184.119995,0.000018,0.092940,-5925.876988,-99.989686
3,134.570007,-0.000093,0.105487,-6726.110858,-99.992801
7,109.809998,-0.001653,0.111227,-7091.886009,-99.991169
1,328.410004,-0.000687,0.133586,-8518.340741,-99.999648
6,148.759995,-0.002086,0.167298,-10668.228841,-100.002717
8,492.829987,0.000580,0.192421,-12270.234175,-100.000536
