Stock_Index,Gourujia,Predictions,Shares,True_Portfolio_Value,True_Earnings_Rate
5,40.111000,-0.000453,0.029702,-1922.747599,-100.145702
3,123.669998,-0.000093,0.087503,-5656.585221,-100.005248
7,104.040001,-0.001653,0.093878,-6069.363574,-100.017339
2,121.660004,-0.000740,0.096206,-6219.273576,-100.007329
4,262.519989,-0.001086,0.117241,-7578.299286,-99.996821
0,177.300003,0.000018,0.118012,-7628.440134,-100.000159
1,331.209991,-0.000687,0.121694,-7866.610099,-100.002582
6,137.460007,-0.002086,0.123857,-8006.887145,-100.009321
8,479.850006,0.000580,0.211907,-13697.489268,-99.996815
