Stock_Index,Gourujia,Predictions,Shares,True_Portfolio_Value,True_Earnings_Rate
5,120.910004,-0.000453,0.049246,-3234.112460,-99.971164
0,207.149994,0.000018,0.084369,-5541.654285,-99.986397
6,194.360001,-0.002086,0.094761,-6225.500328,-100.007547
8,496.220001,0.000580,0.103383,-6791.556464,-100.001283
4,507.470001,-0.001086,0.103541,-6801.810940,-99.999469
7,112.169998,-0.001653,0.117270,-7704.374746,-100.009910
1,432.679993,-0.000687,0.135739,-8916.612989,-99.995567
2,187.229996,-0.000740,0.153424,-10078.867478,-100.000971
3,176.619995,-0.000093,0.158267,-10396.510339,-99.996262
