Stock_Index,Gourujia,Predictions,Shares,True_Portfolio_Value,True_Earnings_Rate
5,31.746000,-0.000453,0.044943,-2726.500872,-99.909239
2,179.001999,-0.000740,0.090101,-5470.978859,-99.999942
7,63.130001,-0.001653,0.090290,-5481.901789,-99.991242
3,145.781998,-0.000093,0.099787,-6059.050179,-99.998411
4,337.250000,-0.001086,0.101216,-6145.733232,-99.996669
0,161.410004,0.000018,0.134210,-8149.216118,-99.997969
1,337.679993,-0.000687,0.134835,-8187.294301,-99.999798
6,168.279999,-0.002086,0.149648,-9087.105360,-100.004680
8,447.130005,0.000580,0.154970,-9409.797152,-99.998490
