Stock_Index,Gourujia,Predictions,Shares,True_Portfolio_Value,True_Earnings_Rate
5,5.373000,-0.000453,0.053703,-2037.777613,-100.274802
2,83.276497,-0.000740,0.065217,-2468.745183,-100.027516
1,106.160004,-0.000687,0.095270,-3604.985312,-99.988097
3,53.574501,-0.000093,0.098545,-3730.372065,-100.027658
0,51.869999,0.000018,0.100026,-3787.510850,-100.055522
4,150.350006,-0.001086,0.103734,-3925.991013,-100.007429
8,261.010010,0.000580,0.139106,-5264.362609,-100.000000
6,108.379997,-0.002086,0.168984,-6394.571089,-99.993975
7,81.949997,-0.001653,0.175415,-6638.626611,-100.004625
