Stock_Index,Gourujia,Predictions,Shares,True_Portfolio_Value,True_Earnings_Rate
5,13.990000,-0.000453,0.050866,-2718.627079,-99.799984
4,162.059998,-0.001086,0.083528,-4472.209235,-99.973578
2,129.820007,-0.000740,0.096129,-5147.197765,-99.979796
3,108.379997,-0.000093,0.097665,-5229.519454,-99.980874
7,94.910004,-0.001653,0.102863,-5507.871971,-99.982495
6,118.599998,-0.002086,0.122648,-6568.122157,-99.995957
0,154.460007,0.000018,0.134711,-7213.700423,-99.987916
1,258.519989,-0.000687,0.136210,-7294.183797,-99.991213
8,527.510010,0.000580,0.175381,-9392.806619,-100.001143
