Stock_Index,Gourujia,Predictions,Shares,True_Portfolio_Value,True_Earnings_Rate
8,427.179993,0.000580,0.070589,-1591.458763,-99.999573
5,98.889999,-0.000453,0.079518,-1792.095257,-99.961673
0,199.740005,0.000018,0.088499,-1995.017477,-99.987964
4,500.279999,-0.001086,0.095114,-2144.238569,-99.992168
2,173.179993,-0.000740,0.105661,-2381.603361,-99.975775
6,235.589996,-0.002086,0.126040,-2841.357014,-99.990574
3,151.470001,-0.000093,0.136711,-3081.705142,-99.983302
7,108.300003,-0.001653,0.145371,-3277.693116,-100.007963
1,366.820007,-0.000687,0.152497,-3437.940317,-99.994431
