Stock_Index,Gourujia,Predictions,Shares,True_Portfolio_Value,True_Earnings_Rate
5,14.315000,-0.000453,0.055731,-2857.442260,-99.791356
4,124.739998,-0.001086,0.065313,-3355.259207,-99.983273
2,85.820000,-0.000740,0.086674,-4453.787348,-100.009270
0,125.070000,0.000018,0.097590,-5013.843552,-99.991795
3,89.120003,-0.000093,0.107250,-5511.314409,-100.013171
7,106.510002,-0.001653,0.110570,-5680.963948,-99.997271
1,239.580002,-0.000687,0.116047,-5963.702136,-100.018670
6,135.119995,-0.002086,0.173325,-8904.888160,-99.993131
8,518.640015,0.000580,0.187500,-9634.456930,-100.005330
