Stock_Index,Gourujia,Predictions,Shares,True_Portfolio_Value,True_Earnings_Rate
5,6.292500,-0.000453,0.066371,-4715.759231,-99.979179
4,209.360001,-0.001086,0.090411,-6425.803859,-100.002906
6,111.529999,-0.002086,0.100320,-7130.679795,-100.013282
2,92.146004,-0.000740,0.101642,-7225.043808,-100.017782
3,60.645500,-0.000093,0.105134,-7473.442293,-100.018882
1,105.120003,-0.000687,0.127223,-9042.425805,-100.006538
8,255.419998,0.000580,0.127261,-9044.970648,-100.003835
7,82.220001,-0.001653,0.138397,-9836.150949,-100.003110
0,47.599998,0.000018,0.143241,-10178.653905,-99.983733
