Stock_Index,Gourujia,Predictions,Shares,True_Portfolio_Value,True_Earnings_Rate
5,19.410000,-0.000453,0.057100,-4008.087018,-99.951391
7,57.759998,-0.001653,0.083440,-5860.945808,-100.019594
6,152.860001,-0.002086,0.089012,-6251.714269,-100.008312
2,179.259995,-0.000740,0.098238,-6898.640618,-99.991840
4,346.230011,-0.001086,0.101153,-7103.609456,-99.995892
0,145.399994,0.000018,0.105686,-7421.787164,-99.993409
8,414.640015,0.000580,0.142191,-9985.973185,-99.999344
3,127.549004,-0.000093,0.155843,-10944.213116,-99.994655
1,281.399994,-0.000687,0.167336,-11751.194497,-99.994064
