Stock_Index,Gourujia,Predictions,Shares,True_Portfolio_Value,True_Earnings_Rate
5,139.559998,-0.000453,0.062027,-4065.239752,-99.995649
8,564.640015,0.000580,0.069242,-4538.393506,-100.001205
7,120.269997,-0.001653,0.105512,-6915.752139,-100.004714
0,230.759995,0.000018,0.108376,-7103.302088,-100.000357
2,184.710007,-0.000740,0.112006,-7340.793088,-99.995127
6,223.410004,-0.002086,0.114228,-7486.531509,-99.996865
4,563.690002,-0.001086,0.116650,-7645.422669,-99.998717
3,162.779999,-0.000093,0.150754,-9880.832662,-100.000226
1,424.600006,-0.000687,0.161204,-10565.714469,-99.999928
