Stock_Index,Gourujia,Predictions,Shares,True_Portfolio_Value,True_Earnings_Rate
4,197.649994,-0.001086,0.058631,-1877.539395,-100.023338
5,17.594999,-0.000453,0.066433,-2133.667096,-100.320583
2,108.859001,-0.000740,0.070665,-2263.061924,-100.029907
3,114.394997,-0.000093,0.110185,-3527.844046,-100.006077
1,269.500000,-0.000687,0.113817,-3644.385859,-100.012532
7,85.019997,-0.001653,0.114071,-3651.087582,-99.975765
0,154.509995,0.000018,0.117915,-3776.430454,-100.034453
6,118.889999,-0.002086,0.154137,-4934.968368,-100.005323
8,488.010010,0.000580,0.194146,-6215.771158,-100.000783
