Stock_Index,Gourujia,Predictions,Shares,True_Portfolio_Value,True_Earnings_Rate
7,41.740002,-0.001653,0.061796,-4167.746590,-100.027130
0,136.690002,0.000018,0.083844,-5654.005816,-100.009806
4,277.000000,-0.001086,0.094670,-6383.402776,-100.000287
6,125.339996,-0.002086,0.096092,-6479.283033,-100.002103
2,164.197998,-0.000740,0.115742,-7803.668140,-99.992986
5,12.900000,-0.000453,0.116576,-7858.151836,-99.974053
3,88.697998,-0.000093,0.127902,-8625.074947,-100.010343
1,224.960007,-0.000687,0.143696,-9689.283569,-100.001603
8,345.950012,0.000580,0.159681,-10766.870561,-99.998833
