Stock_Index,Gourujia,Predictions,Shares,True_Portfolio_Value,True_Earnings_Rate
5,138.070007,-0.000453,0.062945,-4539.166195,-100.034760
0,231.300003,0.000018,0.090807,-6545.798667,-99.995260
7,124.080002,-0.001653,0.099182,-7151.563655,-100.024599
2,187.539993,-0.000740,0.101906,-7346.169193,-99.999574
6,221.479996,-0.002086,0.101964,-7350.236402,-99.998149
4,590.419983,-0.001086,0.112154,-8085.106164,-100.001195
3,164.960007,-0.000093,0.138941,-10015.874928,-99.998165
1,419.140015,-0.000687,0.139482,-10055.054422,-100.000228
8,605.400024,0.000580,0.152619,-11003.648893,-100.013974
