Stock_Index,Gourujia,Predictions,Shares,True_Portfolio_Value,True_Earnings_Rate
5,22.339001,-0.000453,0.055473,-4383.242878,-100.032581
7,54.049999,-0.001653,0.076320,-6028.386472,-99.998631
0,155.110001,0.000018,0.102801,-8120.794643,-100.004337
4,377.570007,-0.001086,0.103546,-8179.257618,-99.999699
8,415.390015,0.000580,0.119090,-9407.278556,-100.000487
2,176.274994,-0.000740,0.126221,-9971.097117,-100.006691
6,158.500000,-0.002086,0.134063,-10589.497896,-99.997259
1,300.209991,-0.000687,0.135924,-10737.306638,-100.003301
3,143.690994,-0.000093,0.146563,-11577.410811,-100.000727
