Stock_Index,Gourujia,Predictions,Shares,True_Portfolio_Value,True_Earnings_Rate
4,180.050003,-0.001086,0.028288,-1991.548073,-99.996740
0,52.217499,0.000018,0.091855,-6466.656583,-99.991948
3,62.431999,-0.000093,0.105044,-7394.863786,-99.987860
2,94.809998,-0.000740,0.105790,-7447.317613,-99.987036
1,108.209999,-0.000687,0.115533,-8133.328466,-99.988542
5,6.403000,-0.000453,0.119082,-8356.706054,-99.679518
7,78.559998,-0.001653,0.139398,-9814.742058,-100.004057
6,113.889999,-0.002086,0.144780,-10192.709461,-99.994160
8,260.910004,0.000580,0.150229,-10576.730843,-99.996243
