Stock_Index,Gourujia,Predictions,Shares,True_Portfolio_Value,True_Earnings_Rate
5,6.244000,-0.000453,0.073680,-4964.302050,-100.131995
4,184.759995,-0.001086,0.094398,-6352.763345,-100.008503
0,45.430000,0.000018,0.106150,-7144.624116,-100.021301
3,58.296501,-0.000093,0.107340,-7225.982386,-100.038716
8,222.770004,0.000580,0.116102,-7812.185731,-99.991675
7,75.239998,-0.001653,0.117849,-7931.172076,-100.012601
6,117.660004,-0.002086,0.118181,-7953.349359,-100.010247
2,79.919502,-0.000740,0.131374,-8841.100949,-100.008018
1,96.769997,-0.000687,0.134927,-9081.863929,-100.025514
