Stock_Index,Gourujia,Predictions,Shares,True_Portfolio_Value,True_Earnings_Rate
5,5.597000,-0.000453,0.066056,-2934.796788,-100.215167
2,75.892998,-0.000740,0.083020,-3682.721009,-100.051129
1,95.349998,-0.000687,0.090361,-4007.292471,-100.024819
4,165.839996,-0.001086,0.101832,-4515.917005,-100.022786
0,41.310001,0.000018,0.112585,-4993.392343,-100.033931
3,53.690498,-0.000093,0.118246,-5247.417728,-100.090939
8,234.339996,0.000580,0.126062,-5589.231112,-100.000219
6,110.930000,-0.002086,0.129370,-5735.999169,-100.004236
7,79.570000,-0.001653,0.172467,-7647.998660,-100.019418
