Stock_Index,Gourujia,Predictions,Shares,True_Portfolio_Value,True_Earnings_Rate
4,204.190002,-0.001086,0.084332,-4922.310042,-99.986656
5,6.008250,-0.000453,0.090534,-5260.128916,-99.535614
2,100.209999,-0.000740,0.092823,-5417.456731,-99.977613
0,77.165001,0.000018,0.097215,-5672.706843,-99.957908
8,274.019989,0.000580,0.103479,-6040.222101,-99.991028
3,74.129997,-0.000093,0.127320,-7435.049601,-100.034270
1,174.380005,-0.000687,0.129698,-7569.902166,-99.981428
7,60.730000,-0.001653,0.136584,-7974.765061,-100.020737
6,133.369995,-0.002086,0.138015,-8055.851336,-99.989283
