Stock_Index,Gourujia,Predictions,Shares,True_Portfolio_Value,True_Earnings_Rate
5,115.430000,-0.000453,0.051874,-2297.696739,-99.984454
4,582.359985,-0.001086,0.091450,-4051.266035,-99.999499
8,503.799988,0.000580,0.097269,-4309.113761,-100.000237
6,234.970001,-0.002086,0.115045,-5096.183050,-99.992567
3,160.669998,-0.000093,0.120277,-5327.730080,-99.987650
2,192.820007,-0.000740,0.121141,-5366.250947,-99.992735
0,212.690002,0.000018,0.125528,-5560.703532,-99.994397
7,113.639999,-0.001653,0.137764,-6102.152057,-99.986400
1,383.519989,-0.000687,0.139651,-6186.469233,-99.997093
