Stock_Index,Gourujia,Predictions,Shares,True_Portfolio_Value,True_Earnings_Rate
5,26.733999,-0.000453,0.066303,-2325.404675,-100.029499
4,211.490005,-0.001086,0.086653,-3037.928026,-99.988602
2,161.491501,-0.000740,0.096193,-3372.338523,-99.987108
7,82.199997,-0.001653,0.098954,-3469.728511,-100.005340
6,139.649994,-0.002086,0.112098,-3929.839985,-99.984931
1,299.160004,-0.000687,0.118616,-4158.771177,-99.994569
3,136.101501,-0.000093,0.125625,-4403.880855,-99.979943
0,165.380005,0.000018,0.134605,-4719.062159,-99.987552
8,507.660004,0.000580,0.160955,-5643.597806,-100.000910
