Stock_Index,Gourujia,Predictions,Shares,True_Portfolio_Value,True_Earnings_Rate
4,459.410004,-0.001086,0.039310,-2291.297714,-100.002234
5,69.332001,-0.000453,0.080728,-4706.460270,-100.023257
3,143.679993,-0.000093,0.081026,-4722.653041,-99.997968
2,170.309998,-0.000740,0.083047,-4840.765137,-100.004013
8,502.959991,0.000580,0.106313,-6196.493720,-99.996975
0,187.679993,0.000018,0.128910,-7513.432548,-99.995421
7,101.550003,-0.001653,0.134077,-7814.330697,-99.993235
1,405.649994,-0.000687,0.148419,-8650.931320,-100.000097
6,174.500000,-0.002086,0.198170,-11550.360492,-99.998033
