Stock_Index,Gourujia,Predictions,Shares,True_Portfolio_Value,True_Earnings_Rate
5,19.503000,-0.000453,0.068128,-4417.969520,-99.958368
7,58.220001,-0.001653,0.087469,-5673.314357,-99.979180
4,373.279999,-0.001086,0.094921,-6158.768359,-100.010958
6,151.699997,-0.002086,0.096449,-6256.792887,-99.994375
2,181.516006,-0.000740,0.105334,-6833.938682,-100.004633
0,144.979996,0.000018,0.107421,-6968.873349,-99.996867
3,136.093994,-0.000093,0.111047,-7204.438130,-100.001711
8,409.170013,0.000580,0.158853,-10305.638321,-99.998268
1,286.220001,-0.000687,0.170377,-11053.380008,-99.999658
