Stock_Index,Gourujia,Predictions,Shares,True_Portfolio_Value,True_Earnings_Rate
5,27.360001,-0.000453,0.058299,-2475.675878,-100.196063
7,83.160004,-0.001653,0.087370,-3703.179069,-100.006234
4,233.889999,-0.001086,0.089502,-3793.482743,-100.003764
2,168.346497,-0.000740,0.107441,-4554.365816,-100.015339
3,142.971497,-0.000093,0.120382,-5102.765042,-100.011744
0,178.440002,0.000018,0.120594,-5111.677906,-100.010717
6,135.910004,-0.002086,0.125997,-5340.820420,-100.014047
1,314.970001,-0.000687,0.126667,-5368.759570,-100.004150
8,510.019989,0.000580,0.163749,-6939.983535,-99.997047
