Stock_Index,Gourujia,Predictions,Shares,True_Portfolio_Value,True_Earnings_Rate
3,104.441498,-0.000093,0.078468,-3826.525695,-100.001978
7,49.950001,-0.001653,0.083400,-4063.383929,-99.915631
4,268.100006,-0.001086,0.092209,-4496.575845,-100.002121
0,136.759995,0.000018,0.097475,-4753.259655,-99.999198
5,13.591000,-0.000453,0.103941,-5045.875564,-99.554795
2,167.607498,-0.000740,0.112359,-5479.360211,-100.005222
1,242.199997,-0.000687,0.128201,-6251.580073,-99.999540
6,137.979996,-0.002086,0.137253,-6692.210849,-99.988742
8,324.510010,0.000580,0.166696,-8128.842783,-100.000161
