Stock_Index,Gourujia,Predictions,Shares,True_Portfolio_Value,True_Earnings_Rate
5,6.769500,-0.000453,0.090413,-4652.109039,-98.997712
4,213.139999,-0.001086,0.090484,-4703.043744,-99.997716
8,302.200012,0.000580,0.090973,-4728.807624,-100.003766
2,107.493500,-0.000740,0.103079,-5358.145877,-100.006514
0,81.217499,0.000018,0.103103,-5359.063675,-99.999697
7,60.930000,-0.001653,0.109050,-5668.499011,-100.007560
1,183.710007,-0.000687,0.118553,-6161.819377,-99.995162
3,75.669502,-0.000093,0.130234,-6769.016867,-99.995345
6,137.880005,-0.002086,0.164111,-8530.250485,-100.002213
