Stock_Index,Gourujia,Predictions,Shares,True_Portfolio_Value,True_Earnings_Rate
5,20.938999,-0.000453,0.073091,-4231.640224,-99.819397
4,324.540009,-0.001086,0.088854,-5153.406871,-99.996235
7,61.070000,-0.001653,0.093315,-5410.899794,-99.975252
6,161.000000,-0.002086,0.105161,-6098.807451,-99.990543
1,296.309998,-0.000687,0.113235,-6567.249006,-99.992744
3,137.582001,-0.000093,0.114905,-6663.368441,-99.981386
2,164.214005,-0.000740,0.127303,-7383.479324,-99.997118
0,140.910004,0.000018,0.138875,-8053.744895,-99.985790
8,403.549988,0.000580,0.145262,-8424.525472,-99.989887
