Stock_Index,Gourujia,Predictions,Shares,True_Portfolio_Value,True_Earnings_Rate
8,295.000000,0.000580,0.037910,-1740.255918,-99.996445
3,172.899994,-0.000093,0.088490,-4062.298376,-100.001809
4,642.320007,-0.001086,0.089826,-4123.538055,-99.999695
2,206.020004,-0.000740,0.095450,-4381.884052,-100.003073
5,135.500000,-0.000453,0.100027,-4592.026402,-100.003768
0,200.210007,0.000018,0.101786,-4672.570762,-99.999476
1,460.690002,-0.000687,0.118840,-5455.559425,-100.001575
7,103.519997,-0.001653,0.174945,-8032.002168,-100.013248
6,265.290009,-0.002086,0.192726,-8847.455318,-100.002566
