Stock_Index,Gourujia,Predictions,Shares,True_Portfolio_Value,True_Earnings_Rate
5,4.982750,-0.000453,0.051200,-2109.166682,-100.214614
2,81.558502,-0.000740,0.059731,-2456.112773,-100.024415
0,48.057499,0.000018,0.093510,-3846.484730,-100.059624
3,52.398499,-0.000093,0.095649,-3931.678171,-99.988000
1,106.940002,-0.000687,0.098894,-4066.203842,-100.017387
4,142.160004,-0.001086,0.102988,-4233.375271,-99.989880
8,269.220001,0.000580,0.141273,-5808.112982,-100.005925
7,78.000000,-0.001653,0.176368,-7251.072021,-100.010066
6,109.589996,-0.002086,0.180388,-7417.020941,-100.019014
