Stock_Index,Gourujia,Predictions,Shares,True_Portfolio_Value,True_Earnings_Rate
6,248.550003,-0.002086,0.070002,-3550.184477,-99.997193
5,141.949997,-0.000453,0.079974,-4057.269375,-100.030062
2,197.119995,-0.000740,0.083499,-4234.352506,-99.988977
3,164.759995,-0.000093,0.094057,-4769.787037,-99.989446
8,590.869995,0.000580,0.102313,-5188.829106,-99.995768
4,559.140015,-0.001086,0.108013,-5477.993919,-99.998101
1,417.000000,-0.000687,0.109661,-5561.630309,-99.998973
7,121.790001,-0.001653,0.166099,-8425.011017,-100.012363
0,229.869995,0.000018,0.186381,-9452.159212,-99.994359
