Stock_Index,Gourujia,Predictions,Shares,True_Portfolio_Value,True_Earnings_Rate
4,293.410004,-0.001086,0.082741,-2861.302231,-100.017445
5,14.562000,-0.000453,0.100115,-3477.141602,-100.453833
0,118.690002,0.000018,0.100119,-3462.258001,-100.016994
8,347.459991,0.000580,0.101167,-3497.836006,-99.997904
2,165.568497,-0.000740,0.106969,-3699.648331,-100.031376
3,87.986504,-0.000093,0.114289,-3951.573005,-99.998909
7,32.779999,-0.001653,0.124143,-4276.485293,-99.636346
1,223.720001,-0.000687,0.133697,-4623.129465,-100.010778
6,102.959999,-0.002086,0.136759,-4722.599822,-99.876672
