Stock_Index,Gourujia,Predictions,Shares,True_Portfolio_Value,True_Earnings_Rate
8,237.770004,0.000580,0.057238,-3523.340183,-99.994360
4,750.010010,-0.001086,0.059234,-3646.257007,-99.995394
2,214.750000,-0.000740,0.073156,-4503.708470,-100.006771
5,173.720001,-0.000453,0.101594,-6252.804259,-99.979558
7,109.639999,-0.001653,0.120724,-7433.029097,-100.019082
6,289.369995,-0.002086,0.129285,-7958.175558,-99.994209
3,189.130005,-0.000093,0.132312,-8143.747108,-99.983731
1,524.109985,-0.000687,0.146640,-9026.668741,-99.995848
0,202.380005,0.000018,0.179817,-11069.206431,-99.997637
