Stock_Index,Gourujia,Predictions,Shares,True_Portfolio_Value,True_Earnings_Rate
5,42.412998,-0.000453,0.066436,-4139.723322,-100.005343
8,477.880005,0.000580,0.083853,-5224.954307,-100.002937
2,130.220001,-0.000740,0.089042,-5548.073767,-99.999057
4,286.019989,-0.001086,0.093547,-5828.211267,-99.989939
1,337.989990,-0.000687,0.102865,-6409.437932,-99.999860
3,119.900002,-0.000093,0.104705,-6523.224626,-99.987230
7,107.459999,-0.001653,0.145436,-9062.303746,-100.004775
6,146.610001,-0.002086,0.149313,-9304.306480,-100.009227
0,192.460007,0.000018,0.164803,-10269.064609,-100.003060
