Stock_Index,Gourujia,Predictions,Shares,True_Portfolio_Value,True_Earnings_Rate
5,16.137251,-0.000453,0.067200,-3677.945881,-100.086913
4,307.820007,-0.001086,0.093754,-5127.078486,-100.001735
7,56.980000,-0.001653,0.105084,-5746.940772,-100.009884
0,134.500000,0.000018,0.105864,-5789.333436,-100.001882
2,168.954498,-0.000740,0.120043,-6564.324200,-99.996446
1,259.500000,-0.000687,0.120442,-6586.307029,-99.998163
3,114.262497,-0.000093,0.122210,-6683.144212,-100.000958
8,390.010010,0.000580,0.129309,-7071.290312,-99.999343
6,152.169998,-0.002086,0.136094,-7441.925587,-99.995138
