Stock_Index,Gourujia,Predictions,Shares,True_Portfolio_Value,True_Earnings_Rate
2,146.740005,-0.000740,0.063852,-5027.958221,-99.995418
5,47.776001,-0.000453,0.071111,-5598.579945,-99.979683
7,104.570000,-0.001653,0.096712,-7616.148347,-100.005595
4,338.230011,-0.001086,0.097445,-7673.748578,-100.003102
1,377.429993,-0.000687,0.106319,-8372.243490,-99.999173
6,153.539993,-0.002086,0.107182,-8440.339422,-100.001486
3,136.690002,-0.000093,0.125637,-9893.734762,-100.001500
0,189.970001,0.000018,0.137139,-10799.406419,-100.000499
8,547.099976,0.000580,0.194602,-15324.574289,-100.001176
