Stock_Index,Gourujia,Predictions,Shares,True_Portfolio_Value,True_Earnings_Rate
5,49.278999,-0.000453,0.067468,-5304.839221,-99.994325
3,141.520004,-0.000093,0.075557,-5941.562465,-100.005765
4,354.829987,-0.001086,0.080795,-6352.998555,-99.997627
2,153.410004,-0.000740,0.107523,-8454.789041,-100.000298
8,520.030029,0.000580,0.108101,-8500.211408,-99.998982
7,102.139999,-0.001653,0.108196,-8508.011981,-100.004612
1,374.660004,-0.000687,0.129895,-10213.988333,-100.000421
0,193.050003,0.000018,0.140130,-11018.744259,-99.999732
6,168.389999,-0.002086,0.182336,-14336.903690,-99.996449
