Stock_Index,Gourujia,Predictions,Shares,True_Portfolio_Value,True_Earnings_Rate
5,4.608250,-0.000453,0.075380,-5482.333472,-100.852370
0,56.764999,0.000018,0.094328,-6804.444473,-100.020760
4,179.679993,-0.001086,0.105668,-7621.327721,-100.006010
8,221.240005,0.000580,0.108583,-7831.392973,-100.002315
7,68.019997,-0.001653,0.117685,-8489.851302,-100.028810
3,60.412498,-0.000093,0.121829,-8788.665168,-100.025012
6,114.370003,-0.002086,0.123057,-8876.639257,-100.019715
1,137.119995,-0.000687,0.123557,-8911.781166,-100.007753
2,86.633003,-0.000740,0.129912,-9371.061172,-100.018231
