Stock_Index,Gourujia,Predictions,Shares,True_Portfolio_Value,True_Earnings_Rate
5,6.005000,-0.000453,0.079465,-6015.141213,-99.469844
8,284.089996,0.000580,0.087516,-6660.204964,-99.997801
0,77.237503,0.000018,0.101496,-7721.470794,-99.963882
3,71.586502,-0.000093,0.109205,-8309.450048,-99.981805
2,91.417000,-0.000740,0.117437,-8936.047219,-99.985197
4,214.869995,-0.001086,0.118143,-8990.613697,-99.993718
6,132.029999,-0.002086,0.121858,-9272.542874,-99.986356
1,162.279999,-0.000687,0.124420,-9467.758482,-99.988041
7,64.739998,-0.001653,0.140459,-10689.521525,-100.002149
