Stock_Index,Gourujia,Predictions,Shares,True_Portfolio_Value,True_Earnings_Rate
5,128.279999,-0.000453,0.046755,-3060.383424,-100.015032
0,221.550003,0.000018,0.072260,-4728.712773,-99.990345
8,489.890015,0.000580,0.094525,-6186.421043,-100.000785
2,197.589996,-0.000740,0.096090,-6288.346591,-99.993864
4,509.959991,-0.001086,0.106040,-6939.165125,-99.988809
6,208.690002,-0.002086,0.129271,-8461.015903,-100.009040
3,185.820007,-0.000093,0.137255,-8981.641187,-99.986332
7,114.760002,-0.001653,0.144162,-9435.753556,-100.010619
1,460.769989,-0.000687,0.173642,-11363.909453,-99.996825
