Stock_Index,Gourujia,Predictions,Shares,True_Portfolio_Value,True_Earnings_Rate
5,6.300750,-0.000453,0.067362,-4745.354295,-100.071951
4,208.089996,-0.001086,0.094918,-6681.905093,-99.995746
6,109.889999,-0.002086,0.097902,-6891.392997,-99.988562
2,90.648499,-0.000740,0.098480,-6932.906321,-99.999556
3,59.955002,-0.000093,0.103969,-7319.549020,-100.001698
8,252.929993,0.000580,0.125802,-8856.514697,-100.000360
1,104.400002,-0.000687,0.128341,-9033.628685,-99.982995
7,82.010002,-0.001653,0.139863,-9847.072241,-100.009104
0,47.970001,0.000018,0.143363,-10093.245248,-100.004786
