Stock_Index,Gourujia,Predictions,Shares,True_Portfolio_Value,True_Earnings_Rate
5,59.653999,-0.000453,0.062833,-5081.048089,-99.993857
0,193.889999,0.000018,0.086864,-7024.584694,-99.996580
4,381.779999,-0.001086,0.087354,-7064.302851,-99.997664
8,512.989990,0.000580,0.090202,-7294.733545,-99.999041
2,154.779999,-0.000740,0.099386,-8037.056023,-99.994845
3,145.990005,-0.000093,0.114017,-9220.268545,-99.995091
7,96.820000,-0.001653,0.115941,-9375.119361,-99.988437
1,396.510010,-0.000687,0.152463,-12329.771222,-99.998484
6,170.110001,-0.002086,0.190941,-15442.138221,-100.003883
