Stock_Index,Gourujia,Predictions,Shares,True_Portfolio_Value,True_Earnings_Rate
5,49.097000,-0.000453,0.074242,-6001.917861,-99.873110
3,135.729996,-0.000093,0.078831,-6379.940134,-99.983309
4,351.950012,-0.001086,0.082990,-6717.275055,-99.994634
2,145.240005,-0.000740,0.097548,-7894.641364,-99.981940
7,102.629997,-0.001653,0.103922,-8413.250559,-100.016372
0,181.179993,0.000018,0.111132,-8994.500075,-99.986816
8,537.380005,0.000580,0.113259,-9167.864215,-100.000298
1,367.750000,-0.000687,0.147043,-11901.882155,-99.994916
6,172.270004,-0.002086,0.191033,-15463.291735,-100.000843
