Stock_Index,Gourujia,Predictions,Shares,True_Portfolio_Value,True_Earnings_Rate
5,16.270000,-0.000453,0.064895,-2367.220675,-100.169672
2,93.410004,-0.000740,0.069623,-2535.281916,-99.993829
4,111.410004,-0.001086,0.074168,-2701.525094,-100.021443
0,148.110001,0.000018,0.085561,-3116.431180,-100.017970
3,97.459999,-0.000093,0.090894,-3310.558626,-100.014953
1,247.490005,-0.000687,0.103514,-3770.001220,-100.009465
8,537.619995,0.000580,0.151015,-5499.575703,-100.001860
7,113.209999,-0.001653,0.152681,-5561.560734,-100.026935
6,136.740005,-0.002086,0.207647,-7562.690608,-100.012895
