Stock_Index,Gourujia,Predictions,Shares,True_Portfolio_Value,True_Earnings_Rate
7,115.230003,-0.001653,0.080932,-4211.856856,-99.995943
3,104.639999,-0.000093,0.095654,-4977.014779,-99.974853
6,128.500000,-0.002086,0.099757,-5191.580044,-99.997038
4,214.000000,-0.001086,0.101041,-5257.890038,-99.986336
2,97.830002,-0.000740,0.101796,-5295.419768,-99.953332
5,26.495001,-0.000453,0.101838,-5300.263655,-100.004561
1,283.489990,-0.000687,0.115791,-6025.812392,-99.992186
8,521.190002,0.000580,0.128452,-6685.110462,-99.998154
0,160.100006,0.000018,0.174740,-9092.355919,-99.979054
