Stock_Index,Gourujia,Predictions,Shares,True_Portfolio_Value,True_Earnings_Rate
2,154.995499,-0.000740,0.081975,-3440.032776,-100.024036
4,239.869995,-0.001086,0.086209,-3617.336624,-100.012831
7,43.610001,-0.001653,0.090923,-3814.324187,-99.995273
6,98.690002,-0.002086,0.094655,-3971.009201,-99.997027
5,10.438750,-0.000453,0.103314,-4346.785719,-100.287853
3,78.242500,-0.000093,0.123628,-5188.842805,-100.039902
1,211.750000,-0.000687,0.129453,-5432.300986,-100.021001
8,306.709991,0.000580,0.130804,-5488.079971,-100.004000
0,97.272499,0.000018,0.159038,-6675.600460,-100.047891
