Stock_Index,Gourujia,Predictions,Shares,True_Portfolio_Value,True_Earnings_Rate
5,87.528000,-0.000453,0.033885,-2331.466328,-100.023127
4,505.950012,-0.001086,0.081688,-5619.689205,-100.008934
3,135.410004,-0.000093,0.083250,-5725.984738,-99.987776
2,175.350006,-0.000740,0.095269,-6554.137210,-100.011133
1,406.220001,-0.000687,0.113789,-7827.441943,-100.001032
7,108.379997,-0.001653,0.114796,-7896.100608,-99.994567
8,476.570007,0.000580,0.136969,-9421.435788,-99.994533
0,170.729996,0.000018,0.143712,-9885.055291,-99.993111
6,188.220001,-0.002086,0.196642,-13526.596006,-99.999802
