Stock_Index,Gourujia,Predictions,Shares,True_Portfolio_Value,True_Earnings_Rate
7,47.169998,-0.001653,0.058384,-2464.758138,-100.001349
6,99.870003,-0.002086,0.060832,-2567.742456,-99.986259
5,8.932500,-0.000453,0.082826,-3486.109494,-99.701653
4,228.580002,-0.001086,0.100863,-4257.823414,-99.992561
8,285.149994,0.000580,0.103121,-4353.431426,-99.998613
1,187.740005,-0.000687,0.131750,-5561.945232,-99.996606
0,84.699997,0.000018,0.133929,-5653.333487,-99.985488
2,127.250999,-0.000740,0.159768,-6744.373727,-99.991505
3,70.646004,-0.000093,0.168527,-7114.222740,-99.992187
