Stock_Index,Gourujia,Predictions,Shares,True_Portfolio_Value,True_Earnings_Rate
5,4.326000,-0.000453,0.068347,-4768.032021,-98.920817
0,54.740002,0.000018,0.101204,-7136.872556,-99.984547
4,174.600006,-0.001086,0.110369,-7783.168657,-99.984531
6,113.250000,-0.002086,0.114219,-8056.492129,-100.008304
8,216.750000,0.000580,0.116777,-8236.645708,-100.002968
3,58.896000,-0.000093,0.119197,-8405.631988,-99.983489
2,85.661499,-0.000740,0.122145,-8614.245147,-99.992400
7,67.150002,-0.001653,0.123450,-8705.241080,-99.981706
1,134.649994,-0.000687,0.124292,-8765.560189,-99.991064
