Stock_Index,Gourujia,Predictions,Shares,True_Portfolio_Value,True_Earnings_Rate
4,174.940002,-0.001086,0.044900,-1939.460165,-100.004988
5,23.216000,-0.000453,0.054091,-2338.560855,-100.097195
3,90.059998,-0.000093,0.073087,-3156.746151,-99.996307
2,94.230003,-0.000740,0.075830,-3276.087176,-100.023457
1,249.419998,-0.000687,0.109320,-4722.082428,-100.005096
7,109.910004,-0.001653,0.127229,-5494.873559,-99.991924
8,475.940002,0.000580,0.133960,-5786.145068,-100.000318
0,147.410004,0.000018,0.143556,-6201.198787,-100.009734
6,143.350006,-0.002086,0.238027,-10281.347650,-100.003904
