Stock_Index,Gourujia,Predictions,Shares,True_Portfolio_Value,True_Earnings_Rate
5,19.193001,-0.000453,0.049682,-2404.088499,-99.980491
2,97.519997,-0.000740,0.081479,-3944.077615,-100.012696
1,242.580002,-0.000687,0.101873,-4930.709751,-100.000919
3,99.790001,-0.000093,0.104599,-5063.681490,-100.021211
0,141.110001,0.000018,0.107523,-5203.749196,-99.992904
4,143.270004,-0.001086,0.108686,-5260.409219,-100.000634
7,112.760002,-0.001653,0.123691,-5986.054372,-99.991780
6,137.270004,-0.002086,0.160460,-7765.661126,-99.993765
8,485.809998,0.000580,0.162006,-7840.888281,-99.997561
