Stock_Index,Gourujia,Predictions,Shares,True_Portfolio_Value,True_Earnings_Rate
5,116.910004,-0.000453,0.036362,-2389.323360,-99.983838
2,184.520004,-0.000740,0.072686,-4776.526689,-99.992765
3,151.160004,-0.000093,0.091949,-6041.891209,-99.984729
6,207.229996,-0.002086,0.092887,-6104.504741,-100.001469
7,109.720001,-0.001653,0.096505,-6341.381489,-99.987542
4,511.829987,-0.001086,0.119563,-7857.160800,-99.994813
1,423.040009,-0.000687,0.131192,-8621.663491,-99.997798
0,222.660004,0.000018,0.158028,-10385.491393,-99.999778
8,589.750000,0.000580,0.200828,-13198.356215,-100.000383
