Stock_Index,Gourujia,Predictions,Shares,True_Portfolio_Value,True_Earnings_Rate
5,4.344500,-0.000453,0.054613,-3610.343516,-99.594318
8,246.860001,0.000580,0.069546,-4617.086581,-100.005735
4,166.289993,-0.001086,0.089686,-5953.434359,-99.994994
2,88.712997,-0.000740,0.099701,-6618.135862,-99.993980
0,47.185001,0.000018,0.106106,-7045.362073,-100.022010
3,59.868999,-0.000093,0.128044,-8501.055516,-100.010551
1,117.660004,-0.000687,0.138551,-9197.446067,-99.998196
6,98.930000,-0.002086,0.142377,-9450.473075,-99.989935
7,79.919998,-0.001653,0.171375,-11374.581178,-99.983822
