Stock_Index,Gourujia,Predictions,Shares,True_Portfolio_Value,True_Earnings_Rate
4,172.619995,-0.001086,0.026256,-2014.436135,-99.996587
5,6.333000,-0.000453,0.074422,-5676.604032,-99.418667
0,53.759998,0.000018,0.080901,-6207.287972,-99.999913
2,94.170998,-0.000740,0.098162,-7530.743900,-99.987958
1,105.980003,-0.000687,0.109346,-8388.939945,-99.990433
3,60.870499,-0.000093,0.120286,-9228.657187,-99.994154
7,78.830002,-0.001653,0.124705,-9566.282768,-99.981945
6,115.320000,-0.002086,0.160451,-12310.991850,-100.002636
8,261.690002,0.000580,0.205471,-15765.436252,-100.001390
