Stock_Index,Gourujia,Predictions,Shares,True_Portfolio_Value,True_Earnings_Rate
5,5.913500,-0.000453,0.070694,-2746.269449,-100.063746
3,54.207001,-0.000093,0.098490,-3823.224177,-99.982017
1,93.050003,-0.000687,0.109820,-4263.507267,-99.993207
4,176.619995,-0.001086,0.111661,-4334.743614,-99.988010
0,44.052502,0.000018,0.113847,-4419.837649,-99.992155
2,75.012497,-0.000740,0.121226,-4705.676902,-99.979402
6,113.320000,-0.002086,0.122367,-4750.243658,-99.986553
8,225.190002,0.000580,0.124349,-4827.655581,-99.993754
7,75.550003,-0.001653,0.127546,-4951.330170,-99.987446
