Stock_Index,Gourujia,Predictions,Shares,True_Portfolio_Value,True_Earnings_Rate
5,6.280750,-0.000453,0.063346,-4716.618147,-100.121508
4,206.919998,-0.001086,0.082655,-6147.218354,-99.999067
3,60.063000,-0.000093,0.096033,-7141.962018,-99.995626
2,89.831001,-0.000740,0.097083,-7219.537394,-99.989878
6,106.849998,-0.002086,0.117227,-8718.697035,-100.004302
1,104.190002,-0.000687,0.122707,-9125.007376,-99.988645
0,47.757500,0.000018,0.125193,-9310.696517,-99.996714
7,82.690002,-0.001653,0.128876,-9583.815265,-99.990966
8,256.049988,0.000580,0.166880,-12410.906192,-99.995979
