Stock_Index,Gourujia,Predictions,Shares,True_Portfolio_Value,True_Earnings_Rate
6,250.289993,-0.002086,0.071769,-3559.267099,-100.000511
5,136.020004,-0.000453,0.076313,-3784.417625,-99.995152
2,201.449997,-0.000740,0.083995,-4164.925876,-99.984451
3,167.649994,-0.000093,0.094918,-4707.045013,-99.994793
8,605.830017,0.000580,0.101198,-5018.738926,-99.999739
4,565.109985,-0.001086,0.110070,-5458.568783,-99.997380
1,418.790009,-0.000687,0.111938,-5551.101190,-99.994811
7,119.970001,-0.001653,0.163390,-8104.071294,-100.014013
0,232.869995,0.000018,0.186409,-9244.281929,-99.995980
