Stock_Index,Gourujia,Predictions,Shares,True_Portfolio_Value,True_Earnings_Rate
4,315.459991,-0.001086,0.078423,-4458.811991,-100.005576
5,14.165500,-0.000453,0.080631,-4587.386923,-100.075025
7,62.189999,-0.001653,0.092728,-5274.136488,-100.046163
3,114.445999,-0.000093,0.110433,-6279.091590,-100.010156
2,163.519501,-0.000740,0.113108,-6430.964923,-100.007168
0,126.269997,0.000018,0.115449,-6564.218002,-100.008957
1,245.179993,-0.000687,0.120644,-6859.205229,-100.003508
6,164.669998,-0.002086,0.127419,-7244.686723,-100.008617
8,408.630005,0.000580,0.161163,-9162.504985,-99.998954
