Stock_Index,Gourujia,Predictions,Shares,True_Portfolio_Value,True_Earnings_Rate
8,399.920013,0.000580,0.068127,-1618.298286,-99.996961
5,114.500000,-0.000453,0.077914,-1850.938238,-100.005202
0,205.350006,0.000018,0.092021,-2186.293891,-100.015566
4,597.020020,-0.001086,0.094803,-2252.029883,-99.999370
2,189.979996,-0.000740,0.112255,-2666.879336,-100.010155
1,435.279999,-0.000687,0.127529,-3029.426683,-99.999531
6,252.509995,-0.002086,0.135414,-3216.722044,-99.999922
3,164.029999,-0.000093,0.143798,-3415.906867,-99.999331
7,106.209999,-0.001653,0.148139,-3519.926091,-100.026430
