Stock_Index,Gourujia,Predictions,Shares,True_Portfolio_Value,True_Earnings_Rate
8,249.559998,0.000580,0.051030,-3660.740244,-100.019392
4,773.440002,-0.001086,0.052966,-3799.052386,-100.003977
5,177.869995,-0.000453,0.095043,-6817.664823,-100.013273
7,111.639999,-0.001653,0.106691,-7653.354282,-100.016192
6,296.239990,-0.002086,0.118069,-8468.908613,-100.007921
3,191.899994,-0.000093,0.120195,-8621.456449,-100.007577
2,234.110001,-0.000740,0.134274,-9634.133839,-100.036870
1,533.500000,-0.000687,0.134538,-9649.825372,-100.003328
0,207.570007,0.000018,0.187195,-13427.929463,-100.012199
