Stock_Index,Gourujia,Predictions,Shares,True_Portfolio_Value,True_Earnings_Rate
7,68.800003,-0.001653,0.076783,-6121.407888,-100.006352
5,5.214250,-0.000453,0.078829,-6276.678146,-99.888147
4,193.190002,-0.001086,0.080341,-6404.778029,-100.000107
8,253.570007,0.000580,0.102964,-8208.082283,-99.996501
0,66.117500,0.000018,0.117989,-9407.102235,-100.010502
1,147.309998,-0.000687,0.120656,-9618.332168,-99.996553
3,64.808998,-0.000093,0.136413,-10873.204878,-99.984637
2,87.655502,-0.000740,0.136826,-10907.640246,-99.999031
6,128.479996,-0.002086,0.149198,-11893.859900,-99.999273
