Stock_Index,Gourujia,Predictions,Shares,True_Portfolio_Value,True_Earnings_Rate
2,125.980003,-0.000740,0.071103,-4704.706591,-100.000000
5,41.910999,-0.000453,0.078784,-5211.279345,-99.968499
4,298.959991,-0.001086,0.091990,-6086.840422,-100.001368
0,171.960007,0.000018,0.092845,-6143.672014,-100.005197
3,128.570007,-0.000093,0.111650,-7386.772285,-99.988173
1,312.140015,-0.000687,0.121459,-8036.662435,-99.999334
8,505.450012,0.000580,0.124412,-8232.181731,-100.000674
7,116.410004,-0.001653,0.125567,-8306.103200,-99.972478
6,144.929993,-0.002086,0.182191,-12054.605174,-99.995965
