Stock_Index,Gourujia,Predictions,Shares,True_Portfolio_Value,True_Earnings_Rate
6,236.380005,-0.002086,0.065716,-3398.652734,-99.998928
5,148.880005,-0.000453,0.077207,-3993.246947,-100.005663
8,605.450012,0.000580,0.077625,-4014.540481,-99.997198
2,210.050003,-0.000740,0.097350,-5035.016404,-100.004257
4,591.700012,-0.001086,0.109498,-5663.090753,-100.000675
1,425.429993,-0.000687,0.114168,-5904.675108,-100.001602
3,180.750000,-0.000093,0.132250,-6840.291834,-100.007395
7,121.150002,-0.001653,0.158970,-8221.590625,-100.000273
0,227.479996,0.000018,0.167216,-8648.258380,-100.001006
