Stock_Index,Gourujia,Predictions,Shares,True_Portfolio_Value,True_Earnings_Rate
5,7.414250,-0.000453,0.076046,-3863.704018,-99.199696
4,217.800003,-0.001086,0.090044,-4612.110446,-100.000654
8,302.140015,0.000580,0.092329,-4728.989750,-99.996546
0,79.750000,0.000018,0.103417,-5296.101835,-99.981970
2,107.783501,-0.000740,0.104582,-5356.383784,-99.993759
7,59.880001,-0.001653,0.110398,-5653.773176,-99.987220
1,187.229996,-0.000687,0.121835,-6240.386769,-99.999857
3,75.972000,-0.000093,0.138225,-7079.576980,-99.995304
6,135.639999,-0.002086,0.163123,-8354.276076,-99.990013
