Stock_Index,Gourujia,Predictions,Shares,True_Portfolio_Value,True_Earnings_Rate
3,124.080002,-0.000093,0.066963,-3797.354424,-99.984751
2,133.089996,-0.000740,0.067956,-3853.430407,-99.978244
5,40.779999,-0.000453,0.069780,-3954.097215,-99.908813
4,301.269989,-0.001086,0.080560,-4568.608174,-99.988543
7,105.849998,-0.001653,0.093106,-5280.768866,-100.001876
1,338.109985,-0.000687,0.115296,-6538.842846,-99.993118
6,139.059998,-0.002086,0.145397,-8246.454478,-100.000621
0,170.770004,0.000018,0.172662,-9791.879919,-99.989129
8,535.559998,0.000580,0.188279,-10678.858941,-100.001386
