Stock_Index,Gourujia,Predictions,Shares,True_Portfolio_Value,True_Earnings_Rate
7,47.139999,-0.001653,0.057857,-2468.419921,-99.952827
6,101.250000,-0.002086,0.060845,-2596.947673,-99.992130
5,9.173750,-0.000453,0.088179,-3768.493892,-100.125786
4,232.500000,-0.001086,0.100073,-4271.390414,-99.994212
8,286.279999,0.000580,0.101893,-4349.012473,-99.991895
1,188.940002,-0.000687,0.131819,-5625.996196,-99.987187
0,85.747498,0.000018,0.133194,-5683.720572,-99.969495
2,128.634003,-0.000740,0.157502,-6722.133005,-99.987236
3,71.037003,-0.000093,0.168639,-7196.592657,-99.974734
