Stock_Index,Gourujia,Predictions,Shares,True_Portfolio_Value,True_Earnings_Rate
5,22.840000,-0.000453,0.073312,-3345.597793,-99.695323
6,146.610001,-0.002086,0.097952,-4483.369910,-99.990804
2,143.977997,-0.000740,0.100954,-4620.014402,-99.973519
4,301.709991,-0.001086,0.101580,-4649.323158,-99.987549
0,170.330002,0.000018,0.105313,-4820.039021,-99.984859
1,308.260010,-0.000687,0.112121,-5132.245469,-99.997150
3,133.350998,-0.000093,0.118861,-5440.343937,-99.989100
7,75.279999,-0.001653,0.133426,-6106.829271,-99.988055
8,466.059998,0.000580,0.156481,-7162.810418,-99.997024
