Stock_Index,Gourujia,Predictions,Shares,True_Portfolio_Value,True_Earnings_Rate
5,13.653250,-0.000453,0.081844,-3980.241735,-100.117889
7,46.900002,-0.001653,0.090330,-4389.861928,-100.047348
4,278.010010,-0.001086,0.094515,-4590.968774,-99.994811
0,142.919998,0.000018,0.094676,-4598.995462,-99.998826
3,94.713997,-0.000093,0.111748,-5427.917437,-99.992408
2,164.699997,-0.000740,0.116849,-5675.775090,-99.994106
6,132.119995,-0.002086,0.130686,-6348.399267,-100.003100
1,229.529999,-0.000687,0.132268,-6424.789770,-99.994717
8,347.809998,0.000580,0.147082,-7145.055159,-100.003912
