Stock_Index,Gourujia,Predictions,Shares,True_Portfolio_Value,True_Earnings_Rate
5,17.181000,-0.000453,0.059651,-2804.123716,-99.986127
2,133.619995,-0.000740,0.068305,-3211.452809,-99.998992
4,161.110001,-0.001086,0.069959,-3288.974236,-99.991772
7,98.000000,-0.001653,0.094104,-4424.133703,-99.993979
3,113.860001,-0.000093,0.095770,-4502.843955,-100.001312
1,276.440002,-0.000687,0.103490,-4865.807462,-100.000852
0,167.229996,0.000018,0.127367,-5988.330618,-99.998928
6,115.519997,-0.002086,0.140524,-6606.714371,-99.997904
8,535.799988,0.000580,0.240830,-11323.069129,-99.999770
