Stock_Index,Gourujia,Predictions,Shares,True_Portfolio_Value,True_Earnings_Rate
5,140.520004,-0.000453,0.062723,-4184.597016,-99.996313
8,565.239990,0.000580,0.068479,-4568.838730,-100.000976
6,225.500000,-0.002086,0.107024,-7140.775978,-100.005143
4,578.159973,-0.001086,0.112295,-7491.789856,-99.995535
2,188.389999,-0.000740,0.112973,-7536.811056,-99.993169
0,233.399994,0.000018,0.113172,-7550.576879,-99.999505
7,118.900002,-0.001653,0.119531,-7975.699383,-100.011538
3,166.720001,-0.000093,0.145397,-9699.605538,-99.989444
1,426.589996,-0.000687,0.158407,-10568.314233,-99.997073
