Stock_Index,Gourujia,Predictions,Shares,True_Portfolio_Value,True_Earnings_Rate
5,118.529999,-0.000453,0.051324,-2275.059813,-100.005929
4,586.000000,-0.001086,0.090486,-4010.652432,-99.997041
8,511.299988,0.000580,0.099487,-4409.673460,-99.997888
3,162.800003,-0.000093,0.116178,-5149.355131,-99.995526
2,194.949997,-0.000740,0.118095,-5234.376720,-99.996695
6,239.009995,-0.002086,0.122329,-5421.923309,-99.995439
0,214.100006,0.000018,0.123789,-5486.467013,-99.990990
7,115.900002,-0.001653,0.137539,-6096.515869,-100.002983
1,386.839996,-0.000687,0.140774,-6239.601717,-99.997063
