Stock_Index,Gourujia,Predictions,Shares,True_Portfolio_Value,True_Earnings_Rate
3,58.438999,-0.000093,0.073901,-4275.403318,-100.035683
5,3.913250,-0.000453,0.076955,-4485.265918,-100.792519
0,47.250000,0.000018,0.082444,-4771.195455,-100.067236
4,185.300003,-0.001086,0.088387,-5112.007941,-100.007567
2,93.449997,-0.000740,0.102893,-5950.877830,-100.005758
1,128.070007,-0.000687,0.110326,-6381.186357,-100.011361
8,241.380005,0.000580,0.124173,-7180.765653,-99.992162
7,75.910004,-0.001653,0.160451,-9279.147414,-100.000174
6,110.769997,-0.002086,0.180471,-10436.476125,-99.995285
