Stock_Index,Gourujia,Predictions,Shares,True_Portfolio_Value,True_Earnings_Rate
4,112.239998,-0.001086,0.038429,-1344.191995,-100.006613
5,16.518999,-0.000453,0.068181,-2386.877175,-100.091944
2,94.129997,-0.000740,0.071267,-2492.876323,-100.008157
0,151.070007,0.000018,0.087782,-3070.749079,-100.013099
3,98.459999,-0.000093,0.092473,-3234.748034,-100.010368
1,247.580002,-0.000687,0.105624,-3694.391203,-100.000147
7,113.610001,-0.001653,0.159463,-5577.610040,-100.003105
8,529.710022,0.000580,0.160348,-5608.311402,-99.997202
6,136.479996,-0.002086,0.216432,-7569.864037,-99.998605
