Stock_Index,Gourujia,Predictions,Shares,True_Portfolio_Value,True_Earnings_Rate
4,174.020004,-0.001086,0.076777,-3904.035182,-99.991510
5,5.824750,-0.000453,0.081961,-4149.318628,-99.558452
2,78.603996,-0.000740,0.090765,-4615.358216,-99.992842
0,44.222500,0.000018,0.101588,-5161.663803,-99.912978
3,51.314999,-0.000093,0.108611,-5520.715446,-99.953655
1,94.070000,-0.000687,0.124090,-6309.648705,-99.987753
8,234.149994,0.000580,0.132112,-6718.171310,-99.996820
7,76.540001,-0.001653,0.138642,-7049.864719,-99.993869
6,107.239998,-0.002086,0.145454,-7395.965450,-99.989710
