Stock_Index,Gourujia,Predictions,Shares,True_Portfolio_Value,True_Earnings_Rate
4,88.910004,-0.001086,0.040863,-1439.395106,-99.976466
5,13.421000,-0.000453,0.077366,-2714.994377,-99.602727
2,89.300003,-0.000740,0.083775,-2951.084333,-99.979129
3,83.430000,-0.000093,0.088859,-3129.473930,-99.955578
1,214.250000,-0.000687,0.091605,-3227.101084,-99.984699
0,138.880005,0.000018,0.096768,-3409.601507,-100.002597
6,127.199997,-0.002086,0.126542,-4457.563279,-99.978781
7,111.099998,-0.001653,0.168304,-5929.357892,-99.990250
8,543.609985,0.000580,0.225918,-7960.148390,-100.001850
