Stock_Index,Gourujia,Predictions,Shares,True_Portfolio_Value,True_Earnings_Rate
5,3.434750,-0.000453,0.042032,-1987.632651,-98.682523
0,41.312500,0.000018,0.063547,-3044.993148,-99.982631
2,83.521500,-0.000740,0.086434,-4140.959796,-99.965872
4,150.419998,-0.001086,0.095272,-4562.826852,-99.931722
1,106.379997,-0.000687,0.106100,-5085.775167,-100.017391
3,54.899502,-0.000093,0.108634,-5203.997753,-99.954294
8,270.369995,0.000580,0.149142,-7147.764438,-100.000233
6,104.410004,-0.002086,0.173614,-8321.109419,-100.008384
7,72.290001,-0.001653,0.175226,-8396.100035,-99.981184
