Stock_Index,Gourujia,Predictions,Shares,True_Portfolio_Value,True_Earnings_Rate
5,41.387001,-0.000453,0.068583,-4465.034870,-99.909025
7,111.080002,-0.001653,0.074287,-4841.397113,-100.013308
2,125.169998,-0.000740,0.079953,-5209.570168,-99.991177
4,308.649994,-0.001086,0.088120,-5741.873132,-99.994422
3,135.600006,-0.000093,0.110409,-7194.325707,-99.995122
1,326.670013,-0.000687,0.120095,-7825.638675,-99.997527
8,527.030029,0.000580,0.143771,-9368.863772,-100.001976
0,172.880005,0.000018,0.152228,-9919.731368,-99.999599
6,142.949997,-0.002086,0.162554,-10593.492801,-100.009608
