Stock_Index,Gourujia,Predictions,Shares,True_Portfolio_Value,True_Earnings_Rate
4,172.580002,-0.001086,0.029895,-2004.395215,-100.003131
3,61.361000,-0.000093,0.093243,-6251.010828,-99.992356
5,6.121500,-0.000453,0.095458,-6392.713824,-99.892941
6,114.949997,-0.002086,0.107594,-7213.126763,-99.994643
2,88.872002,-0.000740,0.109659,-7351.163404,-99.987579
1,106.080002,-0.000687,0.111134,-7450.819931,-99.998224
8,253.220001,0.000580,0.146714,-9836.470772,-99.999766
7,81.510002,-0.001653,0.151598,-10165.444236,-100.016975
0,47.572498,0.000018,0.154704,-10359.713563,-99.879678
