Stock_Index,Gourujia,Predictions,Shares,True_Portfolio_Value,True_Earnings_Rate
4,200.039993,-0.001086,0.058268,-1820.301282,-99.993594
5,17.264000,-0.000453,0.062020,-1931.803529,-99.701496
2,110.810501,-0.000740,0.069345,-2165.684067,-99.963623
0,145.539993,0.000018,0.109813,-3430.231302,-99.982751
3,114.445000,-0.000093,0.112344,-3509.340960,-99.984652
7,90.949997,-0.001653,0.113000,-3529.837605,-99.986065
1,261.500000,-0.000687,0.113901,-3558.238311,-99.992298
6,118.260002,-0.002086,0.171257,-5348.909772,-99.972425
8,489.220001,0.000580,0.190052,-5937.583255,-99.998622
