Stock_Index,Gourujia,Predictions,Shares,True_Portfolio_Value,True_Earnings_Rate
5,4.731500,-0.000453,0.060501,-4479.499486,-99.685211
4,177.580002,-0.001086,0.084052,-6243.392558,-99.999239
6,104.870003,-0.002086,0.099694,-7404.973396,-99.995736
8,248.789993,0.000580,0.108033,-8025.245532,-100.004484
0,49.875000,0.000018,0.110904,-8237.187154,-99.988775
2,91.792000,-0.000740,0.115518,-8580.159656,-99.993203
3,60.134499,-0.000093,0.133367,-9906.156368,-99.994809
1,119.279999,-0.000687,0.134208,-9968.488585,-99.993628
7,81.930000,-0.001653,0.153723,-11419.124536,-100.005525
