Stock_Index,Gourujia,Predictions,Shares,True_Portfolio_Value,True_Earnings_Rate
5,15.647750,-0.000453,0.073069,-4193.376709,-99.978696
4,327.790009,-0.001086,0.074759,-4291.372204,-100.000121
7,58.259998,-0.001653,0.083157,-4772.354424,-99.980082
3,118.143501,-0.000093,0.103832,-5959.865362,-99.993776
0,126.900002,0.000018,0.109899,-6308.520620,-100.000311
1,251.720001,-0.000687,0.114181,-6554.315875,-100.000363
2,162.952499,-0.000740,0.118284,-6789.746861,-99.998851
6,161.850006,-0.002086,0.143651,-8245.856090,-100.000076
8,413.049988,0.000580,0.179169,-10284.794917,-99.999906
