Stock_Index,Gourujia,Predictions,Shares,True_Portfolio_Value,True_Earnings_Rate
5,19.841499,-0.000453,0.067936,-5123.332973,-100.227375
7,59.529999,-0.001653,0.075194,-5658.710915,-100.016447
4,347.630005,-0.001086,0.086561,-6513.401854,-100.002635
6,155.119995,-0.002086,0.088139,-6631.765895,-99.998588
2,184.084000,-0.000740,0.091932,-6917.866400,-100.007500
8,414.739990,0.000580,0.131161,-9868.896400,-99.996933
0,149.149994,0.000018,0.137244,-10327.180148,-100.003019
1,282.510010,-0.000687,0.159866,-12029.248847,-100.001859
3,128.237000,-0.000093,0.161967,-12188.058239,-100.007528
