Stock_Index,Gourujia,Predictions,Shares,True_Portfolio_Value,True_Earnings_Rate
2,152.593994,-0.000740,0.072615,-3516.001915,-99.976215
7,41.869999,-0.001653,0.083493,-4043.046159,-99.988051
5,10.614000,-0.000453,0.094711,-4586.744075,-99.999335
6,97.019997,-0.002086,0.101717,-4926.383352,-100.004045
1,203.899994,-0.000687,0.106481,-5156.854600,-99.997337
0,96.190002,0.000018,0.118779,-5746.642840,-99.896493
8,305.230011,0.000580,0.139121,-6737.977178,-100.002640
3,76.918503,-0.000093,0.141268,-6844.725287,-100.043324
4,234.500000,-0.001086,0.141816,-6865.990268,-99.966491
