Stock_Index,Gourujia,Predictions,Shares,True_Portfolio_Value,True_Earnings_Rate
5,14.812250,-0.000453,0.059408,-3743.699749,-100.253797
4,319.079987,-0.001086,0.080350,-5051.327866,-100.013149
7,62.430000,-0.001653,0.096060,-6037.827297,-99.996156
0,130.210007,0.000018,0.111140,-6987.549357,-100.020078
6,161.240005,-0.002086,0.121663,-7647.481490,-100.000077
2,164.580505,-0.000740,0.123457,-7761.810667,-100.018959
3,117.596497,-0.000093,0.128526,-8080.728980,-100.022042
1,252.460007,-0.000687,0.138519,-8707.848145,-100.008372
8,417.649994,0.000580,0.140877,-8855.178091,-99.998150
