Stock_Index,Gourujia,Predictions,Shares,True_Portfolio_Value,True_Earnings_Rate
5,5.025500,-0.000453,0.070391,-4836.296655,-99.845191
8,252.699997,0.000580,0.071215,-4900.988272,-100.000768
4,191.649994,-0.001086,0.088736,-6106.394453,-99.994664
0,62.189999,0.000018,0.114926,-7905.583668,-99.955000
1,143.369995,-0.000687,0.118940,-8185.179371,-99.998299
6,124.919998,-0.002086,0.121700,-8373.682783,-99.981754
7,67.570000,-0.001653,0.134028,-9219.463945,-99.956193
3,62.939999,-0.000093,0.137130,-9435.584438,-99.983114
2,88.833000,-0.000740,0.142935,-9835.680946,-99.990674
