Stock_Index,Gourujia,Predictions,Shares,True_Portfolio_Value,True_Earnings_Rate
5,119.139999,-0.000453,0.036685,-2386.820806,-100.000282
2,187.000000,-0.000740,0.073184,-4761.549076,-100.001460
3,154.690002,-0.000093,0.090619,-5895.189717,-99.988526
6,206.600006,-0.002086,0.095010,-6181.848788,-100.005371
7,111.230003,-0.001653,0.096136,-6254.752712,-100.000647
4,525.599976,-0.001086,0.108367,-7050.596974,-100.000355
1,427.000000,-0.000687,0.131641,-8564.666213,-99.998039
0,222.770004,0.000018,0.159762,-10394.541036,-100.000544
8,588.419983,0.000580,0.208595,-13571.440944,-99.998304
