Stock_Index,Gourujia,Predictions,Shares,True_Portfolio_Value,True_Earnings_Rate
5,4.177000,-0.000453,0.058707,-4722.957229,-99.626086
8,264.660004,0.000580,0.079054,-6384.277903,-99.997170
0,51.125000,0.000018,0.108572,-8769.383963,-100.011030
4,203.839996,-0.001086,0.117042,-9452.849275,-100.004934
3,57.673000,-0.000093,0.119891,-9683.482864,-100.010131
1,137.080002,-0.000687,0.120473,-9729.869884,-100.004323
6,115.120003,-0.002086,0.122076,-9859.639358,-100.008569
7,75.930000,-0.001653,0.130341,-10527.065865,-100.007828
2,100.495003,-0.000740,0.143844,-11617.934936,-100.008887
