Stock_Index,Gourujia,Predictions,Shares,True_Portfolio_Value,True_Earnings_Rate
7,45.340000,-0.001653,0.076622,-2783.717614,-100.069176
5,8.750250,-0.000453,0.088006,-3192.750288,-99.928067
4,213.190002,-0.001086,0.099346,-3606.634665,-99.991951
6,90.449997,-0.002086,0.103063,-3742.625044,-100.021974
3,69.259003,-0.000093,0.103516,-3758.752198,-100.011281
2,121.313004,-0.000740,0.109357,-3970.048985,-99.992199
1,184.910004,-0.000687,0.129334,-4695.843774,-100.003757
8,293.359985,0.000580,0.135802,-4930.772383,-100.005045
0,78.739998,0.000018,0.154954,-5626.283352,-100.007360
