Stock_Index,Gourujia,Predictions,Shares,True_Portfolio_Value,True_Earnings_Rate
7,44.830002,-0.001653,0.078807,-2427.425836,-100.042193
6,92.000000,-0.002086,0.082105,-2528.493567,-100.020634
5,7.343500,-0.000453,0.099655,-3062.509373,-99.813529
2,115.889999,-0.000740,0.103987,-3201.390860,-99.987632
8,293.040009,0.000580,0.111364,-3429.099012,-100.005009
3,67.450996,-0.000093,0.118561,-3650.677846,-100.003951
4,207.070007,-0.001086,0.118592,-3651.347374,-99.996746
1,180.759995,-0.000687,0.134849,-4151.808617,-99.994579
0,74.389999,0.000018,0.152079,-4681.928617,-99.986202
