Stock_Index,Gourujia,Predictions,Shares,True_Portfolio_Value,True_Earnings_Rate
5,5.073000,-0.000453,0.070168,-4457.171311,-99.992231
8,252.289993,0.000580,0.076962,-4889.355768,-99.996076
4,189.309998,-0.001086,0.092806,-5896.300711,-100.002966
0,60.822498,0.000018,0.113665,-7221.406992,-100.000203
6,126.430000,-0.002086,0.119408,-7586.476519,-100.004391
1,142.830002,-0.000687,0.122944,-7810.182731,-99.991329
7,68.440002,-0.001653,0.125975,-8004.492347,-100.015453
3,63.033001,-0.000093,0.128673,-8174.855576,-99.999950
2,88.135498,-0.000740,0.149400,-9490.602429,-99.988931
