Stock_Index,Gourujia,Predictions,Shares,True_Portfolio_Value,True_Earnings_Rate
5,16.360001,-0.000453,0.067436,-2298.383637,-100.050648
4,155.850006,-0.001086,0.075831,-2582.947918,-99.988170
2,108.949997,-0.000740,0.085124,-2898.968126,-99.971059
7,87.860001,-0.001653,0.098971,-3372.641727,-100.034858
3,111.487503,-0.000093,0.107983,-3678.302022,-99.993950
0,135.350006,0.000018,0.115684,-3940.263901,-99.984230
1,253.130005,-0.000687,0.139205,-4741.722856,-99.991157
8,489.679993,0.000580,0.150587,-5129.694772,-99.995819
6,115.180000,-0.002086,0.159178,-5422.982022,-100.009550
