Stock_Index,Gourujia,Predictions,Shares,True_Portfolio_Value,True_Earnings_Rate
3,175.839996,-0.000093,0.082183,-5715.220683,-99.991016
8,326.140015,0.000580,0.082624,-5747.456128,-100.017985
5,153.300003,-0.000453,0.083242,-5788.380494,-99.983405
4,719.219971,-0.001086,0.086504,-6016.337703,-100.001097
7,109.239998,-0.001653,0.091258,-6345.858582,-99.984957
2,220.460007,-0.000740,0.097352,-6770.747602,-100.001112
0,207.820007,0.000018,0.122064,-8488.517658,-99.989420
6,290.410004,-0.002086,0.156076,-10854.583720,-99.998120
1,492.049988,-0.000687,0.198697,-13819.145505,-100.000397
