Stock_Index,Gourujia,Predictions,Shares,True_Portfolio_Value,True_Earnings_Rate
5,13.861500,-0.000453,0.066708,-3603.789312,-99.854706
4,306.260010,-0.001086,0.085939,-4649.264447,-99.992798
7,56.340000,-0.001653,0.096494,-5220.118840,-99.992141
0,126.209999,0.000018,0.103645,-5606.972870,-99.989461
3,110.462997,-0.000093,0.109330,-5914.417046,-99.987883
1,247.860001,-0.000687,0.113665,-6149.458014,-99.996693
2,161.190994,-0.000740,0.115857,-6267.616876,-99.989397
6,152.539993,-0.002086,0.135051,-7305.900450,-99.989808
8,364.369995,0.000580,0.173311,-9376.670762,-99.999045
