Stock_Index,Gourujia,Predictions,Shares,True_Portfolio_Value,True_Earnings_Rate
5,13.382000,-0.000453,0.059282,-2510.029729,-100.115929
4,148.020004,-0.001086,0.074795,-3163.524571,-100.008867
2,124.660004,-0.000740,0.091102,-3853.562271,-100.016054
3,103.070000,-0.000093,0.105189,-4449.538504,-100.018340
0,154.479996,0.000018,0.106753,-4514.411150,-99.989938
7,93.199997,-0.001653,0.118363,-5006.229628,-100.008785
1,244.520004,-0.000687,0.124082,-5247.959700,-100.003477
6,118.160004,-0.002086,0.148279,-6272.058499,-100.016855
8,523.549988,0.000580,0.172156,-7280.985953,-100.000274
