Stock_Index,Gourujia,Predictions,Shares,True_Portfolio_Value,True_Earnings_Rate
5,29.075001,-0.000453,0.046678,-2295.589252,-99.961768
4,334.200012,-0.001086,0.091964,-4524.640448,-100.003376
0,172.990005,0.000018,0.094846,-4665.908035,-99.991212
1,327.290009,-0.000687,0.110371,-5429.786260,-99.994532
7,60.500000,-0.001653,0.119429,-5874.797383,-99.986667
2,170.417007,-0.000740,0.127986,-6296.578838,-99.997869
3,143.472504,-0.000093,0.131537,-6470.532748,-99.985850
6,156.089996,-0.002086,0.131619,-6475.240516,-99.997501
8,487.209991,0.000580,0.145571,-7161.728392,-99.997105
