Stock_Index,Gourujia,Predictions,Shares,True_Portfolio_Value,True_Earnings_Rate
5,6.751750,-0.000453,0.067906,-2425.932783,-99.655253
8,254.960007,0.000580,0.092339,-3309.532253,-99.973028
1,162.009995,-0.000687,0.106550,-3818.374131,-99.960238
7,51.439999,-0.001653,0.108420,-3883.313599,-99.909908
0,68.339996,0.000018,0.109386,-3916.465977,-99.869742
2,94.187500,-0.000740,0.110362,-3955.004243,-99.961154
3,66.962502,-0.000093,0.127723,-4576.605606,-99.948414
4,192.470001,-0.001086,0.133641,-4790.595489,-99.989392
6,116.110001,-0.002086,0.143673,-5148.676402,-99.960778
