Stock_Index,Gourujia,Predictions,Shares,True_Portfolio_Value,True_Earnings_Rate
5,121.400002,-0.000453,0.045772,-2738.149168,-99.999729
2,187.970001,-0.000740,0.089758,-5369.788502,-100.004662
3,163.949997,-0.000093,0.100858,-6033.127566,-99.992972
6,210.500000,-0.002086,0.101235,-6055.988090,-99.999188
7,115.820000,-0.001653,0.102599,-6136.992780,-99.989626
4,567.359985,-0.001086,0.115140,-6887.836238,-99.998429
0,227.789993,0.000018,0.120472,-7206.188810,-99.990072
1,428.019989,-0.000687,0.143419,-8579.564067,-99.998759
8,581.849976,0.000580,0.180749,-10812.742171,-99.999166
