Stock_Index,Gourujia,Predictions,Shares,True_Portfolio_Value,True_Earnings_Rate
5,118.080002,-0.000453,0.040964,-1912.526145,-99.966393
2,170.100006,-0.000740,0.079315,-3703.366256,-99.974667
4,526.760010,-0.001086,0.082225,-3840.103559,-99.996228
3,160.369995,-0.000093,0.104149,-4864.011073,-99.996394
6,210.240005,-0.002086,0.118866,-5551.319936,-99.997045
0,221.720001,0.000018,0.127944,-5975.143364,-99.993938
1,416.859985,-0.000687,0.135382,-6322.745130,-99.997612
8,579.669983,0.000580,0.149712,-6992.187679,-100.000018
7,118.949997,-0.001653,0.161443,-7540.086498,-100.001556
