Stock_Index,Gourujia,Predictions,Shares,True_Portfolio_Value,True_Earnings_Rate
5,122.669998,-0.000453,0.049075,-3185.732220,-99.963546
0,220.270004,0.000018,0.072728,-4722.768917,-99.997369
8,498.239990,0.000580,0.095062,-6173.496631,-100.003392
2,200.000000,-0.000740,0.100048,-6497.392135,-100.006062
4,509.500000,-0.001086,0.106691,-6928.411478,-99.999823
6,208.830002,-0.002086,0.125054,-8120.867110,-100.000321
7,114.180000,-0.001653,0.137848,-8951.185599,-99.995562
3,185.240005,-0.000093,0.138328,-8982.730173,-99.998312
1,459.279999,-0.000687,0.175166,-11375.028913,-99.999295
