Stock_Index,Gourujia,Predictions,Shares,True_Portfolio_Value,True_Earnings_Rate
5,22.965000,-0.000453,0.044418,-2447.554454,-99.999810
4,179.509995,-0.001086,0.090829,-5004.839783,-99.995703
6,133.649994,-0.002086,0.101270,-5581.068340,-100.013558
2,90.730003,-0.000740,0.111821,-6160.510232,-99.979540
7,107.779999,-0.001653,0.114204,-6293.722602,-100.010736
0,148.500000,0.000018,0.120281,-6627.402738,-99.991125
1,248.589996,-0.000687,0.121572,-6698.592004,-99.991466
3,90.629997,-0.000093,0.125311,-6904.794005,-99.994172
8,460.329987,0.000580,0.170295,-9383.860018,-99.998425
