Stock_Index,Gourujia,Predictions,Shares,True_Portfolio_Value,True_Earnings_Rate
5,49.417000,-0.000453,0.067561,-5344.757958,-99.995705
3,140.369995,-0.000093,0.074581,-5900.425803,-100.000711
4,357.829987,-0.001086,0.080882,-6398.854204,-99.999618
8,522.789978,0.000580,0.106663,-8438.466787,-99.999230
7,101.660004,-0.001653,0.107259,-8486.720284,-100.014328
2,153.339996,-0.000740,0.107672,-8518.231225,-99.999830
1,374.070007,-0.000687,0.134113,-10610.062090,-99.999137
0,193.149994,0.000018,0.139537,-11039.151379,-99.998849
6,169.399994,-0.002086,0.181731,-14376.799090,-99.996872
