Stock_Index,Gourujia,Predictions,Shares,True_Portfolio_Value,True_Earnings_Rate
5,4.392750,-0.000453,0.051873,-4252.714060,-100.170356
8,257.130005,0.000580,0.058954,-4825.935309,-100.010159
4,161.570007,-0.001086,0.073867,-6045.224746,-99.985350
2,88.092499,-0.000740,0.098211,-8036.870148,-99.977405
0,46.632500,0.000018,0.117692,-9631.499584,-99.981342
3,60.123001,-0.000093,0.120378,-9849.885672,-99.967171
1,117.650002,-0.000687,0.136058,-11136.625743,-100.000940
7,80.870003,-0.001653,0.152923,-12515.877258,-99.993138
6,106.800003,-0.002086,0.190042,-15558.073203,-100.020206
