Stock_Index,Gourujia,Predictions,Shares,True_Portfolio_Value,True_Earnings_Rate
5,4.738500,-0.000453,0.053494,-2101.638041,-98.939300
2,81.842499,-0.000740,0.060497,-2402.564829,-100.004247
0,48.542500,0.000018,0.093977,-3732.831313,-100.020686
3,52.467999,-0.000093,0.095459,-3790.985969,-100.002526
1,106.870003,-0.000687,0.098057,-3894.032854,-99.999387
4,141.550003,-0.001086,0.100208,-3979.346581,-99.996962
8,272.380005,0.000580,0.126405,-5020.080668,-100.004284
6,108.949997,-0.002086,0.177006,-7028.842119,-99.994624
7,79.830002,-0.001653,0.194897,-7741.900445,-100.029050
