Stock_Index,Gourujia,Predictions,Shares,True_Portfolio_Value,True_Earnings_Rate
5,22.290001,-0.000453,0.074298,-4203.143658,-100.037796
4,339.989990,-0.001086,0.084289,-4766.624447,-99.999317
7,63.500000,-0.001653,0.109772,-6207.030178,-99.991344
3,143.237000,-0.000093,0.115304,-6521.054518,-100.007192
6,168.570007,-0.002086,0.115407,-6525.805726,-99.992065
8,424.380005,0.000580,0.116633,-6595.350237,-99.994127
1,308.230011,-0.000687,0.117914,-6668.264589,-100.000864
2,172.207504,-0.000740,0.125987,-7125.081299,-100.004925
0,148.759995,0.000018,0.140396,-7939.425655,-99.997744
