Stock_Index,Gourujia,Predictions,Shares,True_Portfolio_Value,True_Earnings_Rate
5,86.000999,-0.000453,0.070796,-4712.341088,-99.981037
6,182.889999,-0.002086,0.084211,-5606.662470,-100.006284
8,445.630005,0.000580,0.085874,-5716.401044,-99.988583
0,172.690002,0.000018,0.087188,-5805.193137,-100.011207
3,154.860001,-0.000093,0.088506,-5892.429444,-100.001921
4,500.230011,-0.001086,0.095201,-6338.030311,-100.000188
2,183.619995,-0.000740,0.145013,-9654.296045,-100.000890
1,413.640015,-0.000687,0.155625,-10360.705205,-99.999451
7,119.680000,-0.001653,0.187586,-12489.232563,-100.006941
