Stock_Index,Gourujia,Predictions,Shares,True_Portfolio_Value,True_Earnings_Rate
5,3.957250,-0.000453,0.039107,-1541.202434,-101.765246
2,84.959503,-0.000740,0.073491,-2847.767602,-100.049560
0,43.680000,0.000018,0.094548,-3664.987453,-100.083123
4,139.630005,-0.001086,0.115565,-4476.424111,-100.011426
3,53.903999,-0.000093,0.116296,-4506.724004,-100.055013
1,109.190002,-0.000687,0.116640,-4519.246983,-100.037407
8,276.850006,0.000580,0.139377,-5398.776623,-100.010148
6,105.190002,-0.002086,0.144980,-5616.102655,-100.017328
7,78.389999,-0.001653,0.159998,-6197.514780,-100.012264
