Stock_Index,Gourujia,Predictions,Shares,True_Portfolio_Value,True_Earnings_Rate
4,228.070007,-0.001086,0.036697,-1369.524074,-100.016693
2,159.003494,-0.000740,0.064187,-2395.617552,-100.023001
5,25.823999,-0.000453,0.071029,-2658.086151,-100.291890
3,138.619995,-0.000093,0.104154,-3887.314941,-100.022934
1,302.380005,-0.000687,0.121034,-4516.628988,-100.008127
6,155.949997,-0.002086,0.127090,-4742.601782,-100.008402
0,172.119995,0.000018,0.129178,-4820.728522,-100.011867
7,78.239998,-0.001653,0.136548,-5093.439727,-99.968217
8,486.720001,0.000580,0.210084,-7839.390749,-100.003658
