Stock_Index,Gourujia,Predictions,Shares,True_Portfolio_Value,True_Earnings_Rate
5,129.839996,-0.000453,0.036112,-1828.799921,-99.978186
3,185.339996,-0.000093,0.076912,-3895.775599,-99.996720
1,409.750000,-0.000687,0.093683,-4745.352942,-99.998533
0,227.630005,0.000018,0.094103,-4766.706356,-99.999961
8,527.030029,0.000580,0.095461,-4835.390274,-99.997731
2,229.149994,-0.000740,0.115384,-5844.199612,-99.992467
7,108.889999,-0.001653,0.139508,-7065.322810,-99.982623
4,714.520020,-0.001086,0.148042,-7498.907915,-99.999437
6,275.799988,-0.002086,0.200795,-10171.664508,-100.006312
