Stock_Index,Gourujia,Predictions,Shares,True_Portfolio_Value,True_Earnings_Rate
2,131.830002,-0.000740,0.077341,-4893.434737,-99.997128
5,46.806000,-0.000453,0.079585,-5035.211224,-99.993665
7,106.489998,-0.001653,0.082297,-5207.106660,-100.000176
4,327.820007,-0.001086,0.090272,-5711.921282,-100.003425
3,140.550003,-0.000093,0.100995,-6390.716096,-100.008044
1,332.420013,-0.000687,0.109872,-6951.986707,-100.001142
0,179.800003,0.000018,0.142970,-9045.835826,-99.997192
8,524.130005,0.000580,0.146075,-9242.518869,-99.999487
6,146.149994,-0.002086,0.170593,-10793.918496,-100.001594
