Stock_Index,Gourujia,Predictions,Shares,True_Portfolio_Value,True_Earnings_Rate
7,46.180000,-0.001653,0.077102,-2500.565607,-100.020731
6,92.699997,-0.002086,0.093098,-3019.731863,-100.032246
2,118.980499,-0.000740,0.098926,-3207.465600,-99.989683
5,7.812500,-0.000453,0.100055,-3230.988662,-99.592055
3,69.217003,-0.000093,0.112848,-3658.499145,-99.980049
4,212.350006,-0.001086,0.114717,-3719.771542,-99.998163
8,287.000000,0.000580,0.125165,-4058.553744,-99.997954
1,184.679993,-0.000687,0.129685,-4204.949460,-99.993994
0,77.532501,0.000018,0.148404,-4811.233840,-99.979863
