Stock_Index,Gourujia,Predictions,Shares,True_Portfolio_Value,True_Earnings_Rate
5,104.489998,-0.000453,0.068592,-1806.938688,-100.027879
0,194.270004,0.000018,0.076730,-2020.631579,-99.992869
4,502.309998,-0.001086,0.080794,-2127.792129,-100.000329
2,174.330002,-0.000740,0.090905,-2394.217254,-100.005688
6,229.610001,-0.002086,0.108401,-2854.725426,-99.995565
3,153.330002,-0.000093,0.118545,-3122.303241,-100.009296
7,104.190002,-0.001653,0.131777,-3469.573459,-99.975175
1,371.609985,-0.000687,0.134013,-3529.467816,-100.002788
8,585.039978,0.000580,0.190244,-5012.464767,-100.043303
