Stock_Index,Gourujia,Predictions,Shares,True_Portfolio_Value,True_Earnings_Rate
5,4.466250,-0.000453,0.057146,-2856.221183,-99.769333
0,53.314999,0.000018,0.099634,-4991.401574,-99.992013
4,187.490005,-0.001086,0.108011,-5411.282805,-99.996399
8,229.000000,0.000580,0.115722,-5797.645878,-99.996808
6,112.610001,-0.002086,0.116943,-5857.611161,-99.978267
1,139.100006,-0.000687,0.123035,-6164.698873,-100.008213
7,70.930000,-0.001653,0.124377,-6230.626345,-99.988913
3,60.316002,-0.000093,0.125651,-6295.349373,-100.001444
2,91.675499,-0.000740,0.129481,-6487.179982,-100.001286
