Stock_Index,Gourujia,Predictions,Shares,True_Portfolio_Value,True_Earnings_Rate
5,56.053001,-0.000453,0.058490,-4780.473565,-99.966765
4,368.369995,-0.001086,0.084064,-6872.618805,-99.994341
2,151.710007,-0.000740,0.090028,-7360.072408,-99.992268
7,96.980003,-0.001653,0.102870,-8410.652160,-100.001916
8,524.940002,0.000580,0.103355,-8450.522490,-100.003147
0,182.679993,0.000018,0.109957,-8988.495334,-99.982455
3,141.470001,-0.000093,0.110638,-9044.818899,-99.990028
1,389.470001,-0.000687,0.158357,-12946.815287,-99.997116
6,167.089996,-0.002086,0.182241,-14899.627567,-99.998819
