Stock_Index,Gourujia,Predictions,Shares,True_Portfolio_Value,True_Earnings_Rate
5,22.103001,-0.000453,0.075877,-4373.385842,-99.881016
4,340.779999,-0.001086,0.091388,-5273.698033,-99.999054
8,435.089996,0.000580,0.109531,-6320.550546,-99.996233
3,141.768997,-0.000093,0.112183,-6473.798689,-99.999418
7,63.849998,-0.001653,0.112659,-6503.007717,-100.028715
6,170.839996,-0.002086,0.114756,-6622.531615,-100.004609
1,307.410004,-0.000687,0.116907,-6746.154802,-99.996474
2,170.753006,-0.000740,0.123576,-7131.025171,-99.996589
0,149.259995,0.000018,0.143123,-8259.235283,-99.999013
