Stock_Index,Gourujia,Predictions,Shares,True_Portfolio_Value,True_Earnings_Rate
8,391.059998,0.000580,0.063836,-1667.332886,-100.003629
5,117.059998,-0.000453,0.076185,-1989.754857,-99.997741
4,596.809998,-0.001086,0.090164,-2354.909882,-99.999663
0,196.250000,0.000018,0.095803,-2502.109808,-99.996791
2,188.710007,-0.000740,0.107469,-2806.626915,-99.990620
3,151.380005,-0.000093,0.115712,-3021.809538,-99.987465
1,433.350006,-0.000687,0.122712,-3204.927280,-99.997447
6,249.389999,-0.002086,0.162895,-4254.203803,-99.993493
7,104.610001,-0.001653,0.165225,-4314.751790,-99.986751
