Stock_Index,Gourujia,Predictions,Shares,True_Portfolio_Value,True_Earnings_Rate
3,140.100006,-0.000093,0.069647,-4633.714294,-99.994620
5,61.527000,-0.000453,0.077404,-5148.031195,-99.960851
8,511.739990,0.000580,0.092751,-6171.336125,-100.001764
4,390.140015,-0.001086,0.105663,-7030.079306,-99.996970
2,155.199997,-0.000740,0.108319,-7205.747194,-99.983280
0,184.399994,0.000018,0.113015,-7518.951762,-99.992813
7,102.809998,-0.001653,0.115437,-7680.815246,-100.003982
1,397.579987,-0.000687,0.143926,-9575.740685,-99.996108
6,174.360001,-0.002086,0.173837,-11566.384144,-100.002076
