Stock_Index,Gourujia,Predictions,Shares,True_Portfolio_Value,True_Earnings_Rate
5,13.237000,-0.000453,0.085104,-3669.509271,-99.819683
7,44.919998,-0.001653,0.094285,-4071.302106,-99.965088
0,134.139999,0.000018,0.097071,-4193.041849,-99.995291
4,262.010010,-0.001086,0.098747,-4265.287816,-99.992685
3,94.653503,-0.000093,0.101679,-4391.626959,-99.985561
2,167.143997,-0.000740,0.119471,-5160.475993,-99.993393
1,239.649994,-0.000687,0.122036,-5271.658329,-100.000244
6,129.619995,-0.002086,0.131304,-5670.591882,-99.976610
8,334.000000,0.000580,0.150303,-6492.468462,-99.995799
