Stock_Index,Gourujia,Predictions,Shares,True_Portfolio_Value,True_Earnings_Rate
5,6.832250,-0.000453,0.073611,-2256.297234,-100.393528
8,282.959991,0.000580,0.081103,-2476.326995,-99.998865
0,73.230003,0.000018,0.095632,-2920.516904,-100.018256
1,166.270004,-0.000687,0.102039,-3116.138057,-100.017246
7,50.110001,-0.001653,0.115407,-3527.143556,-100.098780
3,65.737999,-0.000093,0.125787,-3841.547018,-100.022167
6,113.970001,-0.002086,0.130054,-3972.755214,-100.046559
4,185.169998,-0.001086,0.134592,-4110.011429,-100.012032
2,96.201500,-0.000740,0.141775,-4329.368506,-100.012468
