Stock_Index,Gourujia,Predictions,Shares,True_Portfolio_Value,True_Earnings_Rate
5,15.276750,-0.000453,0.059923,-3769.355715,-99.979465
7,58.110001,-0.001653,0.107288,-6748.485518,-99.975594
3,117.952003,-0.000093,0.107442,-6759.183102,-99.987967
4,307.100006,-0.001086,0.110675,-6961.833828,-99.977065
1,254.559998,-0.000687,0.115718,-7280.924755,-100.003176
0,133.580002,0.000018,0.118124,-7432.147518,-100.000561
8,394.589996,0.000580,0.119258,-7503.116498,-99.995569
2,172.925003,-0.000740,0.128691,-8096.731870,-99.997862
6,152.229996,-0.002086,0.132882,-8359.496128,-99.987350
