Stock_Index,Gourujia,Predictions,Shares,True_Portfolio_Value,True_Earnings_Rate
5,126.629997,-0.000453,0.059336,-2993.171405,-99.971521
3,175.419998,-0.000093,0.085090,-4293.906339,-100.008809
8,470.380005,0.000580,0.090568,-4570.099784,-100.003091
1,397.899994,-0.000687,0.111596,-5630.962793,-99.998847
7,109.730003,-0.001653,0.123030,-6208.022720,-100.002245
2,212.800003,-0.000740,0.123282,-6220.432981,-99.996590
0,247.039993,0.000018,0.125184,-6317.363611,-100.011096
6,257.399994,-0.002086,0.138129,-6969.644314,-99.997908
4,657.500000,-0.001086,0.143785,-7254.978065,-99.996298
