Stock_Index,Gourujia,Predictions,Shares,True_Portfolio_Value,True_Earnings_Rate
5,147.070007,-0.000453,0.055994,-3356.834849,-99.999307
8,519.719971,0.000580,0.082936,-4971.864843,-99.996315
4,623.500000,-0.001086,0.088938,-5331.715549,-99.996703
0,223.830002,0.000018,0.101454,-6082.247335,-100.000339
2,235.009995,-0.000740,0.111790,-6701.826019,-99.999258
1,446.200012,-0.000687,0.119189,-7145.396881,-99.999744
3,198.369995,-0.000093,0.124038,-7436.240668,-100.000992
6,262.839996,-0.002086,0.156533,-9383.771572,-99.995525
7,109.529999,-0.001653,0.159128,-9539.152721,-99.994847
