Stock_Index,Gourujia,Predictions,Shares,True_Portfolio_Value,True_Earnings_Rate
5,4.649750,-0.000453,0.068563,-4767.126028,-99.937650
4,184.190002,-0.001086,0.101875,-7088.585420,-100.002689
0,59.052502,0.000018,0.104184,-7249.241980,-100.002439
7,68.980003,-0.001653,0.110123,-7661.796684,-99.995803
6,116.139999,-0.002086,0.118246,-8227.176939,-99.997705
1,139.679993,-0.000687,0.120970,-8417.080109,-100.000667
8,222.070007,0.000580,0.122507,-8524.246948,-100.003011
3,60.785500,-0.000093,0.124509,-8663.066660,-99.997215
2,86.596001,-0.000740,0.129024,-8977.068731,-99.996997
