Stock_Index,Gourujia,Predictions,Shares,True_Portfolio_Value,True_Earnings_Rate
5,15.912500,-0.000453,0.066054,-4106.143116,-100.221363
4,306.179993,-0.001086,0.085416,-5298.338511,-100.004230
0,134.160004,0.000018,0.108507,-6730.194395,-99.996232
7,56.660000,-0.001653,0.112144,-6956.196153,-100.005616
1,260.739990,-0.000687,0.121708,-7549.426184,-100.002953
8,391.010010,0.000580,0.122952,-7626.458959,-100.000766
6,153.300003,-0.002086,0.124307,-7710.565001,-100.002772
3,114.137497,-0.000093,0.126873,-7869.404636,-99.997314
2,169.972000,-0.000740,0.132040,-8190.469582,-100.004767
