Stock_Index,Gourujia,Predictions,Shares,True_Portfolio_Value,True_Earnings_Rate
5,147.899994,-0.000453,0.080869,-5762.916579,-99.971314
4,712.200012,-0.001086,0.085494,-6094.328714,-100.000696
3,166.770004,-0.000093,0.086099,-6136.520540,-99.986104
7,108.339996,-0.001653,0.091852,-6547.399904,-99.999744
8,305.619995,0.000580,0.101478,-7233.920796,-100.003877
2,212.770004,-0.000740,0.107567,-7667.783466,-100.001726
0,200.300003,0.000018,0.117680,-8388.339478,-99.996869
6,281.260010,-0.002086,0.151516,-10800.077965,-99.996478
1,490.109985,-0.000687,0.177444,-12648.607433,-99.999103
