Stock_Index,Gourujia,Predictions,Shares,True_Portfolio_Value,True_Earnings_Rate
8,230.350006,0.000580,0.046704,-4430.084010,-99.999172
6,113.550003,-0.002086,0.074105,-7029.125643,-99.999535
5,4.779250,-0.000453,0.080925,-7711.700559,-100.471536
4,182.580002,-0.001086,0.100739,-9552.612686,-99.968864
7,81.760002,-0.001653,0.106429,-10094.482562,-99.993138
2,95.087502,-0.000740,0.126013,-11952.940441,-99.999724
3,63.002499,-0.000093,0.142261,-13492.991073,-99.990843
0,51.790001,0.000018,0.153411,-14554.493815,-100.017603
1,125.010002,-0.000687,0.169413,-16065.562089,-99.973938
