Stock_Index,Gourujia,Predictions,Shares,True_Portfolio_Value,True_Earnings_Rate
5,117.699997,-0.000453,0.049246,-2310.728269,-99.973633
4,596.250000,-0.001086,0.083533,-3920.291411,-99.993761
0,218.270004,0.000018,0.111457,-5230.906134,-99.994865
3,163.990005,-0.000093,0.112095,-5260.393492,-99.986431
6,241.630005,-0.002086,0.113519,-5327.301414,-99.989131
2,196.210007,-0.000740,0.114649,-5379.968670,-99.982009
7,115.500000,-0.001653,0.131952,-6192.867934,-99.997754
1,391.260010,-0.000687,0.133825,-6280.873916,-99.998814
8,516.849976,0.000580,0.149724,-7027.195409,-100.000131
