Stock_Index,Gourujia,Predictions,Shares,True_Portfolio_Value,True_Earnings_Rate
6,130.309998,-0.002086,0.077234,-3965.758763,-100.000884
4,211.940002,-0.001086,0.080779,-4147.668086,-99.997491
5,27.777000,-0.000453,0.088065,-4520.744143,-99.975716
3,103.730003,-0.000093,0.094936,-4874.425364,-99.994163
7,109.660004,-0.001653,0.095092,-4880.112743,-99.947724
2,103.290001,-0.000740,0.108239,-5558.229816,-100.008284
1,288.299988,-0.000687,0.119195,-6120.426048,-100.001290
0,164.899994,0.000018,0.158381,-8132.117015,-99.995347
8,472.589996,0.000580,0.178079,-9143.057702,-99.990543
