Stock_Index,Gourujia,Predictions,Shares,True_Portfolio_Value,True_Earnings_Rate
5,4.045000,-0.000453,0.059657,-2750.391411,-100.088780
0,51.040001,0.000018,0.087557,-4032.995121,-99.986897
1,135.740005,-0.000687,0.110649,-5097.359334,-100.000978
4,181.300003,-0.001086,0.111808,-5150.638461,-99.998602
6,105.739998,-0.002086,0.120144,-5534.112605,-99.990567
7,67.190002,-0.001653,0.123378,-5682.958152,-99.989186
2,88.091499,-0.000740,0.124514,-5735.934030,-99.998442
3,58.541000,-0.000093,0.125856,-5797.620342,-99.995731
8,222.929993,0.000580,0.136436,-6284.757594,-99.991193
