Stock_Index,Gourujia,Predictions,Shares,True_Portfolio_Value,True_Earnings_Rate
5,28.177999,-0.000453,0.050649,-2650.905167,-100.119235
0,172.000000,0.000018,0.101469,-5304.538458,-99.999426
4,332.459991,-0.001086,0.102175,-5341.476662,-100.000607
1,313.880005,-0.000687,0.102368,-5351.507081,-99.999838
7,68.320000,-0.001653,0.114876,-6004.560002,-99.988051
6,165.520004,-0.002086,0.129791,-6784.689535,-99.994043
8,469.649994,0.000580,0.131161,-6857.157644,-100.005070
3,137.747498,-0.000093,0.131339,-6866.354239,-100.003860
2,163.253998,-0.000740,0.136172,-7118.879152,-100.002632
