Stock_Index,Gourujia,Predictions,Shares,True_Portfolio_Value,True_Earnings_Rate
4,114.220001,-0.001086,0.040225,-1317.522775,-99.978348
2,98.489998,-0.000740,0.072340,-2369.804007,-99.995371
5,16.295000,-0.000453,0.077421,-2532.812310,-99.861845
3,95.699997,-0.000093,0.081762,-2677.816954,-99.970503
1,241.550003,-0.000687,0.090426,-2962.406257,-99.999281
0,148.279999,0.000018,0.092364,-3025.707980,-99.992042
6,133.910004,-0.002086,0.171925,-5632.663897,-100.005429
7,113.370003,-0.001653,0.174325,-5710.654520,-99.994107
8,513.750000,0.000580,0.199211,-6526.635219,-100.004112
