Stock_Index,Gourujia,Predictions,Shares,True_Portfolio_Value,True_Earnings_Rate
5,6.037750,-0.000453,0.071085,-2766.700461,-99.956167
3,55.687500,-0.000093,0.105620,-4113.202140,-100.006218
4,177.910004,-0.001086,0.107909,-4201.927333,-99.996598
2,74.146004,-0.000740,0.107934,-4202.935483,-99.997801
1,91.489998,-0.000687,0.109168,-4250.964155,-99.997136
0,42.767502,0.000018,0.113446,-4416.855226,-99.980536
8,225.130005,0.000580,0.120123,-4677.530164,-99.996150
6,115.190002,-0.002086,0.128510,-5004.308369,-100.001584
7,74.889999,-0.001653,0.136205,-5302.947941,-99.982816
