Stock_Index,Gourujia,Predictions,Shares,True_Portfolio_Value,True_Earnings_Rate
5,6.138500,-0.000453,0.078807,-5781.219031,-99.982097
8,282.899994,0.000580,0.089699,-6582.089991,-100.002407
0,81.084999,0.000018,0.094043,-6900.827481,-100.001788
6,134.229996,-0.002086,0.116417,-8541.575563,-99.990843
3,72.834999,-0.000093,0.117520,-8623.621739,-100.002311
4,223.229996,-0.001086,0.119114,-8742.821735,-100.028372
1,168.039993,-0.000687,0.119380,-8758.408230,-99.983446
2,92.900002,-0.000740,0.120304,-8826.985358,-99.992679
7,64.110001,-0.001653,0.144716,-10616.977735,-99.983542
