Stock_Index,Gourujia,Predictions,Shares,True_Portfolio_Value,True_Earnings_Rate
5,4.104250,-0.000453,0.062352,-3078.775076,-99.328133
0,51.424999,0.000018,0.099145,-4927.517206,-99.967284
4,182.389999,-0.001086,0.112523,-5593.403419,-99.985904
6,108.559998,-0.002086,0.115798,-5756.319834,-99.988951
8,230.619995,0.000580,0.117499,-5842.058316,-100.007376
1,136.039993,-0.000687,0.117873,-5859.717343,-99.991458
7,68.559998,-0.001653,0.120278,-5978.711550,-99.984552
3,58.477501,-0.000093,0.125487,-6237.606356,-99.981502
2,89.491997,-0.000740,0.129046,-6415.229305,-99.993290
