Stock_Index,Gourujia,Predictions,Shares,True_Portfolio_Value,True_Earnings_Rate
4,117.080002,-0.001086,0.040279,-1312.131213,-100.028559
2,98.940002,-0.000740,0.073592,-2397.097942,-100.018765
5,16.666000,-0.000453,0.077949,-2545.567312,-100.278549
3,98.440002,-0.000093,0.081032,-2638.868517,-99.995778
1,241.970001,-0.000687,0.090985,-2963.120214,-100.000410
0,150.039993,0.000018,0.092822,-3023.104314,-100.005576
6,132.940002,-0.002086,0.175494,-5715.195349,-99.998982
7,114.129997,-0.001653,0.175637,-5720.442391,-100.009417
8,503.010010,0.000580,0.192210,-6259.528206,-99.996665
