Stock_Index,Gourujia,Predictions,Shares,True_Portfolio_Value,True_Earnings_Rate
4,473.320007,-0.001086,0.037134,-2240.607433,-100.000702
2,169.509995,-0.000740,0.076212,-4598.914090,-100.008518
3,140.520004,-0.000093,0.077094,-4651.570877,-99.996968
5,72.612999,-0.000453,0.080786,-4877.437902,-100.061295
7,103.730003,-0.001653,0.118329,-7140.327630,-100.009151
8,521.549988,0.000580,0.122933,-7417.582215,-100.000180
1,404.059998,-0.000687,0.124777,-7528.887887,-100.000779
0,182.309998,0.000018,0.177227,-10693.862181,-100.002261
6,179.029999,-0.002086,0.185509,-11192.963926,-99.997820
