Stock_Index,Gourujia,Predictions,Shares,True_Portfolio_Value,True_Earnings_Rate
5,43.902000,-0.000453,0.069783,-4365.177682,-99.894808
8,451.700012,0.000580,0.084062,-5264.080422,-100.001944
4,309.339996,-0.001086,0.089272,-5589.956333,-99.995774
2,130.800003,-0.000740,0.108920,-6819.187512,-99.979811
3,118.930000,-0.000093,0.110176,-6896.579425,-99.961245
1,337.200012,-0.000687,0.110307,-6907.071177,-99.995237
7,106.489998,-0.001653,0.118197,-7402.698811,-100.017355
6,148.149994,-0.002086,0.136341,-8537.304105,-99.996728
0,189.770004,0.000018,0.172941,-10829.330485,-99.997866
