Stock_Index,Gourujia,Predictions,Shares,True_Portfolio_Value,True_Earnings_Rate
4,309.959991,-0.001086,0.076205,-4374.378354,-99.996244
5,14.015750,-0.000453,0.079979,-4589.877226,-99.974592
7,60.430000,-0.001653,0.089020,-5112.110229,-100.040191
3,113.123497,-0.000093,0.108141,-6207.605892,-99.996479
2,161.613998,-0.000740,0.111878,-6422.335815,-100.000092
0,124.849998,0.000018,0.114709,-6584.963977,-100.001027
1,243.080002,-0.000687,0.119014,-6831.979550,-99.999932
6,162.350006,-0.002086,0.133091,-7640.366982,-100.004723
8,410.380005,0.000580,0.167962,-9641.912140,-100.000523
