Stock_Index,Gourujia,Predictions,Shares,True_Portfolio_Value,True_Earnings_Rate
4,329.980011,-0.001086,0.078171,-4887.322175,-100.001750
5,25.827000,-0.000453,0.084755,-5294.244654,-99.914890
3,143.496994,-0.000093,0.087641,-5478.811362,-99.990663
2,165.905502,-0.000740,0.108588,-6788.962062,-100.000974
7,65.629997,-0.001653,0.113297,-7084.454520,-100.018922
8,454.109985,0.000580,0.117544,-7348.911551,-100.001006
6,169.800003,-0.002086,0.122781,-7675.962951,-99.997681
1,329.369995,-0.000687,0.133751,-8361.761817,-99.996554
0,148.960007,0.000018,0.153473,-9594.647967,-99.995240
