Stock_Index,Gourujia,Predictions,Shares,True_Portfolio_Value,True_Earnings_Rate
5,131.380005,-0.000453,0.050560,-3156.061951,-99.979819
0,228.679993,0.000018,0.075795,-4731.899017,-99.991854
4,530.000000,-0.001086,0.088918,-5551.509930,-99.998338
2,199.339996,-0.000740,0.103127,-6438.621390,-99.998869
8,492.109985,0.000580,0.103757,-6477.855139,-99.996390
6,207.630005,-0.002086,0.130449,-8144.452603,-99.999606
3,188.979996,-0.000093,0.135284,-8445.934369,-99.993875
7,110.940002,-0.001653,0.144515,-9021.929484,-99.992072
1,459.540009,-0.000687,0.167596,-10463.555904,-99.996846
