Stock_Index,Gourujia,Predictions,Shares,True_Portfolio_Value,True_Earnings_Rate
4,111.870003,-0.001086,0.038485,-1295.525644,-99.990858
2,96.629997,-0.000740,0.066473,-2236.932968,-99.956380
5,15.750000,-0.000453,0.067592,-2270.347197,-99.771557
3,93.940002,-0.000093,0.077982,-2624.681737,-99.972372
1,242.979996,-0.000687,0.085596,-2881.531975,-99.993063
0,146.869995,0.000018,0.086819,-2922.538345,-99.987005
6,135.080002,-0.002086,0.158599,-5339.400545,-99.998795
7,110.500000,-0.001653,0.165085,-5556.293851,-99.972177
8,544.169983,0.000580,0.253370,-8530.865188,-100.007615
