Stock_Index,Gourujia,Predictions,Shares,True_Portfolio_Value,True_Earnings_Rate
8,270.500000,0.000580,0.078556,-1600.572313,-99.985028
5,7.098750,-0.000453,0.081393,-1661.087076,-100.155141
6,95.500000,-0.002086,0.081752,-1666.781085,-100.052960
7,42.430000,-0.001653,0.093647,-1910.380328,-100.110883
1,173.699997,-0.000687,0.115448,-2352.726444,-100.006064
0,71.762497,0.000018,0.115559,-2355.158782,-100.012777
3,63.261501,-0.000093,0.130212,-2653.708564,-100.009939
4,178.169998,-0.001086,0.134058,-2731.902974,-100.003793
2,114.166000,-0.000740,0.169374,-3451.154939,-99.990705
