Stock_Index,Gourujia,Predictions,Shares,True_Portfolio_Value,True_Earnings_Rate
4,212.600006,-0.001086,0.083476,-7519.600565,-99.998983
5,5.926500,-0.000453,0.085892,-7721.017392,-99.796946
2,95.143997,-0.000740,0.086721,-7811.784119,-99.997804
0,74.949997,0.000018,0.113032,-10182.858952,-100.006290
6,138.229996,-0.002086,0.113323,-10209.522224,-100.012405
3,69.890503,-0.000093,0.118500,-10675.075013,-100.002766
7,70.870003,-0.001653,0.118617,-10686.336576,-100.011595
8,291.549988,0.000580,0.133260,-12004.671933,-100.002077
1,159.029999,-0.000687,0.147179,-13258.909361,-100.005760
