Stock_Index,Gourujia,Predictions,Shares,True_Portfolio_Value,True_Earnings_Rate
5,38.509998,-0.000453,0.029010,-1818.462739,-99.982527
2,124.250000,-0.000740,0.081301,-5097.547750,-100.005329
3,122.139999,-0.000093,0.090211,-5655.848490,-99.999397
7,108.190002,-0.001653,0.109191,-6846.282288,-100.006860
1,325.260010,-0.000687,0.109836,-6886.189868,-99.998557
4,264.579987,-0.001086,0.110424,-6923.150665,-99.999472
6,140.729996,-0.002086,0.135967,-8524.392309,-99.998588
8,490.230011,0.000580,0.150081,-9409.415317,-99.998594
0,180.570007,0.000018,0.183979,-11534.720965,-99.998805
