Stock_Index,Gourujia,Predictions,Shares,True_Portfolio_Value,True_Earnings_Rate
4,293.220001,-0.001086,0.064131,-3172.837943,-99.999489
0,125.010002,0.000018,0.071783,-3551.500462,-100.001297
5,12.628250,-0.000453,0.085852,-4233.826070,-99.680761
1,226.580002,-0.000687,0.105344,-5211.634550,-99.995485
2,170.000000,-0.000740,0.110687,-5476.210684,-99.999689
7,39.740002,-0.001653,0.118116,-5840.083368,-99.940553
6,102.349998,-0.002086,0.124144,-6141.671133,-99.995999
3,81.426003,-0.000093,0.140810,-6966.014981,-99.991800
8,311.670013,0.000580,0.179134,-8862.473881,-99.997232
