Stock_Index,Gourujia,Predictions,Shares,True_Portfolio_Value,True_Earnings_Rate
7,46.240002,-0.001653,0.065713,-2713.877919,-100.056865
6,101.370003,-0.002086,0.074991,-3095.803482,-100.014805
5,8.525250,-0.000453,0.090298,-3728.998930,-100.052746
2,120.519501,-0.000740,0.101550,-4191.781522,-100.003204
4,229.139999,-0.001086,0.104610,-4318.276818,-100.007066
3,71.014000,-0.000093,0.107879,-4452.992982,-100.002024
8,303.769989,0.000580,0.129989,-5365.577940,-99.999783
1,181.809998,-0.000687,0.149762,-6181.767190,-100.001242
0,79.527496,0.000018,0.175209,-7232.050002,-99.999447
