Stock_Index,Gourujia,Predictions,Shares,True_Portfolio_Value,True_Earnings_Rate
5,142.619995,-0.000453,0.056278,-3416.997594,-100.130379
8,532.510010,0.000580,0.083013,-5033.489348,-99.996157
4,647.489990,-0.001086,0.090552,-5490.690162,-99.997073
0,222.779999,0.000018,0.107509,-6518.194573,-99.985957
2,234.850006,-0.000740,0.110578,-6705.118618,-99.998968
1,444.059998,-0.000687,0.117403,-7119.383494,-100.004870
3,200.210007,-0.000093,0.128202,-7775.526745,-100.021408
7,108.660004,-0.001653,0.149150,-9042.834388,-99.987299
6,264.839996,-0.002086,0.157314,-9538.910609,-99.998563
