Stock_Index,Gourujia,Predictions,Shares,True_Portfolio_Value,True_Earnings_Rate
5,46.950001,-0.000453,0.064351,-3616.192311,-99.938077
2,140.600006,-0.000740,0.067236,-3780.150291,-99.985182
3,130.240005,-0.000093,0.068555,-3854.378664,-99.986269
4,320.549988,-0.001086,0.084224,-4735.546014,-99.992101
1,360.690002,-0.000687,0.118226,-6647.470245,-99.993182
7,102.959999,-0.001653,0.118259,-6649.136349,-99.992576
6,144.289993,-0.002086,0.140904,-7922.187997,-99.989797
0,182.410004,0.000018,0.148052,-8324.042598,-99.988138
8,539.000000,0.000580,0.190193,-10694.587253,-99.999241
