Stock_Index,Gourujia,Predictions,Shares,True_Portfolio_Value,True_Earnings_Rate
5,27.719000,-0.000453,0.047881,-2370.899315,-99.827697
4,325.450012,-0.001086,0.094876,-4705.707803,-99.991848
0,169.750000,0.000018,0.095434,-4733.297391,-99.988862
1,319.910004,-0.000687,0.114976,-5702.743828,-99.992871
7,59.160000,-0.001653,0.122183,-6058.150175,-99.962140
2,167.078995,-0.000740,0.125813,-6239.926637,-99.988160
6,153.940002,-0.002086,0.126598,-6278.964756,-99.990990
3,141.606995,-0.000093,0.129938,-6444.688208,-99.990758
8,483.730011,0.000580,0.142302,-7058.491787,-99.998518
