Stock_Index,Gourujia,Predictions,Shares,True_Portfolio_Value,True_Earnings_Rate
8,239.149994,0.000580,0.068168,-4041.585050,-100.002068
3,58.539001,-0.000093,0.082204,-4873.848818,-100.004105
5,4.348000,-0.000453,0.091777,-5467.714781,-100.498621
4,189.539993,-0.001086,0.105587,-6260.033295,-100.002483
0,50.724998,0.000018,0.107699,-6386.494169,-100.021296
6,112.610001,-0.002086,0.119466,-7082.695437,-100.000710
1,125.510002,-0.000687,0.132820,-7874.443538,-100.000063
2,95.888496,-0.000740,0.138318,-8201.201198,-100.009780
7,76.839996,-0.001653,0.153962,-9127.836170,-100.001186
