Stock_Index,Gourujia,Predictions,Shares,True_Portfolio_Value,True_Earnings_Rate
4,179.429993,-0.001086,0.046561,-1907.876512,-99.999845
5,21.788000,-0.000453,0.063867,-2610.600472,-99.757329
3,94.610001,-0.000093,0.069709,-2856.361670,-99.999218
2,99.540001,-0.000740,0.076686,-3142.209031,-99.998387
1,271.320007,-0.000687,0.112328,-4602.658131,-99.998847
7,117.800003,-0.001653,0.123383,-5056.136810,-100.010003
8,495.350006,0.000580,0.146055,-5984.780221,-100.001030
0,153.850006,0.000018,0.158293,-6486.341249,-100.002752
6,142.570007,-0.002086,0.203117,-8322.511013,-99.996907
