Stock_Index,Gourujia,Predictions,Shares,True_Portfolio_Value,True_Earnings_Rate
5,19.815001,-0.000453,0.069515,-4448.807930,-99.884431
2,168.311996,-0.000740,0.078219,-5011.850891,-100.002037
4,351.239990,-0.001086,0.084327,-5402.801376,-99.993842
7,58.200001,-0.001653,0.088324,-5661.387389,-100.040627
6,152.889999,-0.002086,0.099919,-6402.570692,-100.007097
0,147.360001,0.000018,0.113337,-7262.073002,-100.001891
3,135.630005,-0.000093,0.115123,-7376.573749,-100.002748
8,421.899994,0.000580,0.158169,-10134.498133,-100.000202
1,287.119995,-0.000687,0.193066,-12370.483202,-100.000741
