Stock_Index,Gourujia,Predictions,Shares,True_Portfolio_Value,True_Earnings_Rate
5,4.317250,-0.000453,0.061682,-4007.845146,-99.713401
0,54.432499,0.000018,0.087584,-5707.360498,-99.991666
8,232.889999,0.000580,0.108398,-7064.796422,-100.007664
4,189.929993,-0.001086,0.112816,-7352.790730,-100.008693
1,139.440002,-0.000687,0.116550,-7595.595948,-100.001545
6,118.900002,-0.002086,0.117235,-7640.055038,-100.000142
3,61.492001,-0.000093,0.120947,-7881.538746,-99.993599
2,89.708000,-0.000740,0.129879,-8464.566922,-100.005518
7,72.080002,-0.001653,0.144907,-9443.239810,-99.999038
