Stock_Index,Gourujia,Predictions,Shares,True_Portfolio_Value,True_Earnings_Rate
2,82.028000,-0.000740,0.080500,-2823.934950,-100.017476
4,143.800003,-0.001086,0.081506,-2858.504637,-99.992353
0,38.072498,0.000018,0.081808,-2870.496044,-100.039796
5,3.720750,-0.000453,0.082127,-2871.841323,-99.710823
1,102.800003,-0.000687,0.106326,-3729.520485,-100.007123
3,53.223499,-0.000093,0.123098,-4318.541787,-100.023016
7,71.720001,-0.001653,0.132059,-4631.842274,-100.001751
8,247.669998,0.000580,0.145286,-5095.775350,-99.999365
6,99.910004,-0.002086,0.167291,-5866.855355,-99.989734
