Stock_Index,Gourujia,Predictions,Shares,True_Portfolio_Value,True_Earnings_Rate
7,68.500000,-0.001653,0.075832,-6108.434440,-99.985368
5,5.244750,-0.000453,0.078052,-6320.253863,-100.515870
4,193.149994,-0.001086,0.079599,-6412.594612,-99.994799
0,65.660004,0.000018,0.112677,-9076.331017,-99.982014
8,255.830002,0.000580,0.114414,-9216.087570,-99.979797
1,148.059998,-0.000687,0.121017,-9748.993628,-99.991343
3,65.457497,-0.000093,0.133802,-10776.882449,-99.971800
2,87.730003,-0.000740,0.137065,-11043.857119,-100.009859
6,128.600006,-0.002086,0.147543,-11886.155549,-99.994397
