Stock_Index,Gourujia,Predictions,Shares,True_Portfolio_Value,True_Earnings_Rate
4,168.149994,-0.001086,0.070316,-4639.898226,-99.995630
5,6.239500,-0.000453,0.075108,-4959.212704,-100.065634
3,54.790001,-0.000093,0.091364,-6029.234137,-100.003001
7,73.989998,-0.001653,0.113067,-7459.646383,-99.980955
8,226.779999,0.000580,0.119886,-7911.881420,-100.007768
1,93.129997,-0.000687,0.121824,-8039.637736,-100.007521
6,114.639999,-0.002086,0.126933,-8376.036422,-99.999239
2,79.325500,-0.000740,0.138776,-9158.018057,-100.003700
0,43.810001,0.000018,0.142725,-9423.309474,-100.052306
