Stock_Index,Gourujia,Predictions,Shares,True_Portfolio_Value,True_Earnings_Rate
5,4.794750,-0.000453,0.061146,-4620.334373,-100.276955
4,174.929993,-0.001086,0.084480,-6365.828362,-99.991405
6,105.650002,-0.002086,0.098992,-7460.451213,-100.007014
8,248.750000,0.000580,0.104630,-7884.968684,-99.999935
0,50.025002,0.000018,0.109964,-8287.438942,-100.006003
2,92.492996,-0.000740,0.117185,-8831.754389,-100.008225
3,60.414001,-0.000093,0.125766,-9478.466952,-100.007676
1,119.930000,-0.000687,0.134012,-10099.560087,-100.004531
7,83.000000,-0.001653,0.163824,-12347.495115,-100.015633
