Stock_Index,Gourujia,Predictions,Shares,True_Portfolio_Value,True_Earnings_Rate
5,16.260000,-0.000453,0.052510,-2565.917826,-100.176106
4,161.779999,-0.001086,0.076570,-3735.470060,-100.010054
2,130.750000,-0.000740,0.089394,-4360.943796,-100.005636
7,97.870003,-0.001653,0.102018,-4975.267429,-99.976776
3,110.339996,-0.000093,0.103623,-5055.184971,-100.007588
6,114.669998,-0.002086,0.117929,-5752.679767,-100.002132
0,163.619995,0.000018,0.122860,-5993.720265,-100.008425
1,268.089996,-0.000687,0.128902,-6288.142862,-100.004001
8,529.250000,0.000580,0.206194,-10058.287865,-99.999814
