Stock_Index,Gourujia,Predictions,Shares,True_Portfolio_Value,True_Earnings_Rate
5,4.493500,-0.000453,0.058867,-2849.791248,-100.135370
0,53.320000,0.000018,0.100962,-4881.488862,-100.000176
4,190.899994,-0.001086,0.109012,-5271.194983,-100.009442
6,112.370003,-0.002086,0.118731,-5740.411333,-99.998101
8,229.589996,0.000580,0.119175,-5762.184140,-100.001121
1,140.050003,-0.000687,0.120606,-5831.531805,-100.004860
7,70.269997,-0.001653,0.121363,-5866.974616,-99.986696
3,60.609501,-0.000093,0.123014,-5948.189389,-100.008009
2,92.036003,-0.000740,0.128269,-6201.977075,-100.004264
