Stock_Index,Gourujia,Predictions,Shares,True_Portfolio_Value,True_Earnings_Rate
4,167.110001,-0.001086,0.067856,-2585.897448,-99.988860
2,140.800003,-0.000740,0.077556,-2956.094055,-100.007046
5,18.989000,-0.000453,0.089255,-3413.361897,-100.342592
3,117.470001,-0.000093,0.093086,-3547.861597,-100.001233
1,282.910004,-0.000687,0.114950,-4381.238922,-100.003251
7,88.449997,-0.001653,0.115325,-4395.035756,-99.993627
6,115.760002,-0.002086,0.143788,-5480.688935,-100.010587
8,535.059998,0.000580,0.145265,-5536.498186,-99.999463
0,165.350006,0.000018,0.152919,-5828.325607,-100.001758
