Stock_Index,Gourujia,Predictions,Shares,True_Portfolio_Value,True_Earnings_Rate
5,90.399002,-0.000453,0.048390,-2590.490437,-99.988351
4,468.010010,-0.001086,0.060252,-3225.838760,-99.998254
3,169.139999,-0.000093,0.072537,-3883.494066,-99.995820
2,186.570007,-0.000740,0.103998,-5567.976811,-99.998565
0,186.279999,0.000018,0.105060,-5624.765106,-99.996696
8,511.739990,0.000580,0.116206,-6221.707475,-99.999185
1,413.720001,-0.000687,0.126213,-6757.392997,-99.998346
7,117.910004,-0.001653,0.173372,-9282.443406,-100.001728
6,198.729996,-0.002086,0.193973,-10384.588568,-99.993010
