Stock_Index,Gourujia,Predictions,Shares,True_Portfolio_Value,True_Earnings_Rate
4,474.989990,-0.001086,0.039919,-2367.512097,-100.007021
3,142.380005,-0.000093,0.079587,-4719.525557,-99.993616
2,171.809998,-0.000740,0.083059,-4925.912114,-100.005104
5,66.160004,-0.000453,0.083727,-4961.782484,-99.929216
8,510.230011,0.000580,0.104372,-6189.810335,-100.002813
0,185.850006,0.000018,0.127473,-7559.204474,-99.994728
7,101.970001,-0.001653,0.131840,-7818.789212,-100.004048
1,411.220001,-0.000687,0.156147,-9260.375028,-100.003316
6,174.729996,-0.002086,0.193877,-11497.582516,-100.000754
