Stock_Index,Gourujia,Predictions,Shares,True_Portfolio_Value,True_Earnings_Rate
4,167.229996,-0.001086,0.081810,-3161.675358,-99.970183
5,16.101000,-0.000453,0.083838,-3230.128758,-99.665478
7,86.099998,-0.001653,0.085038,-3286.439554,-99.971091
2,113.760002,-0.000740,0.101312,-3915.230288,-99.966270
3,109.029999,-0.000093,0.102776,-3971.578275,-99.960646
8,519.369995,0.000580,0.116241,-4493.464343,-99.994850
6,111.790001,-0.002086,0.135504,-5237.152114,-99.978105
1,254.250000,-0.000687,0.140321,-5424.150357,-99.991916
0,147.070007,0.000018,0.153159,-5919.844798,-99.982069
