Stock_Index,Gourujia,Predictions,Shares,True_Portfolio_Value,True_Earnings_Rate
4,213.059998,-0.001086,0.083553,-7551.047992,-99.995266
2,95.343002,-0.000740,0.086421,-7811.263042,-100.008222
5,5.998250,-0.000453,0.086534,-7817.849118,-99.968761
6,135.880005,-0.002086,0.108667,-9820.588459,-99.994281
0,74.597504,0.000018,0.115309,-10419.392797,-99.978607
3,69.755501,-0.000093,0.119223,-10774.232404,-99.989832
7,70.290001,-0.001653,0.123165,-11133.710233,-100.021618
8,289.790009,0.000580,0.133130,-12031.362971,-99.992800
1,157.580002,-0.000687,0.143999,-13013.170679,-99.989972
