Stock_Index,Gourujia,Predictions,Shares,True_Portfolio_Value,True_Earnings_Rate
5,18.966249,-0.000453,0.060075,-4434.992263,-100.228747
7,58.950001,-0.001653,0.076602,-5644.823348,-100.047566
6,155.460007,-0.002086,0.090516,-6668.087176,-100.014859
4,344.459991,-0.001086,0.090813,-6689.236513,-100.002795
2,181.559998,-0.000740,0.090864,-6693.367780,-100.008802
8,420.049988,0.000580,0.133600,-9840.625913,-100.000198
0,148.479996,0.000018,0.135725,-9998.094484,-100.009547
3,127.004997,-0.000093,0.160087,-11791.602553,-100.000217
1,281.029999,-0.000687,0.161717,-11911.631064,-100.000355
