Stock_Index,Gourujia,Predictions,Shares,True_Portfolio_Value,True_Earnings_Rate
2,129.330002,-0.000740,0.075607,-5022.024380,-100.001257
5,41.016998,-0.000453,0.077944,-5175.342653,-99.965005
4,295.730011,-0.001086,0.085232,-5661.031647,-99.996191
0,173.929993,0.000018,0.089625,-5952.923858,-99.997164
3,130.440002,-0.000093,0.110513,-7340.605001,-100.001118
1,319.529999,-0.000687,0.116256,-7722.156653,-100.002478
7,114.760002,-0.001653,0.119137,-7913.125994,-99.998634
8,501.140015,0.000580,0.128888,-8560.859521,-99.998035
6,147.139999,-0.002086,0.196798,-13072.390321,-100.006544
