Stock_Index,Gourujia,Predictions,Shares,True_Portfolio_Value,True_Earnings_Rate
5,136.050003,-0.000453,0.069869,-4121.984322,-99.979436
8,557.770020,0.000580,0.077812,-4591.431951,-99.997048
2,195.779999,-0.000740,0.093227,-5500.592217,-99.990386
1,408.459991,-0.000687,0.104010,-6137.348344,-99.998208
4,560.679993,-0.001086,0.108808,-6420.338922,-99.996301
7,118.610001,-0.001653,0.131214,-7742.389176,-99.997516
6,219.779999,-0.002086,0.132000,-7788.713299,-99.996474
3,169.240005,-0.000093,0.139686,-8242.439872,-99.998257
0,222.009995,0.000018,0.143374,-8459.993418,-99.997088
