Stock_Index,Gourujia,Predictions,Shares,True_Portfolio_Value,True_Earnings_Rate
4,261.359985,-0.001086,0.081954,-3296.025645,-99.994275
0,108.769997,0.000018,0.091596,-3683.518868,-99.985992
7,33.990002,-0.001653,0.095154,-3828.895989,-100.050636
2,150.223999,-0.000740,0.099306,-3993.733720,-99.990337
3,81.216003,-0.000093,0.106977,-4301.991730,-99.983929
5,12.580750,-0.000453,0.107668,-4318.521720,-99.727518
1,202.330002,-0.000687,0.132403,-5324.785131,-99.990085
8,312.100006,0.000580,0.140707,-5658.793082,-99.990642
6,100.250000,-0.002086,0.144238,-5799.416212,-99.969043
