Stock_Index,Gourujia,Predictions,Shares,True_Portfolio_Value,True_Earnings_Rate
5,6.796500,-0.000453,0.057615,-5190.407637,-99.845486
4,163.039993,-0.001086,0.084913,-7661.654680,-99.995726
2,97.603500,-0.000740,0.087946,-7936.134575,-100.006878
1,108.209999,-0.000687,0.103568,-9344.290979,-99.990062
3,58.879501,-0.000093,0.104192,-9401.908354,-100.003653
7,81.830002,-0.001653,0.109657,-9894.745696,-100.001793
0,55.325001,0.000018,0.119924,-10823.823440,-100.024422
6,114.320000,-0.002086,0.149116,-13455.667556,-100.004680
8,268.279999,0.000580,0.183070,-16521.111989,-100.012073
