Stock_Index,Gourujia,Predictions,Shares,True_Portfolio_Value,True_Earnings_Rate
4,183.199997,-0.001086,0.071729,-4261.172482,-99.998334
5,6.150250,-0.000453,0.075326,-4469.582579,-99.888029
0,47.044998,0.000018,0.084438,-5016.977825,-100.013484
3,54.204498,-0.000093,0.094025,-5586.086921,-100.004822
2,79.363998,-0.000740,0.096712,-5745.663827,-100.004390
7,82.019997,-0.001653,0.121263,-7203.991246,-100.002083
1,97.150002,-0.000687,0.129607,-7700.430338,-100.010329
8,241.720001,0.000580,0.147168,-8742.767983,-99.997883
6,113.339996,-0.002086,0.179730,-10677.506718,-100.002963
