Stock_Index,Gourujia,Predictions,Shares,True_Portfolio_Value,True_Earnings_Rate
4,168.529999,-0.001086,0.068834,-2675.382022,-99.966428
5,17.086000,-0.000453,0.077033,-2984.942651,-99.663545
2,137.830002,-0.000740,0.080108,-3113.847398,-99.974858
3,116.629997,-0.000093,0.094988,-3692.394479,-99.977723
7,90.589996,-0.001653,0.113311,-4405.074724,-99.989570
1,282.299988,-0.000687,0.127565,-4959.390439,-99.991495
6,115.379997,-0.002086,0.140501,-5461.455484,-99.977680
8,537.260010,0.000580,0.143215,-5568.300187,-99.999841
0,164.919998,0.000018,0.154445,-6004.002888,-99.984321
