Stock_Index,Gourujia,Predictions,Shares,True_Portfolio_Value,True_Earnings_Rate
5,42.502998,-0.000453,0.069308,-4461.379543,-100.017948
8,461.579987,0.000580,0.081784,-5263.561963,-99.999311
4,290.529999,-0.001086,0.092670,-5963.969708,-99.995796
2,129.779999,-0.000740,0.102661,-6608.249526,-100.015897
1,337.220001,-0.000687,0.110805,-7131.706748,-100.004778
3,119.480003,-0.000093,0.118766,-7645.385388,-100.021499
7,103.160004,-0.001653,0.121673,-7829.598426,-99.985729
6,144.339996,-0.002086,0.138142,-8890.352220,-99.996123
0,190.679993,0.000018,0.164192,-10568.000107,-100.005724
