Stock_Index,Gourujia,Predictions,Shares,True_Portfolio_Value,True_Earnings_Rate
5,20.451000,-0.000453,0.075567,-4328.041361,-99.940825
4,332.959991,-0.001086,0.090765,-5201.623483,-99.999387
7,61.619999,-0.001653,0.090905,-5211.146181,-100.030036
6,168.660004,-0.002086,0.113822,-6522.923032,-99.998736
1,288.760010,-0.000687,0.113907,-6527.585776,-99.994822
3,136.022995,-0.000093,0.117975,-6760.505880,-99.991713
0,141.110001,0.000018,0.124500,-7134.704549,-99.995544
8,393.429993,0.000580,0.131413,-7531.204782,-99.999471
2,161.050003,-0.000740,0.141146,-8088.326440,-99.992144
