Stock_Index,Gourujia,Predictions,Shares,True_Portfolio_Value,True_Earnings_Rate
5,4.269500,-0.000453,0.060795,-2888.727897,-100.402535
3,60.021999,-0.000093,0.081406,-3853.882053,-100.023636
0,52.587502,0.000018,0.096573,-4570.838377,-99.999910
4,186.169998,-0.001086,0.109655,-5190.322319,-100.006853
1,138.410004,-0.000687,0.118048,-5587.564636,-100.006028
6,108.690002,-0.002086,0.120304,-5694.573916,-100.011756
7,69.449997,-0.001653,0.128317,-6073.649729,-100.008734
2,90.806000,-0.000740,0.130204,-6163.072297,-100.008974
8,244.710007,0.000580,0.154697,-7322.445946,-100.007670
