Stock_Index,Gourujia,Predictions,Shares,True_Portfolio_Value,True_Earnings_Rate
4,180.259995,-0.001086,0.029147,-1991.436908,-100.000647
0,51.882500,0.000018,0.094267,-6439.987782,-99.987595
3,62.625500,-0.000093,0.107502,-7345.411675,-100.004941
2,94.315002,-0.000740,0.109017,-7448.083702,-99.994450
1,109.000000,-0.000687,0.119806,-8186.211797,-100.006673
6,115.730003,-0.002086,0.121156,-8279.004378,-100.013848
5,6.369750,-0.000453,0.122282,-8347.518825,-99.918264
7,79.419998,-0.001653,0.144227,-9855.451488,-100.013709
8,260.359985,0.000580,0.152597,-10426.135058,-99.999189
