Stock_Index,Gourujia,Predictions,Shares,True_Portfolio_Value,True_Earnings_Rate
5,21.075001,-0.000453,0.076147,-4208.790620,-100.055257
7,60.660000,-0.001653,0.092030,-5081.750146,-99.959201
4,329.220001,-0.001086,0.093965,-5190.786553,-99.999235
1,294.850006,-0.000687,0.115206,-6364.212623,-100.000000
3,139.225006,-0.000093,0.117149,-6471.399396,-99.997114
6,170.089996,-0.002086,0.118715,-6557.988718,-99.999551
8,404.700012,0.000580,0.124092,-6854.959249,-99.997715
0,143.289993,0.000018,0.124903,-6900.042432,-100.001902
2,165.121506,-0.000740,0.137794,-7612.206354,-100.002538
