Stock_Index,Gourujia,Predictions,Shares,True_Portfolio_Value,True_Earnings_Rate
5,4.157000,-0.000453,0.055949,-4493.751074,-99.808355
8,261.160004,0.000580,0.081864,-6588.147763,-99.993113
4,201.229996,-0.001086,0.091944,-7399.090707,-99.991091
0,50.437500,0.000018,0.108960,-8767.943304,-99.984826
3,57.203999,-0.000093,0.116644,-9387.576637,-99.998076
1,138.399994,-0.000687,0.128092,-10308.794643,-99.997394
6,114.099998,-0.002086,0.132531,-10665.197636,-99.990831
7,77.570000,-0.001653,0.138517,-11147.730523,-99.999003
2,100.053497,-0.000740,0.145499,-11709.395641,-99.995053
