Stock_Index,Gourujia,Predictions,Shares,True_Portfolio_Value,True_Earnings_Rate
4,484.019989,-0.001086,0.035673,-2198.386232,-99.997408
5,77.663002,-0.000453,0.039216,-2416.233499,-99.976198
3,136.380005,-0.000093,0.070232,-4327.745004,-99.988901
2,173.160004,-0.000740,0.070801,-4362.805326,-99.988117
1,407.720001,-0.000687,0.118300,-7290.286108,-99.996464
7,104.320000,-0.001653,0.125747,-7749.251525,-99.998164
8,498.279999,0.000580,0.136477,-8410.946797,-100.001894
0,181.419998,0.000018,0.184562,-11374.402430,-100.002039
6,184.380005,-0.002086,0.218991,-13495.149455,-99.995081
