Stock_Index,Gourujia,Predictions,Shares,True_Portfolio_Value,True_Earnings_Rate
4,174.889999,-0.001086,0.029194,-2004.472181,-100.012661
3,62.644501,-0.000093,0.096297,-6613.034440,-100.029382
5,6.300500,-0.000453,0.096903,-6685.804903,-100.504842
6,116.029999,-0.002086,0.108953,-7479.488353,-99.994816
2,90.863503,-0.000740,0.116230,-7981.378113,-100.023288
1,107.680000,-0.000687,0.118022,-8104.209923,-100.020139
7,81.919998,-0.001653,0.140190,-9624.566708,-100.002685
8,255.949997,0.000580,0.145784,-10008.922762,-100.003234
0,47.744999,0.000018,0.148427,-10191.173214,-100.011768
