Stock_Index,Gourujia,Predictions,Shares,True_Portfolio_Value,True_Earnings_Rate
4,481.739990,-0.001086,0.034820,-2199.881180,-99.997724
5,79.092003,-0.000453,0.038691,-2444.626660,-100.006266
2,174.729996,-0.000740,0.068206,-4309.387627,-100.003911
3,137.570007,-0.000093,0.068931,-4354.745296,-99.993111
1,407.540009,-0.000687,0.112205,-7089.056773,-100.000036
7,104.250000,-0.001653,0.117961,-7452.795907,-100.002026
0,181.160004,0.000018,0.170774,-10789.009155,-99.995539
6,183.360001,-0.002086,0.188287,-11895.802780,-99.999732
8,525.320007,0.000580,0.200124,-12644.387030,-100.004362
