Stock_Index,Gourujia,Predictions,Shares,True_Portfolio_Value,True_Earnings_Rate
5,12.989750,-0.000453,0.083782,-3711.288731,-99.854844
7,44.840000,-0.001653,0.091138,-4042.807710,-99.996025
0,131.960007,0.000018,0.095461,-4234.373311,-99.987583
4,258.329987,-0.001086,0.097189,-4311.299240,-99.994524
3,91.367996,-0.000093,0.104414,-4630.318239,-99.961335
6,128.669998,-0.002086,0.126626,-5617.062821,-99.994283
1,231.960007,-0.000687,0.127274,-5645.402058,-99.985940
2,160.309998,-0.000740,0.132816,-5890.512891,-99.973959
8,333.579987,0.000580,0.141301,-6268.488376,-99.999623
