Stock_Index,Gourujia,Predictions,Shares,True_Portfolio_Value,True_Earnings_Rate
5,111.589996,-0.000453,0.058219,-2989.828189,-100.065454
4,465.709991,-0.001086,0.068571,-3519.197563,-100.001165
8,566.750000,0.000580,0.094879,-4869.155615,-99.997042
3,169.529999,-0.000093,0.102147,-5242.159094,-99.997362
0,218.240005,0.000018,0.121264,-6223.348285,-99.998826
1,426.730011,-0.000687,0.126855,-6510.495235,-100.002102
2,183.199997,-0.000740,0.129383,-6640.362347,-100.004458
6,210.850006,-0.002086,0.140664,-7218.305101,-99.990337
7,116.099998,-0.001653,0.158019,-8108.380035,-99.984778
