Stock_Index,Gourujia,Predictions,Shares,True_Portfolio_Value,True_Earnings_Rate
4,239.729996,-0.001086,0.082492,-3625.286026,-99.999044
6,98.209999,-0.002086,0.090664,-3983.762609,-99.984362
7,44.070000,-0.001653,0.093904,-4125.514705,-99.971348
5,10.377000,-0.000453,0.101445,-4464.299906,-100.140080
2,154.199997,-0.000740,0.104657,-4600.145602,-100.015994
3,76.042999,-0.000093,0.118456,-5206.032754,-100.003446
8,308.519989,0.000580,0.123420,-5424.268871,-100.004709
1,208.350006,-0.000687,0.139829,-6145.183427,-100.000715
0,97.057503,0.000018,0.145132,-6377.732443,-99.992938
