Stock_Index,Gourujia,Predictions,Shares,True_Portfolio_Value,True_Earnings_Rate
5,130.279999,-0.000453,0.038247,-1862.790820,-100.021812
3,179.250000,-0.000093,0.083602,-4071.398922,-100.012049
8,461.519989,0.000580,0.093451,-4550.290223,-99.995880
1,404.000000,-0.000687,0.113965,-5549.581820,-100.003766
0,247.100006,0.000018,0.121105,-5897.061635,-100.000098
2,212.710007,-0.000740,0.127418,-6204.408722,-99.999801
7,111.269997,-0.001653,0.127895,-6228.361708,-100.012525
6,261.339996,-0.002086,0.146410,-7129.616538,-100.005813
4,668.130005,-0.001086,0.147906,-7202.260084,-100.002400
