Stock_Index,Gourujia,Predictions,Shares,True_Portfolio_Value,True_Earnings_Rate
4,174.149994,-0.001086,0.047166,-1910.741210,-99.982849
5,21.264999,-0.000453,0.064616,-2615.078404,-99.885742
3,94.570000,-0.000093,0.070371,-2851.264717,-99.999553
2,97.610001,-0.000740,0.076630,-3104.236873,-99.979941
1,263.100006,-0.000687,0.117786,-4771.881940,-99.988307
7,119.169998,-0.001653,0.126345,-5119.664314,-100.009703
8,494.250000,0.000580,0.145595,-5899.198086,-99.999550
0,151.009995,0.000018,0.162547,-6585.270395,-99.987662
6,141.039993,-0.002086,0.188943,-7654.871756,-99.992350
