Stock_Index,Gourujia,Predictions,Shares,True_Portfolio_Value,True_Earnings_Rate
5,5.891250,-0.000453,0.068298,-2778.682954,-99.537433
4,180.399994,-0.001086,0.103582,-4234.189059,-100.001908
3,54.737999,-0.000093,0.104103,-4254.992430,-99.989783
1,93.639999,-0.000687,0.107892,-4410.442561,-100.003656
8,228.380005,0.000580,0.117557,-4805.599329,-100.004238
6,115.059998,-0.002086,0.117809,-4815.575210,-99.999245
2,76.180496,-0.000740,0.118463,-4841.812359,-99.987968
0,44.205002,0.000018,0.123792,-5060.358072,-100.001920
7,76.269997,-0.001653,0.138505,-5661.645364,-100.001548
