Stock_Index,Gourujia,Predictions,Shares,True_Portfolio_Value,True_Earnings_Rate
5,5.965500,-0.000453,0.065735,-6700.165497,-99.960004
4,205.119995,-0.001086,0.084724,-8639.148967,-99.993695
0,71.067497,0.000018,0.090994,-9276.584596,-99.972356
6,137.580002,-0.002086,0.103580,-10561.541077,-99.992327
7,70.019997,-0.001653,0.108040,-11016.827571,-99.997758
8,294.540009,0.000580,0.116494,-11879.290798,-99.998723
2,89.460503,-0.000740,0.128800,-13127.910061,-99.951368
3,67.221497,-0.000093,0.146888,-14975.862666,-99.980171
1,157.380005,-0.000687,0.154745,-15779.236115,-99.994813
