Stock_Index,Gourujia,Predictions,Shares,True_Portfolio_Value,True_Earnings_Rate
5,132.759995,-0.000453,0.068876,-4075.348446,-99.985168
8,564.500000,0.000580,0.078344,-4636.241037,-99.999042
4,567.580017,-0.001086,0.100357,-5938.952354,-100.000130
1,406.350006,-0.000687,0.102680,-6076.293463,-99.997577
2,186.399994,-0.000740,0.110773,-6553.213719,-99.967801
6,221.919998,-0.002086,0.124233,-7351.665966,-99.997934
3,171.110001,-0.000093,0.127521,-7546.428138,-99.999386
0,225.910004,0.000018,0.134395,-7953.710822,-100.005918
7,116.779999,-0.001653,0.152820,-9044.744598,-100.013525
