Stock_Index,Gourujia,Predictions,Shares,True_Portfolio_Value,True_Earnings_Rate
4,331.619995,-0.001086,0.078743,-4971.484178,-99.996178
5,26.598000,-0.000453,0.086579,-5443.009877,-99.572502
3,146.598007,-0.000093,0.087767,-5541.040796,-99.992276
2,169.199997,-0.000740,0.104875,-6620.567906,-99.983977
7,63.930000,-0.001653,0.111659,-7048.986959,-99.988299
8,457.329987,0.000580,0.115444,-7289.009728,-100.000273
6,170.529999,-0.002086,0.123161,-7776.730910,-100.007754
1,334.000000,-0.000687,0.137215,-8663.355418,-99.997821
0,151.490005,0.000018,0.154557,-9758.748974,-100.002313
