Stock_Index,Gourujia,Predictions,Shares,True_Portfolio_Value,True_Earnings_Rate
8,282.140015,0.000580,0.064432,-4641.698795,-99.996264
5,171.380005,-0.000453,0.083112,-5988.476235,-100.015002
7,108.050003,-0.001653,0.085350,-6148.474206,-99.995812
4,712.969971,-0.001086,0.103359,-7446.326468,-100.001615
2,229.300003,-0.000740,0.106331,-7660.579338,-100.003494
3,190.100006,-0.000093,0.108934,-7847.589103,-99.996580
6,290.970001,-0.002086,0.116943,-8424.771865,-99.999457
0,212.479996,0.000018,0.148961,-10731.058359,-99.995766
1,510.059998,-0.000687,0.182579,-13153.722954,-100.001850
