Stock_Index,Gourujia,Predictions,Shares,True_Portfolio_Value,True_Earnings_Rate
5,109.633003,-0.000453,0.047353,-3289.424841,-99.956406
0,192.250000,0.000018,0.093483,-6496.362957,-99.995206
6,202.630005,-0.002086,0.097112,-6748.986746,-100.001977
4,466.829987,-0.001086,0.101900,-7081.299271,-99.995164
8,495.369995,0.000580,0.103542,-7195.677346,-99.999158
1,415.130005,-0.000687,0.120590,-8380.604477,-100.000936
7,117.260002,-0.001653,0.120817,-8397.949265,-100.020685
3,172.500000,-0.000093,0.142200,-9882.104163,-99.997753
2,176.440002,-0.000740,0.173003,-12022.238228,-99.993929
