Stock_Index,Gourujia,Predictions,Shares,True_Portfolio_Value,True_Earnings_Rate
5,4.715500,-0.000453,0.057236,-3841.315928,-100.040513
4,173.539993,-0.001086,0.091123,-6113.164079,-99.991823
2,91.035004,-0.000740,0.102268,-6861.453192,-100.001111
0,48.837502,0.000018,0.105842,-7100.976593,-99.996439
8,245.839996,0.000580,0.107204,-7192.462844,-99.997443
6,105.349998,-0.002086,0.108139,-7255.072741,-99.998110
3,60.540501,-0.000093,0.123875,-8310.139809,-99.988255
1,119.970001,-0.000687,0.134472,-9022.387494,-100.004249
7,80.900002,-0.001653,0.169840,-11392.778259,-99.982553
