Stock_Index,Gourujia,Predictions,Shares,True_Portfolio_Value,True_Earnings_Rate
5,11.227000,-0.000453,0.070853,-2879.304952,-99.490444
7,99.190002,-0.001653,0.088762,-3625.112324,-99.985569
6,111.190002,-0.002086,0.097877,-3996.479320,-99.962998
2,106.900002,-0.000740,0.099710,-4070.493756,-99.941571
4,126.760002,-0.001086,0.102369,-4179.662562,-99.955946
0,138.380005,0.000018,0.105833,-4322.148842,-99.979255
1,228.559998,-0.000687,0.112274,-4585.347843,-99.983158
3,96.559998,-0.000093,0.135554,-5535.064271,-99.964058
8,513.130005,0.000580,0.186768,-7628.791246,-99.996705
