Stock_Index,Gourujia,Predictions,Shares,True_Portfolio_Value,True_Earnings_Rate
5,3.825000,-0.000453,0.037492,-2243.962480,-100.971302
4,170.490005,-0.001086,0.061206,-3628.963505,-100.014313
2,82.013000,-0.000740,0.070617,-4187.127778,-100.019399
0,43.560001,0.000018,0.084626,-5019.052977,-100.043896
1,106.029999,-0.000687,0.098411,-5834.435523,-100.006785
3,56.144501,-0.000093,0.099799,-5917.946024,-100.027139
7,75.260002,-0.001653,0.148838,-8824.210930,-100.010280
8,269.500000,0.000580,0.158398,-9390.328472,-100.000689
6,103.739998,-0.002086,0.240614,-14265.795091,-100.012721
