Stock_Index,Gourujia,Predictions,Shares,True_Portfolio_Value,True_Earnings_Rate
4,176.369995,-0.001086,0.031182,-2013.834354,-99.995485
0,51.847500,0.000018,0.096561,-6236.123535,-99.994428
3,62.056499,-0.000093,0.109206,-7053.380815,-100.003861
5,6.265500,-0.000453,0.109434,-7060.699069,-99.906026
2,91.716499,-0.000740,0.111179,-7181.003914,-100.006582
1,107.570000,-0.000687,0.117185,-7568.113879,-99.995947
6,116.150002,-0.002086,0.118025,-7622.065450,-99.993060
7,79.910004,-0.001653,0.151360,-9775.041065,-99.995467
8,256.079987,0.000580,0.155866,-10066.566148,-99.998265
