Stock_Index,Gourujia,Predictions,Shares,True_Portfolio_Value,True_Earnings_Rate
5,22.202999,-0.000453,0.050361,-2507.728010,-100.195893
4,214.990005,-0.001086,0.089036,-4425.472280,-100.010525
2,155.541000,-0.000740,0.099362,-4938.984595,-100.016048
7,86.809998,-0.001653,0.106956,-5314.801476,-99.986544
1,287.619995,-0.000687,0.109658,-5450.432549,-100.009547
3,129.893997,-0.000093,0.116140,-5773.139767,-100.018985
0,170.399994,0.000018,0.129899,-6456.999323,-100.017868
6,127.300003,-0.002086,0.139093,-6913.175968,-100.007316
8,537.000000,0.000580,0.159495,-7926.801002,-100.000758
