Stock_Index,Gourujia,Predictions,Shares,True_Portfolio_Value,True_Earnings_Rate
6,107.550003,-0.002086,0.075098,-7000.188102,-100.000086
7,80.699997,-0.001653,0.077595,-7233.249886,-100.003845
5,6.504250,-0.000453,0.090449,-8420.057084,-99.874055
3,58.934502,-0.000093,0.090824,-8465.595261,-99.992273
4,197.490005,-0.001086,0.101434,-9454.076068,-99.988567
8,253.020004,0.000580,0.122615,-11429.741490,-100.000328
1,100.860001,-0.000687,0.129158,-12038.269879,-99.990121
0,46.422501,0.000018,0.140716,-13115.746228,-99.990624
2,86.738998,-0.000740,0.172110,-16041.596977,-99.989877
