Stock_Index,Gourujia,Predictions,Shares,True_Portfolio_Value,True_Earnings_Rate
2,151.676498,-0.000740,0.070565,-3357.331947,-99.996024
7,44.029999,-0.001653,0.093057,-4432.518759,-100.114244
5,10.465500,-0.000453,0.096822,-4600.377282,-99.865369
1,204.059998,-0.000687,0.108131,-5144.862882,-100.000384
6,99.680000,-0.002086,0.108875,-5181.562724,-100.027135
4,233.289993,-0.001086,0.118187,-5623.181286,-99.997782
0,95.040001,0.000018,0.121690,-5789.285304,-99.987345
8,306.679993,0.000580,0.141265,-6721.503377,-100.001545
3,76.175499,-0.000093,0.141407,-6727.277068,-99.987258
