Stock_Index,Gourujia,Predictions,Shares,True_Portfolio_Value,True_Earnings_Rate
4,178.339996,-0.001086,0.065909,-2542.284064,-100.002679
5,18.097000,-0.000453,0.073452,-2834.451974,-100.047532
2,142.690002,-0.000740,0.079736,-3075.887005,-100.010142
3,119.699997,-0.000093,0.096167,-3709.550597,-100.006024
7,91.449997,-0.001653,0.114021,-4397.027407,-99.979390
1,289.160004,-0.000687,0.126737,-4888.625612,-100.002569
6,118.389999,-0.002086,0.136990,-5283.216390,-99.987606
0,169.240005,0.000018,0.151798,-5855.289935,-100.002624
8,537.719971,0.000580,0.155190,-5986.102858,-100.001688
