Stock_Index,Gourujia,Predictions,Shares,True_Portfolio_Value,True_Earnings_Rate
5,45.520000,-0.000453,0.077237,-4349.240968,-100.059236
4,302.519989,-0.001086,0.086767,-4883.447768,-100.009151
8,504.239990,0.000580,0.088821,-4998.568373,-99.999101
2,129.960007,-0.000740,0.095234,-5359.503253,-99.999763
3,119.199997,-0.000093,0.097347,-5478.107110,-99.994249
1,346.869995,-0.000687,0.112750,-6345.430057,-100.002588
7,103.410004,-0.001653,0.115190,-6482.202482,-99.995522
6,156.149994,-0.002086,0.144532,-8134.150278,-100.004940
0,193.130005,0.000018,0.182122,-10249.664639,-100.003200
