Stock_Index,Gourujia,Predictions,Shares,True_Portfolio_Value,True_Earnings_Rate
5,140.139999,-0.000453,0.059201,-3545.136154,-100.000153
3,195.490005,-0.000093,0.072261,-4327.377247,-100.004046
8,514.250000,0.000580,0.073946,-4427.928707,-99.996155
4,617.890015,-0.001086,0.088683,-5310.690340,-100.001889
2,222.110001,-0.000740,0.097075,-5813.114929,-99.999959
0,242.210007,0.000018,0.135821,-8133.260380,-99.999166
1,422.369995,-0.000687,0.136619,-8180.994988,-99.998776
6,243.169998,-0.002086,0.136860,-8195.451367,-100.000068
7,108.750000,-0.001653,0.199533,-11950.238940,-100.015519
