Stock_Index,Gourujia,Predictions,Shares,True_Portfolio_Value,True_Earnings_Rate
5,4.245250,-0.000453,0.057473,-4468.905419,-100.119601
8,251.399994,0.000580,0.061434,-4771.472770,-99.994344
4,165.979996,-0.001086,0.087803,-6821.193959,-100.020340
2,85.617996,-0.000740,0.103929,-8070.696888,-99.979855
3,59.514999,-0.000093,0.125378,-9738.532629,-100.002472
0,46.529999,0.000018,0.128500,-9978.659139,-99.978172
6,106.550003,-0.002086,0.140823,-10937.144964,-99.994380
1,115.910004,-0.000687,0.144630,-11232.212055,-99.987732
7,80.150002,-0.001653,0.150030,-11651.153579,-99.985606
