Stock_Index,Gourujia,Predictions,Shares,True_Portfolio_Value,True_Earnings_Rate
7,43.990002,-0.001653,0.077912,-2414.238155,-99.987117
6,90.269997,-0.002086,0.081262,-2518.086711,-99.988524
2,117.563004,-0.000740,0.103187,-3197.744127,-99.994106
5,7.444750,-0.000453,0.103295,-3190.979233,-99.684383
8,288.769989,0.000580,0.109204,-3384.568653,-100.004551
3,67.271500,-0.000093,0.117648,-3645.165501,-99.973880
4,208.470001,-0.001086,0.118068,-3658.886124,-99.993623
1,182.539993,-0.000687,0.135376,-4195.392864,-99.996828
0,75.157501,0.000018,0.154047,-4773.529222,-99.986306
