Stock_Index,Gourujia,Predictions,Shares,True_Portfolio_Value,True_Earnings_Rate
6,99.480003,-0.002086,0.062854,-2676.881156,-100.005471
7,46.630001,-0.001653,0.063001,-2682.594924,-99.986704
5,9.236000,-0.000453,0.089361,-3806.275916,-100.021121
4,235.529999,-0.001086,0.100768,-4291.387804,-99.999262
8,292.600006,0.000580,0.100834,-4294.329283,-100.001311
1,194.240005,-0.000687,0.128432,-5469.237374,-99.994516
0,87.897499,0.000018,0.133177,-5671.623212,-99.999547
2,132.048996,-0.000740,0.154953,-6598.756985,-99.996281
3,72.626999,-0.000093,0.166619,-7097.081444,-100.017572
