Stock_Index,Gourujia,Predictions,Shares,True_Portfolio_Value,True_Earnings_Rate
4,243.580002,-0.001086,0.088768,-3307.942350,-99.998452
7,43.139999,-0.001653,0.088912,-3316.501927,-100.097674
6,93.300003,-0.002086,0.089058,-3319.528240,-100.023460
5,10.216000,-0.000453,0.106163,-3945.123532,-99.723209
8,298.359985,0.000580,0.115995,-4323.023643,-100.008187
2,154.055496,-0.000740,0.124837,-4651.139279,-99.978957
3,75.180000,-0.000093,0.125751,-4685.577297,-99.986744
1,212.830002,-0.000687,0.128788,-4799.221201,-99.996722
0,95.342499,0.000018,0.131727,-4908.686979,-99.995499
