Stock_Index,Gourujia,Predictions,Shares,True_Portfolio_Value,True_Earnings_Rate
8,303.709991,0.000580,0.067823,-4525.169220,-99.995702
3,176.789993,-0.000093,0.085299,-5691.869825,-100.007829
5,158.240005,-0.000453,0.088763,-5922.132604,-99.993010
7,111.110001,-0.001653,0.095370,-6361.712083,-99.975391
4,718.349976,-0.001086,0.097760,-6522.823259,-99.999551
2,223.470001,-0.000740,0.100071,-6677.582666,-100.008307
0,209.949997,0.000018,0.115581,-7711.943990,-99.999864
6,291.970001,-0.002086,0.159060,-10614.093207,-100.010954
1,497.720001,-0.000687,0.190274,-12695.773853,-100.000445
