Stock_Index,Gourujia,Predictions,Shares,True_Portfolio_Value,True_Earnings_Rate
5,27.816999,-0.000453,0.055811,-2910.770893,-99.976556
4,334.369995,-0.001086,0.100262,-5230.410821,-100.000994
7,71.349998,-0.001653,0.109136,-5693.381943,-100.004131
0,175.080002,0.000018,0.109369,-5705.355950,-99.998534
1,314.980011,-0.000687,0.110909,-5785.597824,-99.996701
8,469.000000,0.000580,0.122417,-6385.985423,-99.997865
3,139.735992,-0.000093,0.128964,-6727.079815,-99.991374
2,165.362000,-0.000740,0.129932,-6778.185237,-100.000567
6,167.490005,-0.002086,0.133200,-6948.301238,-99.996623
