Stock_Index,Gourujia,Predictions,Shares,True_Portfolio_Value,True_Earnings_Rate
5,3.927750,-0.000453,0.038963,-1514.901414,-99.809494
2,83.419998,-0.000740,0.073412,-2859.395021,-99.978079
0,44.172501,0.000018,0.093003,-3624.232601,-100.025383
4,137.929993,-0.001086,0.115540,-4500.910090,-99.991119
3,53.123501,-0.000093,0.115875,-4513.137026,-99.972545
1,108.519997,-0.000687,0.116140,-4524.416749,-99.994328
8,278.549988,0.000580,0.138930,-5412.704657,-100.002198
6,107.230003,-0.002086,0.147571,-5750.161274,-100.017913
7,79.430000,-0.001653,0.160565,-6256.384956,-100.016593
