Stock_Index,Gourujia,Predictions,Shares,True_Portfolio_Value,True_Earnings_Rate
5,135.910004,-0.000453,0.060699,-3602.667889,-100.014654
8,520.690002,0.000580,0.075118,-4457.518708,-99.992602
3,192.039993,-0.000093,0.082630,-4903.766624,-100.002800
4,615.859985,-0.001086,0.090497,-5370.598327,-100.001998
2,218.940002,-0.000740,0.096620,-5733.871201,-100.001002
0,236.850006,0.000018,0.131960,-7831.409868,-100.004390
1,418.950012,-0.000687,0.135569,-8045.294607,-100.001005
6,239.869995,-0.002086,0.138964,-8246.046480,-99.992525
7,106.540001,-0.001653,0.187941,-11150.367164,-99.976080
