Stock_Index,Gourujia,Predictions,Shares,True_Portfolio_Value,True_Earnings_Rate
4,113.019997,-0.001086,0.040362,-1296.361340,-99.990655
2,100.790001,-0.000740,0.069551,-2234.616953,-100.022903
5,16.327000,-0.000453,0.077369,-2485.476370,-100.012016
3,96.410004,-0.000093,0.081495,-2617.977861,-100.007667
1,247.110001,-0.000687,0.090822,-2917.659130,-100.009209
0,149.699997,0.000018,0.093074,-2989.929412,-100.006367
6,135.300003,-0.002086,0.165813,-5326.583448,-100.007632
7,113.949997,-0.001653,0.178897,-5746.700263,-100.004478
8,522.080017,0.000580,0.202617,-6508.665119,-100.003081
