Stock_Index,Gourujia,Predictions,Shares,True_Portfolio_Value,True_Earnings_Rate
5,131.759995,-0.000453,0.061767,-3693.501393,-99.974624
8,543.739990,0.000580,0.088412,-5288.222892,-100.000108
4,594.250000,-0.001086,0.089390,-5346.347946,-99.993645
2,217.759995,-0.000740,0.101563,-6074.049764,-99.988360
3,189.660004,-0.000093,0.104829,-6269.120357,-99.983875
6,247.470001,-0.002086,0.128953,-7712.428877,-99.992109
0,233.279999,0.000018,0.131260,-7850.405985,-99.991647
1,415.670013,-0.000687,0.141385,-8456.138127,-99.993919
7,109.720001,-0.001653,0.152442,-9116.519230,-99.985251
