Stock_Index,Gourujia,Predictions,Shares,True_Portfolio_Value,True_Earnings_Rate
5,14.351250,-0.000453,0.060930,-3718.246481,-99.948120
4,318.359985,-0.001086,0.082339,-5027.672894,-100.003313
7,59.189999,-0.001653,0.104449,-6374.126765,-99.949942
0,127.849998,0.000018,0.104463,-6378.255121,-99.998472
2,165.593506,-0.000740,0.118038,-7207.727555,-100.007584
8,411.339996,0.000580,0.127997,-7815.268282,-99.999315
3,115.341499,-0.000093,0.129908,-7931.782983,-99.997021
6,155.479996,-0.002086,0.130351,-7958.265315,-99.991616
1,247.789993,-0.000687,0.141525,-8641.472222,-100.002156
