Stock_Index,Gourujia,Predictions,Shares,True_Portfolio_Value,True_Earnings_Rate
5,4.890250,-0.000453,0.069349,-4316.461964,-100.054433
8,249.479996,0.000580,0.073940,-4600.302659,-100.002708
4,182.339996,-0.001086,0.090850,-5651.537861,-99.988659
6,124.790001,-0.002086,0.112155,-6977.433211,-99.997884
7,69.089996,-0.001653,0.119150,-7411.659458,-99.986239
0,59.990002,0.000018,0.121159,-7536.181753,-99.977780
1,136.369995,-0.000687,0.134055,-8339.741405,-99.995337
3,62.060001,-0.000093,0.134271,-8351.866824,-99.978810
2,88.286499,-0.000740,0.145072,-9025.756570,-100.002286
