Stock_Index,Gourujia,Predictions,Shares,True_Portfolio_Value,True_Earnings_Rate
5,5.882500,-0.000453,0.082571,-8238.588737,-99.670166
4,205.250000,-0.001086,0.083686,-8377.126567,-99.989364
2,92.391998,-0.000740,0.085997,-8606.876247,-99.971006
0,73.412498,0.000018,0.098530,-9861.191160,-99.969270
6,139.399994,-0.002086,0.103506,-10361.266111,-99.991355
7,69.779999,-0.001653,0.111231,-11132.907165,-99.977181
8,293.980011,0.000580,0.119041,-11917.893554,-100.001717
3,66.969498,-0.000093,0.141883,-14199.776655,-99.967698
1,157.699997,-0.000687,0.173556,-17373.189604,-99.988366
