Stock_Index,Gourujia,Predictions,Shares,True_Portfolio_Value,True_Earnings_Rate
5,5.901750,-0.000453,0.082738,-7629.857466,-99.929091
2,93.748497,-0.000740,0.083124,-7670.208272,-99.984239
4,208.669998,-0.001086,0.084695,-7815.794863,-99.991058
0,74.357498,0.000018,0.108376,-10001.005259,-99.989326
6,138.339996,-0.002086,0.110517,-10199.489546,-100.000575
7,70.330002,-0.001653,0.116237,-10726.113237,-99.989124
8,289.540009,0.000580,0.128417,-11851.343204,-99.997611
3,68.075996,-0.000093,0.142601,-13155.542732,-99.961359
1,158.619995,-0.000687,0.143295,-13224.462758,-99.998373
