Stock_Index,Gourujia,Predictions,Shares,True_Portfolio_Value,True_Earnings_Rate
5,5.815750,-0.000453,0.073137,-2849.585977,-99.362267
2,70.725502,-0.000740,0.105533,-4136.958717,-99.963939
3,52.707001,-0.000093,0.106407,-4171.365748,-99.966886
1,89.830002,-0.000687,0.108921,-4270.800581,-99.987921
4,173.149994,-0.001086,0.108999,-4273.488986,-99.979135
8,226.639999,0.000580,0.114918,-4506.362560,-99.995853
0,41.084999,0.000018,0.120980,-4742.128670,-99.955533
7,76.300003,-0.001653,0.129821,-5090.721356,-99.997255
6,112.430000,-0.002086,0.131285,-5147.209283,-99.979665
