Stock_Index,Gourujia,Predictions,Shares,True_Portfolio_Value,True_Earnings_Rate
8,303.190002,0.000580,0.030364,-1708.995423,-99.999348
5,142.630005,-0.000453,0.075586,-4254.039939,-99.993493
4,694.059998,-0.001086,0.079958,-4500.288717,-99.998279
2,216.979996,-0.000740,0.084119,-4734.538718,-99.998664
0,201.449997,0.000018,0.094626,-5325.826559,-99.997003
3,176.089996,-0.000093,0.100884,-5677.737579,-99.991962
7,104.970001,-0.001653,0.163882,-9221.995074,-99.979796
6,266.739990,-0.002086,0.170725,-9608.825970,-99.997395
1,472.750000,-0.000687,0.199857,-11248.954678,-100.000820
