Stock_Index,Gourujia,Predictions,Shares,True_Portfolio_Value,True_Earnings_Rate
4,238.820007,-0.001086,0.060403,-3163.913042,-99.993614
2,113.400002,-0.000740,0.083068,-4350.662487,-99.983819
5,29.212999,-0.000453,0.089719,-4694.504689,-99.888750
1,311.739990,-0.000687,0.097688,-5117.128512,-99.997683
3,119.510002,-0.000093,0.106813,-5594.760590,-99.990739
7,102.519997,-0.001653,0.114421,-5992.423386,-99.978359
0,172.070007,0.000018,0.138575,-7258.950703,-99.997910
6,134.320007,-0.002086,0.150938,-7904.801100,-99.977454
8,479.720001,0.000580,0.158375,-8296.079007,-99.997800
