Stock_Index,Gourujia,Predictions,Shares,True_Portfolio_Value,True_Earnings_Rate
4,178.919998,-0.001086,0.076233,-4215.753795,-99.988437
5,6.260000,-0.000453,0.084947,-4681.898908,-99.660416
2,79.619499,-0.000740,0.091665,-5069.075726,-99.987748
0,46.512501,0.000018,0.092042,-5089.839774,-99.984915
3,52.929501,-0.000093,0.101829,-5628.883851,-99.946578
1,95.809998,-0.000687,0.126282,-6983.466528,-99.987762
8,232.029999,0.000580,0.132552,-7331.504599,-100.005270
7,78.089996,-0.001653,0.146221,-8084.546316,-99.970176
6,110.989998,-0.002086,0.148230,-8196.461908,-99.980566
