Stock_Index,Gourujia,Predictions,Shares,True_Portfolio_Value,True_Earnings_Rate
5,4.517750,-0.000453,0.069375,-4830.521202,-99.717635
0,56.757500,0.000018,0.106710,-7450.183125,-99.976411
4,179.850006,-0.001086,0.110459,-7713.643455,-99.999444
8,222.080002,0.000580,0.113314,-7912.899742,-99.996667
7,67.440002,-0.001653,0.114147,-7969.674505,-99.982297
1,138.240005,-0.000687,0.119343,-8333.741368,-99.995514
6,112.629997,-0.002086,0.119456,-8340.893373,-99.987631
3,60.119999,-0.000093,0.121362,-8474.310029,-99.990248
2,86.099503,-0.000740,0.125835,-8787.559531,-100.001167
