Stock_Index,Gourujia,Predictions,Shares,True_Portfolio_Value,True_Earnings_Rate
4,205.350006,-0.001086,0.075126,-3739.038198,-99.994131
6,129.139999,-0.002086,0.078791,-3921.702943,-100.002342
5,26.983999,-0.000453,0.088350,-4394.979159,-99.945604
7,108.959999,-0.001653,0.097022,-4828.823857,-99.995547
3,101.389999,-0.000093,0.099805,-4967.865436,-100.004876
2,100.250000,-0.000740,0.107986,-5373.816600,-99.982737
1,280.510010,-0.000687,0.121007,-6022.608724,-99.995529
0,160.770004,0.000018,0.145630,-7248.016600,-99.993879
8,466.589996,0.000580,0.186283,-9271.755854,-99.998412
