Stock_Index,Gourujia,Predictions,Shares,True_Portfolio_Value,True_Earnings_Rate
4,177.919998,-0.001086,0.046534,-1929.629630,-100.012037
5,22.337000,-0.000453,0.067972,-2824.412762,-100.220182
3,95.010002,-0.000093,0.068775,-2851.703015,-100.004886
2,98.239998,-0.000740,0.075002,-3109.917276,-100.006549
1,263.619995,-0.000687,0.115189,-4775.996150,-100.000749
7,114.349998,-0.001653,0.136714,-5666.333906,-99.963894
8,485.730011,0.000580,0.146261,-6064.063151,-99.996420
0,150.869995,0.000018,0.158515,-6572.323968,-99.999385
6,140.419998,-0.002086,0.185037,-7671.667797,-99.996863
