Stock_Index,Gourujia,Predictions,Shares,True_Portfolio_Value,True_Earnings_Rate
5,118.110001,-0.000453,0.045651,-2918.011650,-99.944645
0,208.139999,0.000018,0.079369,-5075.966197,-99.997858
8,489.980011,0.000580,0.103059,-6591.373643,-100.002295
7,114.050003,-0.001653,0.108224,-6921.260660,-99.997543
4,498.910004,-0.001086,0.110255,-7051.080809,-99.995358
6,198.880005,-0.002086,0.127570,-8158.884447,-100.002052
2,185.570007,-0.000740,0.131705,-8423.053389,-99.997769
1,447.670013,-0.000687,0.138191,-8837.942010,-99.998369
3,179.220001,-0.000093,0.155976,-9974.074517,-99.985222
