Stock_Index,Gourujia,Predictions,Shares,True_Portfolio_Value,True_Earnings_Rate
4,293.200012,-0.001086,0.068242,-3683.071422,-99.997404
5,13.374500,-0.000453,0.077972,-4197.863658,-99.754464
0,129.039993,0.000018,0.092356,-4983.185415,-99.969731
7,39.939999,-0.001653,0.100914,-5448.119140,-100.032177
6,100.190002,-0.002086,0.106886,-5768.850660,-100.000498
2,172.548004,-0.000740,0.114327,-6170.011695,-99.991968
1,225.529999,-0.000687,0.116927,-6310.612222,-99.996592
3,81.476501,-0.000093,0.158688,-8563.170031,-99.980905
8,312.549988,0.000580,0.163689,-8834.692452,-99.999714
