Stock_Index,Gourujia,Predictions,Shares,True_Portfolio_Value,True_Earnings_Rate
5,140.410004,-0.000453,0.061734,-4065.802776,-99.994291
8,560.809998,0.000580,0.068793,-4530.909206,-99.998812
0,230.570007,0.000018,0.108070,-7117.752751,-99.998423
7,119.589996,-0.001653,0.109634,-7220.813972,-100.000699
2,186.380005,-0.000740,0.110157,-7255.009195,-99.995842
6,224.979996,-0.002086,0.113897,-7502.014904,-100.005307
4,567.780029,-0.001086,0.115113,-7581.616502,-99.998311
3,162.720001,-0.000093,0.152194,-10023.057201,-99.990444
1,424.730011,-0.000687,0.160408,-10564.863479,-99.998112
