Stock_Index,Gourujia,Predictions,Shares,True_Portfolio_Value,True_Earnings_Rate
5,6.112000,-0.000453,0.081699,-4207.810162,-101.320757
4,160.059998,-0.001086,0.090190,-4586.290282,-100.031377
1,93.779999,-0.000687,0.090274,-4591.467018,-100.050169
3,52.704498,-0.000093,0.101376,-5158.045427,-100.086827
6,110.309998,-0.002086,0.117392,-5968.708415,-100.017760
2,77.792999,-0.000740,0.117592,-5980.805185,-100.049531
8,219.070007,0.000580,0.123523,-6279.589472,-100.002319
0,43.192501,0.000018,0.124335,-6324.492372,-100.060139
7,74.000000,-0.001653,0.153619,-7809.645295,-100.005490
