Stock_Index,Gourujia,Predictions,Shares,True_Portfolio_Value,True_Earnings_Rate
8,236.699997,0.000580,0.060649,-4909.223018,-99.998948
5,3.731500,-0.000453,0.071286,-5755.375091,-99.753366
4,169.130005,-0.001086,0.089724,-7262.619141,-99.998359
2,81.297501,-0.000740,0.094337,-7636.443210,-100.003902
3,57.542500,-0.000093,0.121041,-9797.898425,-100.001329
6,102.970001,-0.002086,0.123165,-9969.404595,-99.999623
7,80.160004,-0.001653,0.139508,-11294.375258,-100.018027
1,110.389999,-0.000687,0.143852,-11644.039757,-99.999016
0,43.125000,0.000018,0.156437,-12662.221805,-99.994495
