Stock_Index,Gourujia,Predictions,Shares,True_Portfolio_Value,True_Earnings_Rate
5,118.650002,-0.000453,0.034961,-1827.942072,-99.957206
1,412.369995,-0.000687,0.090321,-4724.509323,-99.999460
0,232.800003,0.000018,0.092885,-4858.694104,-100.000609
8,545.450012,0.000580,0.094000,-4917.060881,-100.001906
3,206.380005,-0.000093,0.104912,-5489.793662,-100.036689
4,704.190002,-0.001086,0.111600,-5837.605687,-99.999863
7,109.959999,-0.001653,0.132074,-6908.504105,-100.000662
2,242.059998,-0.000740,0.136999,-7166.913843,-100.010177
6,267.940002,-0.002086,0.202249,-10578.855574,-99.996548
