Stock_Index,Gourujia,Predictions,Shares,True_Portfolio_Value,True_Earnings_Rate
5,30.121000,-0.000453,0.042429,-2528.123359,-100.092880
0,182.009995,0.000018,0.087031,-5181.333021,-100.007018
4,338.540009,-0.001086,0.093351,-5557.299371,-100.001759
1,334.750000,-0.000687,0.097144,-5783.282974,-100.005167
2,170.404495,-0.000740,0.112710,-6710.273672,-100.010012
7,63.540001,-0.001653,0.119034,-7081.781024,-99.941889
3,144.991501,-0.000093,0.134582,-8011.900440,-100.002822
6,161.699997,-0.002086,0.145049,-8632.672441,-99.976989
8,502.279999,0.000580,0.168670,-10041.379808,-100.004563
