Stock_Index,Gourujia,Predictions,Shares,True_Portfolio_Value,True_Earnings_Rate
5,117.870003,-0.000453,0.042214,-2466.821690,-100.013568
2,189.869995,-0.000740,0.087574,-5116.459841,-99.995223
6,210.479996,-0.002086,0.100922,-5896.525914,-99.998625
3,162.139999,-0.000093,0.101535,-5932.154696,-99.994509
4,559.099976,-0.001086,0.111241,-6499.485880,-99.999282
7,116.000000,-0.001653,0.112903,-6596.936608,-100.005442
0,228.869995,0.000018,0.118370,-6916.195776,-100.001281
1,438.690002,-0.000687,0.138772,-8108.285108,-100.001784
8,577.070007,0.000580,0.186468,-10894.991822,-100.000623
