Stock_Index,Gourujia,Predictions,Shares,True_Portfolio_Value,True_Earnings_Rate
5,46.566002,-0.000453,0.066850,-5691.827668,-100.049591
2,146.880005,-0.000740,0.090144,-7672.278187,-100.011028
4,318.290009,-0.001086,0.091646,-7799.329819,-100.000830
1,372.519989,-0.000687,0.095824,-8155.044795,-100.002694
3,130.990005,-0.000093,0.097192,-8271.768981,-100.005674
7,100.440002,-0.001653,0.115143,-9800.093330,-100.013272
8,550.260010,0.000580,0.123608,-10519.339318,-100.000241
0,193.419998,0.000018,0.128996,-10978.226065,-100.002949
6,157.970001,-0.002086,0.190597,-16221.123349,-100.006687
