Stock_Index,Gourujia,Predictions,Shares,True_Portfolio_Value,True_Earnings_Rate
4,313.190002,-0.001086,0.073398,-4329.172693,-100.002518
5,44.514999,-0.000453,0.074222,-4377.269280,-99.991689
3,128.449997,-0.000093,0.080669,-4758.034779,-100.002063
8,504.859985,0.000580,0.088621,-5226.984156,-100.000837
1,326.660004,-0.000687,0.090702,-5349.602397,-99.998952
2,128.910004,-0.000740,0.095867,-5650.810185,-99.938366
7,107.120003,-0.001653,0.115917,-6836.633873,-99.997389
6,156.350006,-0.002086,0.179743,-10601.438750,-100.001351
0,191.169998,0.000018,0.200861,-11849.997340,-100.025742
