Stock_Index,Gourujia,Predictions,Shares,True_Portfolio_Value,True_Earnings_Rate
3,59.816002,-0.000093,0.062530,-4459.377840,-100.059125
5,4.029750,-0.000453,0.071480,-5178.425135,-101.655080
8,250.050003,0.000580,0.083282,-5936.331044,-100.008062
0,51.005001,0.000018,0.107104,-7641.766276,-100.105417
4,189.020004,-0.001086,0.108286,-7719.590983,-100.020808
2,91.162003,-0.000740,0.130528,-9306.473025,-100.035531
6,112.930000,-0.002086,0.137127,-9776.038373,-100.026746
1,136.899994,-0.000687,0.140499,-10016.425517,-100.025463
7,71.750000,-0.001653,0.159165,-11347.380830,-100.028851
