Stock_Index,Gourujia,Predictions,Shares,True_Portfolio_Value,True_Earnings_Rate
5,47.569000,-0.000453,0.072777,-5664.899108,-99.981126
3,138.919998,-0.000093,0.084713,-6596.085944,-100.013230
4,344.470001,-0.001086,0.085799,-6679.637128,-99.997775
7,103.220001,-0.001653,0.098670,-7682.375516,-100.008484
0,184.250000,0.000018,0.106283,-8275.140383,-100.006937
2,148.470001,-0.000740,0.106842,-8319.553077,-100.017929
8,542.030029,0.000580,0.124132,-9664.055904,-99.998850
1,370.600006,-0.000687,0.145908,-11359.739682,-100.001944
6,171.330002,-0.002086,0.174876,-13614.649861,-99.999728
