Stock_Index,Gourujia,Predictions,Shares,True_Portfolio_Value,True_Earnings_Rate
8,252.369995,0.000580,0.056629,-3163.793342,-99.985812
4,765.869995,-0.001086,0.062590,-3497.197559,-99.995950
2,221.300003,-0.000740,0.075697,-4229.690968,-99.999653
0,227.179993,0.000018,0.100042,-5589.739623,-99.995240
5,182.059998,-0.000453,0.103574,-5787.194497,-99.996691
3,201.000000,-0.000093,0.137652,-7691.097043,-99.994242
1,521.770020,-0.000687,0.143720,-8030.357275,-99.997276
7,105.830002,-0.001653,0.149805,-8370.268534,-99.997325
6,289.559998,-0.002086,0.170291,-9514.871175,-99.996098
