Stock_Index,Gourujia,Predictions,Shares,True_Portfolio_Value,True_Earnings_Rate
5,4.283000,-0.000453,0.067929,-5455.471623,-99.415896
8,255.320007,0.000580,0.076193,-6155.758908,-100.000476
0,51.805000,0.000018,0.101993,-8238.908915,-99.984968
4,202.320007,-0.001086,0.104042,-8405.639612,-99.999902
3,56.960499,-0.000093,0.116558,-9415.554785,-99.986429
6,114.269997,-0.002086,0.121176,-9788.247971,-99.984139
1,138.429993,-0.000687,0.124952,-10094.564202,-99.995526
2,99.281502,-0.000740,0.130460,-10539.478551,-99.995516
7,75.070000,-0.001653,0.156698,-12658.882641,-99.994687
