Stock_Index,Gourujia,Predictions,Shares,True_Portfolio_Value,True_Earnings_Rate
5,16.225000,-0.000453,0.068281,-2352.739197,-99.666906
4,158.750000,-0.001086,0.080870,-2794.682887,-99.956278
2,112.440002,-0.000740,0.084555,-2922.390995,-99.968758
7,85.209999,-0.001653,0.095803,-3311.355443,-99.976952
0,138.270004,0.000018,0.112962,-3904.728842,-99.982482
3,112.241997,-0.000093,0.118371,-4090.592162,-99.955618
1,258.859985,-0.000687,0.133071,-4600.025540,-99.987028
8,499.809998,0.000580,0.145421,-5027.699845,-100.001676
6,113.919998,-0.002086,0.160667,-5553.173448,-99.974185
