Stock_Index,Gourujia,Predictions,Shares,True_Portfolio_Value,True_Earnings_Rate
6,89.050003,-0.002086,0.080291,-1748.766732,-99.996349
5,6.737750,-0.000453,0.081520,-1759.726885,-99.110821
8,274.190002,0.000580,0.090063,-1961.659924,-99.996255
7,40.959999,-0.001653,0.094068,-2047.468284,-99.931240
0,67.092499,0.000018,0.118388,-2577.599231,-99.957676
1,167.820007,-0.000687,0.118498,-2580.563687,-99.980097
4,170.800003,-0.001086,0.125332,-2728.878270,-99.961914
3,60.608002,-0.000093,0.126394,-2751.371713,-99.938218
2,116.405998,-0.000740,0.165444,-3603.152980,-99.987047
