Stock_Index,Gourujia,Predictions,Shares,True_Portfolio_Value,True_Earnings_Rate
4,186.059998,-0.001086,0.046388,-2034.045497,-99.984174
5,21.089001,-0.000453,0.064558,-2824.443314,-99.762323
2,102.180000,-0.000740,0.067488,-2959.731804,-100.000671
3,102.900002,-0.000093,0.087414,-3831.903580,-99.956235
1,256.769989,-0.000687,0.116538,-5110.001363,-99.983969
7,111.730003,-0.001653,0.130887,-5738.572661,-99.974804
8,475.239990,0.000580,0.137615,-6035.134987,-99.999275
0,151.729996,0.000018,0.164480,-7212.456251,-99.987437
6,141.919998,-0.002086,0.184632,-8096.340707,-99.991463
