Stock_Index,Gourujia,Predictions,Shares,True_Portfolio_Value,True_Earnings_Rate
8,533.530029,0.000580,0.060735,-3978.434683,-100.006349
5,139.309998,-0.000453,0.062951,-4123.744468,-100.010223
3,195.399994,-0.000093,0.063551,-4162.966381,-100.009090
2,230.259995,-0.000740,0.079701,-5220.581343,-100.002440
4,632.679993,-0.001086,0.087026,-5700.229047,-100.000473
1,448.989990,-0.000687,0.136514,-8941.668401,-99.999717
7,111.919998,-0.001653,0.140974,-9233.792838,-100.000799
6,243.529999,-0.002086,0.167617,-10979.215887,-100.003386
0,246.490005,0.000018,0.200930,-13160.682445,-99.997588
