Stock_Index,Gourujia,Predictions,Shares,True_Portfolio_Value,True_Earnings_Rate
4,303.910004,-0.001086,0.068239,-3381.699257,-100.011783
0,126.522499,0.000018,0.073295,-3632.162198,-100.009505
5,12.773000,-0.000453,0.087426,-4335.717053,-100.089229
7,40.009998,-0.001653,0.100081,-4959.728382,-100.016924
1,221.149994,-0.000687,0.107958,-5348.811043,-99.989031
2,172.092499,-0.000740,0.113488,-5623.788201,-100.007109
6,99.089996,-0.002086,0.126165,-6249.415249,-99.967333
3,82.206497,-0.000093,0.142893,-7081.283374,-100.011605
8,308.820007,0.000580,0.180455,-8941.447042,-99.997025
