Stock_Index,Gourujia,Predictions,Shares,True_Portfolio_Value,True_Earnings_Rate
5,12.948250,-0.000453,0.058065,-2888.795961,-100.045764
4,290.820007,-0.001086,0.085040,-4229.181976,-100.003351
7,57.400002,-0.001653,0.093563,-4653.766557,-100.021684
0,121.389999,0.000018,0.095726,-4760.945101,-100.010174
3,102.289497,-0.000093,0.106781,-5310.242894,-99.999675
2,153.786499,-0.000740,0.116546,-5796.074942,-100.004336
1,235.240005,-0.000687,0.122840,-6109.234661,-100.006171
6,152.679993,-0.002086,0.141294,-7025.947836,-99.992324
8,379.059998,0.000580,0.180146,-8959.075837,-100.003856
