Stock_Index,Gourujia,Predictions,Shares,True_Portfolio_Value,True_Earnings_Rate
5,39.770000,-0.000453,0.028892,-1849.277384,-100.028166
3,123.720001,-0.000093,0.092244,-5902.306308,-99.993817
2,122.769997,-0.000740,0.094537,-6048.769003,-99.990239
7,103.360001,-0.001653,0.108438,-6937.274669,-99.977792
0,180.089996,0.000018,0.119101,-7621.084579,-99.997355
1,332.579987,-0.000687,0.119932,-7674.202017,-99.997461
4,272.609985,-0.001086,0.120376,-7702.842580,-100.000000
6,137.580002,-0.002086,0.133025,-8510.825914,-99.984890
8,493.630005,0.000580,0.183455,-11739.006713,-99.997573
