Stock_Index,Gourujia,Predictions,Shares,True_Portfolio_Value,True_Earnings_Rate
4,171.649994,-0.001086,0.031113,-2010.512422,-99.984197
0,50.375000,0.000018,0.102485,-6619.846563,-99.942806
3,61.649502,-0.000093,0.105019,-6786.678467,-99.989327
5,6.161750,-0.000453,0.105332,-6788.698845,-99.729012
2,89.858498,-0.000740,0.115782,-7481.208212,-99.977224
6,115.660004,-0.002086,0.117610,-7600.738401,-99.996345
1,106.279999,-0.000687,0.118154,-7635.367988,-99.988648
7,80.389999,-0.001653,0.151916,-9818.875811,-100.007450
8,253.369995,0.000580,0.152588,-9861.414764,-99.995801
