Stock_Index,Gourujia,Predictions,Shares,True_Portfolio_Value,True_Earnings_Rate
3,122.169998,-0.000093,0.067828,-3738.757233,-99.984799
5,40.500000,-0.000453,0.068295,-3763.521019,-99.960027
2,127.739998,-0.000740,0.068666,-3784.392236,-99.970119
4,296.730011,-0.001086,0.080992,-4464.738118,-99.993332
7,105.550003,-0.001653,0.095118,-5243.604684,-99.997043
1,329.809998,-0.000687,0.109785,-6052.003425,-99.993182
6,135.690002,-0.002086,0.160234,-8832.739528,-99.990663
0,168.220001,0.000018,0.172932,-9533.020367,-99.992730
8,524.659973,0.000580,0.176151,-9710.980237,-99.998073
