Stock_Index,Gourujia,Predictions,Shares,True_Portfolio_Value,True_Earnings_Rate
5,5.416500,-0.000453,0.074432,-3672.491508,-99.284624
2,73.008499,-0.000740,0.078566,-3902.579838,-99.946836
4,159.690002,-0.001086,0.097014,-4818.912419,-99.945682
3,51.149502,-0.000093,0.108034,-5367.200722,-99.961547
8,234.899994,0.000580,0.119927,-5960.151557,-99.996157
1,92.309998,-0.000687,0.120616,-5993.214928,-99.977354
0,40.912498,0.000018,0.124342,-6179.270340,-99.991501
6,109.989998,-0.002086,0.129933,-6457.457384,-99.999091
7,79.500000,-0.001653,0.147136,-7310.948195,-99.978664
