Stock_Index,Gourujia,Predictions,Shares,True_Portfolio_Value,True_Earnings_Rate
5,30.490000,-0.000453,0.047531,-2534.923407,-100.031561
4,329.820007,-0.001086,0.083902,-4473.253921,-100.000064
7,62.610001,-0.001653,0.100377,-5350.971972,-99.989828
2,174.171005,-0.000740,0.112535,-6000.228410,-100.006494
0,174.559998,0.000018,0.114663,-6112.341354,-99.984173
3,147.638504,-0.000093,0.128781,-6865.914846,-99.998337
8,473.320007,0.000580,0.132583,-7068.599875,-99.997820
6,160.460007,-0.002086,0.132619,-7070.756169,-100.002491
1,333.100006,-0.000687,0.147009,-7837.212685,-99.991610
