Stock_Index,Gourujia,Predictions,Shares,True_Portfolio_Value,True_Earnings_Rate
5,19.591999,-0.000453,0.056837,-1905.026792,-100.232385
2,125.511002,-0.000740,0.076941,-2573.455332,-100.020323
4,198.860001,-0.001086,0.081909,-2739.638214,-100.020859
0,151.210007,0.000018,0.097380,-3257.282706,-100.026003
3,117.622498,-0.000093,0.113917,-3810.292896,-100.022570
7,97.669998,-0.001653,0.123956,-4144.445866,-99.985222
1,274.579987,-0.000687,0.126144,-4218.556476,-100.006099
6,132.000000,-0.002086,0.144016,-4816.380303,-100.010634
8,492.260010,0.000580,0.178900,-5982.648475,-100.002763
