Stock_Index,Gourujia,Predictions,Shares,True_Portfolio_Value,True_Earnings_Rate
5,117.989998,-0.000453,0.048544,-2745.828220,-99.978020
4,461.989990,-0.001086,0.071487,-4044.227954,-99.993602
8,573.280029,0.000580,0.079910,-4521.129593,-100.002742
2,187.929993,-0.000740,0.101551,-5746.043341,-100.011969
0,228.880005,0.000018,0.110134,-6231.541439,-100.009065
3,181.020004,-0.000093,0.121064,-6850.080358,-100.010257
6,216.869995,-0.002086,0.152562,-8632.615414,-100.014887
1,443.519989,-0.000687,0.156553,-8857.327983,-100.001607
7,117.639999,-0.001653,0.158197,-8949.346244,-99.991659
