Stock_Index,Gourujia,Predictions,Shares,True_Portfolio_Value,True_Earnings_Rate
7,44.240002,-0.001653,0.079855,-2554.484749,-99.902990
6,91.209999,-0.002086,0.080715,-2584.087698,-99.982235
2,118.380501,-0.000740,0.100037,-3203.145677,-99.995729
5,7.621750,-0.000453,0.100695,-3213.733285,-99.675678
3,68.463997,-0.000093,0.114157,-3654.868558,-99.984023
4,211.259995,-0.001086,0.116171,-3719.823232,-99.997564
8,285.000000,0.000580,0.125150,-4007.382845,-99.997546
1,183.600006,-0.000687,0.131150,-4199.436698,-99.996806
0,75.934998,0.000018,0.152071,-4868.179612,-99.972582
