Stock_Index,Gourujia,Predictions,Shares,True_Portfolio_Value,True_Earnings_Rate
5,112.279999,-0.000453,0.058812,-2989.057690,-99.993834
4,453.410004,-0.001086,0.069490,-3531.769285,-99.994101
8,559.679993,0.000580,0.088861,-4516.384442,-99.996823
3,167.279999,-0.000093,0.103405,-5255.814898,-100.001001
0,217.490005,0.000018,0.118614,-6028.736122,-99.999007
2,179.850006,-0.000740,0.121596,-6179.827169,-99.991867
1,418.399994,-0.000687,0.132549,-6736.784532,-99.996107
6,208.669998,-0.002086,0.143692,-7302.755425,-99.991871
7,117.430000,-0.001653,0.162982,-8283.849044,-100.000725
