Stock_Index,Gourujia,Predictions,Shares,True_Portfolio_Value,True_Earnings_Rate
5,112.199997,-0.000453,0.070588,-1874.725262,-100.063451
0,202.139999,0.000018,0.077000,-2044.125137,-100.019646
4,521.520020,-0.001086,0.081013,-2150.395511,-100.007196
2,179.589996,-0.000740,0.090585,-2404.688934,-100.016552
6,233.130005,-0.002086,0.107211,-2845.734632,-100.006526
3,156.309998,-0.000093,0.117006,-3105.935733,-100.012314
7,103.099998,-0.001653,0.130026,-3450.715951,-99.989799
1,385.730011,-0.000687,0.138421,-3674.312095,-100.009668
8,583.590027,0.000580,0.188150,-4993.826225,-99.999575
