Stock_Index,Gourujia,Predictions,Shares,True_Portfolio_Value,True_Earnings_Rate
5,3.989000,-0.000453,0.066910,-3152.200634,-98.296413
3,58.960499,-0.000093,0.081085,-3885.487405,-99.969737
0,51.625000,0.000018,0.094519,-4528.959559,-99.964218
4,183.699997,-0.001086,0.106308,-5095.249577,-99.992729
1,136.130005,-0.000687,0.117566,-5634.572133,-99.987798
6,107.720001,-0.002086,0.119326,-5719.061562,-99.991678
2,89.628502,-0.000740,0.129573,-6209.897507,-99.985438
7,68.300003,-0.001653,0.132088,-6329.710054,-99.975553
8,245.690002,0.000580,0.152626,-7315.957588,-100.001627
