Stock_Index,Gourujia,Predictions,Shares,True_Portfolio_Value,True_Earnings_Rate
4,464.630005,-0.001086,0.058699,-3427.615112,-99.998546
5,95.386002,-0.000453,0.063823,-3727.055270,-100.004803
3,177.850006,-0.000093,0.067595,-3947.333153,-100.004667
2,183.149994,-0.000740,0.104677,-6112.521183,-100.000060
0,192.350006,0.000018,0.107038,-6250.627601,-100.003934
1,429.040009,-0.000687,0.122369,-7145.576560,-99.999197
6,199.520004,-0.002086,0.126071,-7361.976709,-100.003049
7,117.849998,-0.001653,0.153351,-8956.225329,-100.017238
8,523.549988,0.000580,0.196376,-11467.315524,-100.000804
