Stock_Index,Gourujia,Predictions,Shares,True_Portfolio_Value,True_Earnings_Rate
5,29.290001,-0.000453,0.044431,-2518.158785,-100.202409
0,179.699997,0.000018,0.091261,-5162.649286,-100.015003
1,329.010010,-0.000687,0.099953,-5654.187750,-100.011898
4,336.529999,-0.001086,0.106246,-6010.121450,-100.011119
7,65.930000,-0.001653,0.110339,-6239.657968,-99.981252
2,167.522003,-0.000740,0.116636,-6597.845899,-100.011386
6,167.830002,-0.002086,0.126554,-7159.062027,-100.014555
3,144.399506,-0.000093,0.142386,-8056.235171,-100.032522
8,490.899994,0.000580,0.162193,-9173.966816,-100.000503
