Stock_Index,Gourujia,Predictions,Shares,True_Portfolio_Value,True_Earnings_Rate
7,37.209999,-0.001653,0.082973,-2531.107480,-99.986312
5,13.428750,-0.000453,0.089643,-2734.812200,-99.993625
6,115.250000,-0.002086,0.092592,-2824.935951,-99.997669
4,271.970001,-0.001086,0.094898,-2895.377063,-99.998691
2,155.272995,-0.000740,0.115034,-3509.674291,-99.997607
8,344.510010,0.000580,0.117246,-3577.514761,-100.006398
0,118.029999,0.000018,0.131296,-4005.784179,-99.995633
3,87.031998,-0.000093,0.136318,-4158.685791,-99.988225
1,211.080002,-0.000687,0.140000,-4271.369237,-99.997002
