Stock_Index,Gourujia,Predictions,Shares,True_Portfolio_Value,True_Earnings_Rate
4,159.389999,-0.001086,0.078414,-4552.431957,-99.997368
5,5.824250,-0.000453,0.081178,-4673.671345,-99.172017
3,51.327499,-0.000093,0.092911,-5391.412808,-99.948421
6,107.010002,-0.002086,0.112976,-6557.191702,-99.971617
8,212.550003,0.000580,0.117393,-6814.657114,-99.985785
2,74.778000,-0.000740,0.118868,-6897.513378,-99.947140
1,87.180000,-0.000687,0.124636,-7229.998655,-99.916292
7,72.889999,-0.001653,0.133179,-7730.333243,-99.979265
0,41.235001,0.000018,0.140445,-8144.794286,-99.887524
