Stock_Index,Gourujia,Predictions,Shares,True_Portfolio_Value,True_Earnings_Rate
5,109.019997,-0.000453,0.043615,-1924.273294,-99.941969
4,515.950012,-0.001086,0.076507,-3377.252272,-99.995327
2,166.800003,-0.000740,0.084664,-3737.013758,-99.987797
8,565.289978,0.000580,0.104145,-4597.355008,-99.997221
3,162.289993,-0.000093,0.113493,-5009.791842,-99.992941
6,206.190002,-0.002086,0.122327,-5399.843252,-99.995901
0,217.529999,0.000018,0.133657,-5899.845606,-99.992163
1,406.809998,-0.000687,0.151183,-6673.667416,-99.995687
7,119.000000,-0.001653,0.170410,-7523.260531,-100.008089
