Stock_Index,Gourujia,Predictions,Shares,True_Portfolio_Value,True_Earnings_Rate
5,15.478000,-0.000453,0.059756,-3808.719060,-100.040302
4,303.040009,-0.001086,0.100999,-6434.963909,-99.999423
8,395.859985,0.000580,0.113285,-7217.886698,-100.000869
0,134.720001,0.000018,0.114385,-7288.023233,-100.001820
3,115.496498,-0.000093,0.115940,-7387.508610,-100.007132
7,55.680000,-0.001653,0.119658,-7621.852291,-99.976607
2,170.449997,-0.000740,0.124695,-7944.671053,-99.998551
6,150.559998,-0.002086,0.124802,-7951.268885,-99.996963
1,261.549988,-0.000687,0.126481,-8058.529533,-99.999387
