Stock_Index,Gourujia,Predictions,Shares,True_Portfolio_Value,True_Earnings_Rate
5,6.035500,-0.000453,0.072411,-2807.274883,-99.654978
4,179.520004,-0.001086,0.103475,-4025.690514,-99.998636
2,72.552498,-0.000740,0.105095,-4088.361149,-99.989864
3,53.634998,-0.000093,0.105736,-4112.422245,-99.967846
1,90.809998,-0.000687,0.111258,-4327.577447,-99.977792
8,228.779999,0.000580,0.119128,-4635.044796,-100.005305
0,41.842499,0.000018,0.121379,-4718.634387,-99.921068
6,115.029999,-0.002086,0.128227,-4988.513274,-99.996380
7,76.459999,-0.001653,0.133290,-5185.885615,-100.004283
