Stock_Index,Gourujia,Predictions,Shares,True_Portfolio_Value,True_Earnings_Rate
7,33.349998,-0.001653,0.090849,-4351.585336,-100.048035
0,115.050003,0.000018,0.093363,-4469.558557,-99.988368
2,160.352005,-0.000740,0.097951,-4689.012855,-99.984769
4,277.109985,-0.001086,0.098385,-4710.134678,-99.992040
5,13.141250,-0.000453,0.098669,-4717.020819,-99.853469
3,79.214500,-0.000093,0.119560,-5723.666613,-99.988428
1,210.080002,-0.000687,0.123061,-5891.530201,-99.992871
8,323.059998,0.000580,0.137163,-6567.341976,-100.002453
6,101.239998,-0.002086,0.140999,-6751.961436,-100.018813
