Stock_Index,Gourujia,Predictions,Shares,True_Portfolio_Value,True_Earnings_Rate
4,311.709991,-0.001086,0.082533,-4800.411033,-99.986132
5,45.900002,-0.000453,0.083779,-4871.578394,-99.960024
3,129.399994,-0.000093,0.085902,-4996.169683,-99.981238
8,505.230011,0.000580,0.087795,-5107.232485,-100.000911
1,330.720001,-0.000687,0.098048,-5703.254684,-99.993085
2,128.250000,-0.000740,0.110347,-6417.507519,-99.976288
7,105.419998,-0.001653,0.114052,-6635.280999,-100.011406
6,156.020004,-0.002086,0.141007,-8202.239491,-99.996354
0,193.220001,0.000018,0.196537,-11432.152167,-99.993056
