Stock_Index,Gourujia,Predictions,Shares,True_Portfolio_Value,True_Earnings_Rate
5,3.719250,-0.000453,0.077502,-3762.414105,-98.117401
3,58.466000,-0.000093,0.077971,-3857.740612,-99.985594
0,50.435001,0.000018,0.093171,-4608.308347,-99.953761
4,182.589996,-0.001086,0.103301,-5111.495284,-99.996681
1,133.679993,-0.000687,0.117342,-5805.679807,-99.986414
6,105.199997,-0.002086,0.123196,-6094.697164,-99.977498
2,88.806000,-0.000740,0.128119,-6339.104119,-99.989619
7,67.250000,-0.001653,0.133274,-6593.214092,-99.976962
8,244.250000,0.000580,0.146124,-7230.575719,-99.997593
