Stock_Index,Gourujia,Predictions,Shares,True_Portfolio_Value,True_Earnings_Rate
5,24.208000,-0.000453,0.051568,-2309.835641,-100.190137
4,222.949997,-0.001086,0.082487,-3687.851582,-100.001249
7,85.050003,-0.001653,0.097635,-4363.939978,-99.975511
2,157.784500,-0.000740,0.101158,-4523.150347,-100.013494
3,135.888504,-0.000093,0.118729,-5308.883964,-100.014222
1,301.369995,-0.000687,0.120446,-5385.174578,-100.004880
0,172.139999,0.000018,0.123702,-5530.866700,-100.006960
6,131.089996,-0.002086,0.130020,-5812.067961,-99.986160
8,536.950012,0.000580,0.174256,-7790.401256,-99.996901
