Stock_Index,Gourujia,Predictions,Shares,True_Portfolio_Value,True_Earnings_Rate
6,245.309998,-0.002086,0.066977,-3557.271033,-100.000466
2,202.610001,-0.000740,0.080128,-4255.847638,-100.002222
5,141.979996,-0.000453,0.080259,-4263.126406,-100.009137
4,554.080017,-0.001086,0.095909,-5093.954469,-99.999896
1,415.000000,-0.000687,0.101665,-5399.603580,-99.999559
3,172.490005,-0.000093,0.111806,-5937.696575,-99.990632
8,592.229980,0.000580,0.115535,-6136.399373,-100.000737
0,225.000000,0.000018,0.169511,-9002.558001,-99.994074
7,119.309998,-0.001653,0.178211,-9464.388291,-99.993004
