Stock_Index,Gourujia,Predictions,Shares,True_Portfolio_Value,True_Earnings_Rate
5,15.152000,-0.000453,0.073693,-2477.428201,-100.030561
4,162.880005,-0.001086,0.080955,-2720.775993,-99.998532
2,111.750000,-0.000740,0.087239,-2932.601234,-100.020492
7,85.639999,-0.001653,0.093889,-3155.971949,-100.015648
3,115.676498,-0.000093,0.104431,-3510.285272,-100.012465
0,144.869995,0.000018,0.127866,-4297.280497,-99.995299
1,264.510010,-0.000687,0.128554,-4321.261460,-100.015820
8,516.950012,0.000580,0.145693,-4896.669698,-100.000949
6,112.860001,-0.002086,0.157680,-5299.350454,-99.999137
