Stock_Index,Gourujia,Predictions,Shares,True_Portfolio_Value,True_Earnings_Rate
4,216.539993,-0.001086,0.033875,-1374.484740,-100.019226
5,26.511000,-0.000453,0.057226,-2328.371143,-100.296484
2,158.100494,-0.000740,0.058670,-2380.412913,-100.013947
3,137.738007,-0.000093,0.095450,-3873.220393,-100.027935
7,78.349998,-0.001653,0.120618,-4893.132657,-100.001956
0,172.550003,0.000018,0.121181,-4916.614383,-100.012459
1,299.500000,-0.000687,0.123255,-5000.635046,-100.009923
8,480.049988,0.000580,0.194702,-7898.884935,-100.004257
6,155.000000,-0.002086,0.195022,-7912.628192,-100.015033
