Stock_Index,Gourujia,Predictions,Shares,True_Portfolio_Value,True_Earnings_Rate
5,4.421750,-0.000453,0.055704,-3636.929787,-100.047360
8,243.389999,0.000580,0.070330,-4590.291146,-100.002846
4,167.679993,-0.001086,0.090863,-5930.594995,-100.006472
2,89.188004,-0.000740,0.101450,-6621.876839,-100.011410
0,46.697498,0.000018,0.105354,-6874.688846,-99.980826
3,59.492001,-0.000093,0.128077,-8360.417152,-100.016796
6,99.919998,-0.002086,0.140022,-9138.757011,-100.003411
1,117.910004,-0.000687,0.141518,-9236.968592,-100.008240
7,80.959999,-0.001653,0.166679,-10879.230290,-100.009496
