Stock_Index,Gourujia,Predictions,Shares,True_Portfolio_Value,True_Earnings_Rate
7,114.540001,-0.001653,0.082047,-4174.725130,-99.993848
4,214.750000,-0.001086,0.082856,-4216.247929,-100.001956
6,127.889999,-0.002086,0.095730,-4871.040071,-99.996158
3,106.440002,-0.000093,0.097094,-4941.151632,-100.009671
5,27.579000,-0.000453,0.103325,-5260.548871,-100.054309
2,102.169998,-0.000740,0.108812,-5538.149264,-100.021795
1,289.390015,-0.000687,0.120459,-6130.102079,-100.007923
8,515.179993,0.000580,0.132021,-6717.835692,-99.997831
0,162.029999,0.000018,0.177656,-9040.594911,-100.004703
