Stock_Index,Gourujia,Predictions,Shares,True_Portfolio_Value,True_Earnings_Rate
8,274.350006,0.000580,0.034373,-1416.555415,-99.977386
5,134.830002,-0.000453,0.086875,-3580.879699,-99.996871
4,643.880005,-0.001086,0.091212,-3759.828832,-100.000856
2,205.169998,-0.000740,0.092265,-3803.147137,-99.999003
3,163.960007,-0.000093,0.095259,-3926.280847,-99.991761
0,211.449997,0.000018,0.113017,-4658.597676,-100.000425
1,453.130005,-0.000687,0.120821,-4980.235891,-99.999445
7,108.580002,-0.001653,0.164321,-6773.488390,-100.003314
6,267.489990,-0.002086,0.201857,-8320.535860,-99.999902
