Stock_Index,Gourujia,Predictions,Shares,True_Portfolio_Value,True_Earnings_Rate
5,57.106998,-0.000453,0.059198,-4824.314265,-99.928383
4,376.130005,-0.001086,0.087727,-7154.033567,-99.994876
0,188.630005,0.000018,0.089821,-7324.596051,-99.991829
2,153.500000,-0.000740,0.098861,-8061.785786,-99.992237
8,516.340027,0.000580,0.100177,-8170.138443,-100.004854
7,96.800003,-0.001653,0.104951,-8558.838848,-99.998400
3,143.479996,-0.000093,0.119195,-9719.380466,-99.986054
1,393.869995,-0.000687,0.154215,-12576.357695,-99.996925
6,167.419998,-0.002086,0.185856,-15155.407951,-99.989777
