Stock_Index,Gourujia,Predictions,Shares,True_Portfolio_Value,True_Earnings_Rate
4,314.309998,-0.001086,0.074909,-4311.288949,-100.001136
5,44.269001,-0.000453,0.075878,-4366.423246,-99.987482
3,128.380005,-0.000093,0.081379,-4683.623491,-99.999575
8,504.799988,0.000580,0.090530,-5210.295086,-99.999976
1,327.500000,-0.000687,0.092107,-5301.106451,-100.000784
2,128.210007,-0.000740,0.096625,-5560.800859,-99.995753
7,105.290001,-0.001653,0.104202,-5996.065240,-99.983634
6,155.399994,-0.002086,0.174675,-10052.581205,-99.996078
0,192.580002,0.000018,0.209696,-12069.134347,-100.003816
