Stock_Index,Gourujia,Predictions,Shares,True_Portfolio_Value,True_Earnings_Rate
5,6.475750,0.115629,0.079279,-1139.511344,-99.534919
6,90.639999,0.836593,0.087955,-1258.516081,-99.956327
8,248.039993,-0.053246,0.088014,-1247.628697,-99.969052
1,163.490005,-0.760242,0.102835,-1451.658070,-99.993895
0,64.857498,1.562573,0.109095,-1584.849615,-99.961034
7,41.240002,-1.174717,0.114268,-1573.411616,-99.851198
4,168.830002,0.506686,0.115353,-1640.648285,-99.981182
3,59.127998,1.967349,0.122545,-1797.230174,-99.965403
2,100.580002,-0.231375,0.180657,-2555.958949,-99.984600
