Stock_Index,Gourujia,Predictions,Shares,True_Portfolio_Value,True_Earnings_Rate
5,13.198000,-0.000453,0.059301,-2492.306461,-99.895096
4,146.289993,-0.001086,0.073987,-3112.623521,-99.991964
2,123.529999,-0.000740,0.090548,-3809.369341,-99.992628
3,102.800003,-0.000093,0.104531,-4397.869894,-99.997448
0,150.699997,0.000018,0.112768,-4743.756880,-99.983561
7,93.209999,-0.001653,0.118927,-5003.565592,-100.000115
1,244.740005,-0.000687,0.124910,-5255.379252,-100.000367
6,117.080002,-0.002086,0.142274,-5985.366820,-99.992157
8,521.020020,0.000580,0.172754,-7268.271346,-99.999070
