Stock_Index,Gourujia,Predictions,Shares,True_Portfolio_Value,True_Earnings_Rate
5,18.638750,-0.000453,0.064334,-5122.740640,-100.061228
7,60.400002,-0.001653,0.072246,-5745.804086,-99.941032
4,329.660004,-0.001086,0.095856,-7628.044687,-99.997590
6,147.919998,-0.002086,0.103320,-8221.229123,-99.988625
0,130.460007,0.000018,0.116137,-9241.212082,-99.989265
2,174.345001,-0.000740,0.120215,-9567.264326,-100.005444
3,120.111000,-0.000093,0.120834,-9614.853454,-99.988289
1,259.429993,-0.000687,0.130332,-10371.361826,-99.995275
8,389.369995,0.000580,0.176726,-14063.174288,-99.994325
