Stock_Index,Gourujia,Predictions,Shares,True_Portfolio_Value,True_Earnings_Rate
8,500.130005,0.000580,0.058565,-3656.738262,-99.997533
3,191.410004,-0.000093,0.070731,-4416.067316,-99.991284
5,134.699997,-0.000453,0.071380,-4455.797724,-99.973101
2,224.919998,-0.000740,0.087327,-5452.679712,-99.999723
4,585.250000,-0.001086,0.089112,-5563.941569,-99.995790
1,436.600006,-0.000687,0.125630,-7844.410074,-100.000709
6,237.600006,-0.002086,0.134716,-8411.516018,-99.998603
0,254.490005,0.000018,0.180360,-11261.594029,-99.998797
7,105.870003,-0.001653,0.182179,-11374.720619,-99.996171
