Stock_Index,Gourujia,Predictions,Shares,True_Portfolio_Value,True_Earnings_Rate
5,47.657001,-0.000453,0.063209,-5201.511789,-99.981108
3,132.520004,-0.000093,0.072369,-5956.423693,-99.999715
4,334.220001,-0.001086,0.076604,-6304.991086,-99.999535
2,147.479996,-0.000740,0.096549,-7946.052566,-99.993776
1,374.380005,-0.000687,0.108646,-8942.284836,-100.000007
7,98.050003,-0.001653,0.120467,-9914.154058,-99.990990
8,545.719971,0.000580,0.124673,-10261.296883,-99.998899
0,194.710007,0.000018,0.143548,-11813.959770,-99.991498
6,160.520004,-0.002086,0.193935,-15961.557368,-99.997908
