Stock_Index,Gourujia,Predictions,Shares,True_Portfolio_Value,True_Earnings_Rate
8,302.910004,0.000580,0.070700,-4564.113563,-100.003726
5,162.880005,-0.000453,0.090761,-5858.617345,-99.995419
3,176.619995,-0.000093,0.094255,-6084.242112,-99.996803
7,113.800003,-0.001653,0.096460,-6226.196698,-99.991317
4,732.780029,-0.001086,0.102548,-6619.865313,-100.001036
2,222.539993,-0.000740,0.105849,-6832.909741,-100.000566
6,283.160004,-0.002086,0.125346,-8090.959166,-99.993782
0,211.139999,0.000018,0.127536,-8232.608782,-99.997160
1,503.510010,-0.000687,0.186545,-12042.206405,-100.000802
