Stock_Index,Gourujia,Predictions,Shares,True_Portfolio_Value,True_Earnings_Rate
4,200.470001,-0.001086,0.055402,-2045.778022,-99.974156
2,124.281502,-0.000740,0.065017,-2401.400217,-99.998587
5,18.547001,-0.000453,0.069454,-2558.123770,-99.720724
1,277.519989,-0.000687,0.106294,-3925.713752,-99.991087
3,114.109497,-0.000093,0.109928,-4059.530625,-99.981207
0,157.649994,0.000018,0.126287,-4664.474492,-99.998754
7,85.250000,-0.001653,0.141480,-5224.757105,-99.984146
6,119.360001,-0.002086,0.159694,-5897.884883,-99.992384
8,508.549988,0.000580,0.166443,-6147.887953,-100.002882
