Stock_Index,Gourujia,Predictions,Shares,True_Portfolio_Value,True_Earnings_Rate
5,5.113500,-0.000453,0.071218,-4605.082156,-99.786052
8,244.910004,0.000580,0.076108,-4932.111382,-99.996448
4,187.889999,-0.001086,0.089129,-5775.844352,-99.995740
6,126.029999,-0.002086,0.109175,-7074.862530,-99.996984
7,69.250000,-0.001653,0.112922,-7318.804326,-100.012776
0,61.645000,0.000018,0.119805,-7762.825175,-99.983831
1,140.729996,-0.000687,0.127433,-8257.001473,-99.982741
3,63.215000,-0.000093,0.143475,-9295.184211,-99.969418
2,88.066498,-0.000740,0.150735,-9767.483449,-99.989891
