Stock_Index,Gourujia,Predictions,Shares,True_Portfolio_Value,True_Earnings_Rate
8,241.429993,0.000580,0.059375,-4822.951593,-100.004069
5,3.913000,-0.000453,0.076889,-6290.815484,-100.740465
4,171.259995,-0.001086,0.093487,-7593.075821,-99.995754
2,84.621498,-0.000740,0.103490,-8407.266570,-100.016510
3,58.459499,-0.000093,0.106239,-8629.748844,-100.006229
6,104.110001,-0.002086,0.124188,-10087.312840,-100.003605
1,111.699997,-0.000687,0.138571,-11255.303779,-99.999599
7,80.190002,-0.001653,0.147678,-11996.593744,-100.014232
0,43.882500,0.000018,0.150082,-12191.949690,-100.013150
