Stock_Index,Gourujia,Predictions,Shares,True_Portfolio_Value,True_Earnings_Rate
6,89.389999,-0.002086,0.080459,-1972.022805,-99.983601
5,7.100250,-0.000453,0.088485,-2163.062220,-99.725972
8,285.329987,0.000580,0.094283,-2311.119101,-99.992755
7,43.450001,-0.001653,0.098679,-2418.587621,-99.985216
1,171.419998,-0.000687,0.116874,-2864.766651,-99.989444
4,185.130005,-0.001086,0.120756,-2959.787633,-99.985775
0,68.757500,0.000018,0.122172,-2993.696991,-99.958607
3,63.558498,-0.000093,0.122574,-3004.604818,-99.993293
2,119.972504,-0.000740,0.155717,-3817.108918,-99.996267
