Stock_Index,Gourujia,Predictions,Shares,True_Portfolio_Value,True_Earnings_Rate
5,90.250000,-0.000453,0.048724,-3307.932585,-99.998699
4,493.859985,-0.001086,0.074957,-5089.150467,-100.003424
3,150.869995,-0.000093,0.089623,-6084.667446,-99.999736
0,173.309998,0.000018,0.093110,-6321.819619,-100.006125
1,421.429993,-0.000687,0.106525,-7232.274835,-100.000400
2,179.830002,-0.000740,0.113000,-7671.677906,-99.998302
8,493.100006,0.000580,0.138670,-9414.594365,-99.999343
6,199.520004,-0.002086,0.150033,-10185.809643,-99.998044
7,114.970001,-0.001653,0.185358,-12582.995977,-99.990445
