Stock_Index,Gourujia,Predictions,Shares,True_Portfolio_Value,True_Earnings_Rate
5,61.030998,-0.000453,0.065835,-4953.235879,-99.961946
8,503.200012,0.000580,0.078842,-5934.141533,-99.999472
0,192.419998,0.000018,0.092126,-6934.102570,-100.001867
4,394.140015,-0.001086,0.094146,-7085.726499,-99.995609
7,103.000000,-0.001653,0.100480,-7562.546408,-99.998775
2,159.119995,-0.000740,0.106575,-8020.819024,-99.991604
3,152.190002,-0.000093,0.119911,-9024.739213,-99.994326
1,403.929993,-0.000687,0.162593,-12237.336089,-99.996477
6,172.279999,-0.002086,0.179491,-13509.299809,-99.998486
