Stock_Index,Gourujia,Predictions,Shares,True_Portfolio_Value,True_Earnings_Rate
5,137.710007,-0.000453,0.062802,-3518.246421,-99.983731
8,509.760010,0.000580,0.086651,-4854.810161,-99.994225
4,612.770020,-0.001086,0.087180,-4884.662651,-99.999020
2,225.940002,-0.000740,0.101026,-5660.014751,-99.990753
3,196.000000,-0.000093,0.112365,-6295.534049,-99.994691
0,229.979996,0.000018,0.113451,-6357.597876,-100.014104
6,259.160004,-0.002086,0.129606,-7261.390705,-99.994281
1,429.029999,-0.000687,0.133347,-7471.503378,-100.000288
7,112.320000,-0.001653,0.173572,-9725.849783,-100.006763
