Stock_Index,Gourujia,Predictions,Shares,True_Portfolio_Value,True_Earnings_Rate
5,24.228001,-0.000453,0.050005,-2597.768819,-99.782169
4,197.750000,-0.001086,0.079492,-4137.964020,-99.981965
6,128.259995,-0.002086,0.089377,-4652.621434,-99.985009
2,96.199997,-0.000740,0.107643,-5602.089251,-99.959313
3,96.110001,-0.000093,0.112350,-5846.874791,-99.955393
1,265.440002,-0.000687,0.119729,-6232.736215,-99.985030
7,101.620003,-0.001653,0.120554,-6276.861148,-100.005730
0,152.990005,0.000018,0.126969,-6609.807313,-99.987894
8,465.429993,0.000580,0.193882,-10094.120610,-99.996979
