Stock_Index,Gourujia,Predictions,Shares,True_Portfolio_Value,True_Earnings_Rate
5,38.770000,-0.000453,0.028610,-1827.254072,-99.953061
2,123.430000,-0.000740,0.079839,-5100.465777,-99.979647
3,122.230003,-0.000093,0.102381,-6541.228472,-99.990616
4,264.950012,-0.001086,0.108459,-6929.606797,-99.991409
1,326.790009,-0.000687,0.108900,-6958.111777,-99.995298
7,107.389999,-0.001653,0.111174,-7104.208233,-100.008449
6,141.009995,-0.002086,0.134005,-8562.426805,-100.000050
8,493.619995,0.000580,0.146059,-9332.846888,-100.000423
0,180.960007,0.000018,0.180573,-11537.139177,-99.991425
