Stock_Index,Gourujia,Predictions,Shares,True_Portfolio_Value,True_Earnings_Rate
2,96.718002,-0.000740,0.079921,-6273.108398,-99.978738
4,165.410004,-0.001086,0.082489,-6476.138697,-100.001830
0,55.197498,0.000018,0.091075,-7149.355071,-99.988549
5,6.642500,-0.000453,0.098253,-7701.333340,-99.847229
3,58.978001,-0.000093,0.106073,-8325.883225,-99.979526
1,114.669998,-0.000687,0.112396,-8824.137641,-100.001675
6,116.720001,-0.002086,0.133529,-10483.181644,-100.002426
8,267.359985,0.000580,0.139715,-10969.404741,-100.005425
7,86.599998,-0.001653,0.156549,-12290.324819,-100.001334
