Stock_Index,Gourujia,Predictions,Shares,True_Portfolio_Value,True_Earnings_Rate
2,160.360504,-0.000740,0.078687,-3650.719612,-99.998097
0,115.980003,0.000018,0.081968,-3802.604975,-99.988700
5,13.497750,-0.000453,0.091625,-4247.514852,-99.919344
7,33.419998,-0.001653,0.103985,-4823.118906,-99.975035
4,261.399994,-0.001086,0.113106,-5247.228600,-99.991089
1,214.220001,-0.000687,0.113412,-5261.864072,-99.999064
3,76.497498,-0.000093,0.121897,-5654.606951,-99.982069
8,324.220001,0.000580,0.134630,-6246.421481,-100.000772
6,99.800003,-0.002086,0.160691,-7454.921108,-99.994293
