Stock_Index,Gourujia,Predictions,Shares,True_Portfolio_Value,True_Earnings_Rate
5,6.621250,-0.000453,0.066521,-5627.510855,-99.987460
6,108.449997,-0.002086,0.079200,-6701.674245,-100.005201
7,80.970001,-0.001653,0.081345,-6883.119368,-100.004431
3,57.652000,-0.000093,0.087207,-7379.160498,-100.003041
8,244.630005,0.000580,0.099550,-8423.341531,-100.000334
4,193.279999,-0.001086,0.120021,-10155.517556,-100.000911
1,101.669998,-0.000687,0.147834,-12508.069652,-99.994982
2,83.263496,-0.000740,0.158852,-13437.967998,-99.977791
0,47.957500,0.000018,0.159470,-13491.212139,-99.983974
