Stock_Index,Gourujia,Predictions,Shares,True_Portfolio_Value,True_Earnings_Rate
5,4.579500,-0.000453,0.057952,-2973.526441,-99.863340
0,54.174999,0.000018,0.098360,-5051.344469,-99.942224
4,186.169998,-0.001086,0.105971,-5444.990762,-99.993348
6,116.870003,-0.002086,0.113063,-5809.578759,-99.997660
8,232.460007,0.000580,0.114755,-5896.590958,-99.996774
1,136.080002,-0.000687,0.120306,-6181.971056,-99.999784
3,60.285000,-0.000093,0.127826,-6567.113089,-99.980442
7,72.070000,-0.001653,0.130550,-6708.421825,-100.002698
2,91.027496,-0.000740,0.131216,-6742.464174,-99.998529
