Stock_Index,Gourujia,Predictions,Shares,True_Portfolio_Value,True_Earnings_Rate
5,45.452000,-0.000453,0.080098,-4724.736478,-99.978420
3,129.270004,-0.000093,0.084026,-4957.519010,-99.999223
8,508.000000,0.000580,0.084705,-4997.656895,-100.001076
4,298.570007,-0.001086,0.089987,-5308.445587,-99.985575
1,337.769989,-0.000687,0.100375,-5922.517243,-100.006245
2,128.149994,-0.000740,0.108806,-6419.513579,-99.999391
7,105.089996,-0.001653,0.111749,-6592.904767,-99.997017
6,157.759995,-0.002086,0.143827,-8486.285471,-100.007030
0,194.500000,0.000018,0.196427,-11589.643567,-100.003395
