Stock_Index,Gourujia,Predictions,Shares,True_Portfolio_Value,True_Earnings_Rate
5,104.250000,-0.000453,0.046108,-2027.926883,-100.050438
4,494.089996,-0.001086,0.076026,-3342.166232,-100.002129
2,161.929993,-0.000740,0.087835,-3861.113637,-99.996805
8,568.349976,0.000580,0.106499,-4681.741605,-100.000704
3,158.289993,-0.000093,0.114515,-5033.984344,-99.997411
6,200.339996,-0.002086,0.120035,-5276.682092,-99.999851
0,207.229996,0.000018,0.128584,-5652.231670,-99.994006
1,399.609985,-0.000687,0.147099,-6466.542389,-100.000740
7,114.160004,-0.001653,0.173299,-7617.277051,-99.988414
