Stock_Index,Gourujia,Predictions,Shares,True_Portfolio_Value,True_Earnings_Rate
4,186.990005,-0.001086,0.074384,-4227.487213,-100.001002
5,6.363250,-0.000453,0.084373,-4792.356130,-99.948837
0,47.147499,0.000018,0.088713,-5042.040618,-100.004954
2,80.145500,-0.000740,0.091833,-5219.095776,-100.001067
3,55.168999,-0.000093,0.094560,-5373.817625,-99.994718
7,81.279999,-0.001653,0.124596,-7080.368212,-99.991703
8,238.279999,0.000580,0.126169,-7169.965917,-99.991941
1,97.699997,-0.000687,0.128324,-7292.670012,-99.996549
6,113.860001,-0.002086,0.187048,-10630.231321,-99.999692
