Stock_Index,Gourujia,Predictions,Shares,True_Portfolio_Value,True_Earnings_Rate
5,4.957250,-0.000453,0.058616,-2542.817250,-101.331969
2,82.140503,-0.000740,0.066956,-2868.963565,-100.079563
1,106.959999,-0.000687,0.088144,-3774.845142,-100.027587
3,54.187500,-0.000093,0.100108,-4289.730901,-100.085420
4,145.369995,-0.001086,0.100160,-4288.962788,-100.015699
0,54.075001,0.000018,0.111514,-4776.112873,-100.035041
8,258.179993,0.000580,0.122615,-5249.845015,-100.002498
6,103.419998,-0.002086,0.169466,-7254.499449,-99.986722
7,77.529999,-0.001653,0.182420,-7810.698207,-100.008010
