Stock_Index,Gourujia,Predictions,Shares,True_Portfolio_Value,True_Earnings_Rate
6,89.339996,-0.002086,0.081067,-1945.236840,-99.999374
5,7.153750,-0.000453,0.090118,-2164.637590,-100.104934
8,277.019989,0.000580,0.093028,-2232.088900,-99.989330
7,42.130001,-0.001653,0.098833,-2369.805172,-99.926772
1,173.520004,-0.000687,0.119644,-2871.199920,-100.007017
4,182.279999,-0.001086,0.119732,-2872.865908,-99.991489
3,62.920502,-0.000093,0.122371,-2935.974959,-99.983966
0,69.025002,0.000018,0.124709,-2992.709450,-100.005625
2,118.174500,-0.000740,0.150498,-3610.905797,-99.987222
