Stock_Index,Gourujia,Predictions,Shares,True_Portfolio_Value,True_Earnings_Rate
7,42.799999,-0.001653,0.047391,-2931.497191,-99.934863
5,12.930750,-0.000453,0.089586,-5543.886667,-99.975220
6,121.050003,-0.002086,0.091262,-5649.389135,-100.005340
4,277.920013,-0.001086,0.106295,-6579.805677,-100.001037
0,121.779999,0.000018,0.106942,-6619.128123,-99.990214
3,88.892998,-0.000093,0.130952,-8106.580181,-100.006479
2,155.210007,-0.000740,0.131615,-8147.109948,-100.000563
8,344.410004,0.000580,0.147826,-9150.947048,-100.004041
1,211.800003,-0.000687,0.148130,-9169.603267,-100.002862
