Stock_Index,Gourujia,Predictions,Shares,True_Portfolio_Value,True_Earnings_Rate
8,236.020004,0.000580,0.067009,-5076.812494,-99.990398
5,3.919500,-0.000453,0.077005,-5836.491169,-100.042346
4,167.369995,-0.001086,0.101442,-7685.149093,-99.986272
3,57.671001,-0.000093,0.109577,-8300.676644,-99.976453
2,84.808502,-0.000740,0.111177,-8424.040809,-100.002603
1,112.260002,-0.000687,0.127305,-9646.309568,-100.004455
0,43.962502,0.000018,0.130556,-9892.654493,-100.004143
6,104.190002,-0.002086,0.132713,-10055.577414,-100.000737
7,80.309998,-0.001653,0.143217,-10851.551855,-100.001862
