Stock_Index,Gourujia,Predictions,Shares,True_Portfolio_Value,True_Earnings_Rate
5,4.028500,-0.000453,0.061663,-4688.991268,-99.788320
8,243.149994,0.000580,0.062658,-4775.078405,-99.995408
2,83.530998,-0.000740,0.096113,-7324.834667,-99.998224
4,172.070007,-0.001086,0.101823,-7760.151598,-100.000507
3,58.963001,-0.000093,0.122693,-9348.306389,-99.974323
0,44.724998,0.000018,0.132547,-10099.208874,-99.975019
6,104.349998,-0.002086,0.136142,-10375.760777,-100.002851
1,112.830002,-0.000687,0.141478,-10781.612225,-99.993816
7,79.779999,-0.001653,0.144884,-11041.334649,-99.996548
