Stock_Index,Gourujia,Predictions,Shares,True_Portfolio_Value,True_Earnings_Rate
7,109.870003,-0.001653,0.078112,-4980.418091,-99.999338
2,129.789993,-0.000740,0.078750,-5020.386314,-99.983787
5,45.460999,-0.000453,0.081148,-5172.495134,-99.969535
4,314.690002,-0.001086,0.095525,-6090.387651,-99.993543
3,137.360001,-0.000093,0.098400,-6273.522856,-99.990836
1,327.730011,-0.000687,0.118058,-7527.173418,-99.995463
8,539.400024,0.000580,0.132338,-8438.113352,-100.000471
0,178.850006,0.000018,0.139927,-8921.983651,-100.000407
6,148.000000,-0.002086,0.177741,-11332.951123,-100.000685
