Stock_Index,Gourujia,Predictions,Shares,True_Portfolio_Value,True_Earnings_Rate
5,12.917750,-0.000453,0.079514,-3696.066293,-99.920556
7,45.349998,-0.001653,0.090201,-4194.690608,-99.965745
4,272.140015,-0.001086,0.097159,-4520.400498,-100.009770
3,90.946999,-0.000093,0.100772,-4687.112456,-99.979483
0,142.059998,0.000018,0.104372,-4856.756505,-100.025068
2,161.628998,-0.000740,0.124702,-5801.271533,-99.999036
6,127.860001,-0.002086,0.124964,-5812.632580,-99.986357
1,232.899994,-0.000687,0.138021,-6420.259111,-99.989025
8,332.989990,0.000580,0.140296,-6526.514115,-99.995382
