Stock_Index,Gourujia,Predictions,Shares,True_Portfolio_Value,True_Earnings_Rate
5,20.816000,-0.000453,0.069678,-4980.114733,-99.743420
2,159.997498,-0.000740,0.073817,-5288.884674,-99.987255
7,52.740002,-0.001653,0.090381,-6471.408634,-99.923547
4,359.369995,-0.001086,0.099476,-7128.022899,-99.996935
8,429.709991,0.000580,0.113890,-8161.347326,-100.002368
6,154.720001,-0.002086,0.131502,-9422.291045,-99.991781
0,148.190002,0.000018,0.134308,-9623.650691,-99.993114
3,137.429504,-0.000093,0.136126,-9753.245333,-99.986300
1,304.359985,-0.000687,0.150822,-10807.614683,-99.999687
