Stock_Index,Gourujia,Predictions,Shares,True_Portfolio_Value,True_Earnings_Rate
3,58.540001,-0.000093,0.076578,-4318.047502,-99.980127
5,3.989500,-0.000453,0.080358,-4527.257445,-99.904369
0,47.730000,0.000018,0.081990,-4624.550695,-100.009238
4,186.270004,-0.001086,0.091243,-5145.881598,-99.997929
2,93.557503,-0.000740,0.114196,-6439.117860,-99.979396
1,126.019997,-0.000687,0.117604,-6631.466642,-99.981885
8,236.080002,0.000580,0.117822,-6644.933139,-99.998728
6,109.900002,-0.002086,0.156412,-8820.247399,-99.988400
7,76.370003,-0.001653,0.163798,-9237.848409,-100.000172
