Stock_Index,Gourujia,Predictions,Shares,True_Portfolio_Value,True_Earnings_Rate
5,129.240005,-0.000453,0.047372,-2923.744347,-100.004804
4,498.869995,-0.001086,0.076511,-4722.004676,-100.001092
2,194.490005,-0.000740,0.098169,-6058.912926,-100.004701
8,511.529999,0.000580,0.100911,-6227.744925,-99.998538
0,230.539993,0.000018,0.108023,-6666.271083,-99.992797
3,185.070007,-0.000093,0.114677,-7077.134670,-99.995754
7,113.269997,-0.001653,0.145859,-9000.402168,-99.985007
1,453.549988,-0.000687,0.147694,-9115.109681,-99.999801
6,204.940002,-0.002086,0.160784,-9921.665326,-99.987983
