Stock_Index,Gourujia,Predictions,Shares,True_Portfolio_Value,True_Earnings_Rate
5,3.916000,-0.000453,0.041038,-2200.197207,-99.690505
4,162.289993,-0.001086,0.065157,-3504.480220,-99.998976
2,81.378998,-0.000740,0.077641,-4176.140001,-100.004144
0,42.732498,0.000018,0.093568,-5031.904797,-99.984988
3,56.325500,-0.000093,0.117143,-6301.241156,-100.009355
1,108.169998,-0.000687,0.118903,-6395.847127,-100.008759
7,78.230003,-0.001653,0.147827,-7950.485468,-99.995107
8,270.410004,0.000580,0.158503,-8525.372475,-100.001233
6,105.180000,-0.002086,0.180221,-9692.734835,-99.995401
