Stock_Index,Gourujia,Predictions,Shares,True_Portfolio_Value,True_Earnings_Rate
7,41.770000,-0.001653,0.056675,-3976.183996,-100.009764
0,130.960007,0.000018,0.086423,-6062.592541,-99.994134
6,125.070000,-0.002086,0.090977,-6382.556833,-100.003524
5,13.009250,-0.000453,0.104875,-7357.846847,-100.009164
4,268.109985,-0.001086,0.105823,-7423.924691,-100.000989
2,159.263504,-0.000740,0.127018,-8910.998139,-100.002485
3,86.411499,-0.000093,0.133198,-9343.975862,-99.996036
1,221.020004,-0.000687,0.140729,-9872.315451,-99.996472
8,337.589996,0.000580,0.154283,-10823.287776,-99.997205
