Stock_Index,Gourujia,Predictions,Shares,True_Portfolio_Value,True_Earnings_Rate
5,24.150000,-0.000453,0.067297,-3596.912359,-100.135238
6,147.660004,-0.002086,0.087275,-4658.978751,-100.011938
4,316.559998,-0.001086,0.096952,-5175.736532,-100.013653
1,301.600006,-0.000687,0.109716,-5856.692594,-100.006181
7,73.269997,-0.001653,0.121449,-6483.809190,-100.020645
3,133.307495,-0.000093,0.124836,-6664.492416,-100.016821
0,164.509995,0.000018,0.127374,-6799.414023,-100.007809
8,463.000000,0.000580,0.130318,-6956.093041,-100.000855
2,151.667496,-0.000740,0.134782,-7197.186004,-100.040447
