Stock_Index,Gourujia,Predictions,Shares,True_Portfolio_Value,True_Earnings_Rate
7,40.900002,-0.001653,0.046228,-2370.862675,-99.921180
6,121.879997,-0.002086,0.059060,-3031.401704,-99.999193
5,13.606750,-0.000453,0.073923,-3799.546526,-100.140001
4,285.579987,-0.001086,0.100919,-5180.104167,-100.002683
2,157.899994,-0.000740,0.108428,-5565.219206,-99.996143
0,123.750000,0.000018,0.129325,-6637.755436,-99.995897
1,214.289993,-0.000687,0.143962,-7389.060301,-99.996269
3,90.851501,-0.000093,0.163644,-8399.879637,-100.003458
8,347.859985,0.000580,0.174510,-8957.307450,-100.000000
