Stock_Index,Gourujia,Predictions,Shares,True_Portfolio_Value,True_Earnings_Rate
5,5.526250,-0.000453,0.069442,-3107.216967,-99.651376
4,155.389999,-0.001086,0.083232,-3737.437756,-99.997025
1,88.519997,-0.000687,0.087856,-3944.589832,-99.984914
2,68.599503,-0.000740,0.091749,-4119.114129,-99.978841
3,50.631500,-0.000093,0.101292,-4548.052299,-99.988235
6,107.849998,-0.002086,0.126893,-5697.357878,-99.987363
0,41.669998,0.000018,0.134703,-6047.445662,-99.975505
8,217.199997,0.000580,0.140451,-6306.089307,-99.984616
7,73.220001,-0.001653,0.164383,-7379.088498,-99.966831
