Stock_Index,Gourujia,Predictions,Shares,True_Portfolio_Value,True_Earnings_Rate
5,45.485001,-0.000453,0.055415,-3792.939818,-99.995365
4,305.059998,-0.001086,0.080338,-5498.691467,-99.992920
0,174.210007,0.000018,0.086931,-5950.111215,-99.994981
2,144.850006,-0.000740,0.093382,-6392.004528,-100.000620
7,116.440002,-0.001653,0.111745,-7647.661940,-99.984794
3,136.710007,-0.000093,0.119274,-8163.658850,-99.992600
1,336.059998,-0.000687,0.129260,-8847.585786,-99.997672
8,479.839996,0.000580,0.142305,-9740.550513,-99.998373
6,146.410004,-0.002086,0.181349,-12411.459507,-99.986878
