Stock_Index,Gourujia,Predictions,Shares,True_Portfolio_Value,True_Earnings_Rate
5,94.289001,-0.000453,0.051058,-3475.810501,-99.992010
3,150.770004,-0.000093,0.071686,-4880.656866,-100.003087
4,509.579987,-0.001086,0.076428,-5203.470995,-100.002543
0,172.279999,0.000018,0.097601,-6645.173010,-100.004838
1,428.739990,-0.000687,0.109175,-7433.113891,-100.003221
2,178.869995,-0.000740,0.113674,-7738.913836,-99.997381
8,490.070007,0.000580,0.115609,-7871.023063,-100.001752
6,196.619995,-0.002086,0.166105,-11309.181145,-100.004677
7,113.489998,-0.001653,0.198665,-13524.134579,-99.991039
