Stock_Index,Gourujia,Predictions,Shares,True_Portfolio_Value,True_Earnings_Rate
6,96.750000,-0.002086,0.061160,-2700.012278,-99.987470
7,46.419998,-0.001653,0.061608,-2719.732384,-99.987045
5,9.526750,-0.000453,0.089044,-3934.705395,-100.084907
8,292.670013,0.000580,0.097713,-4314.076482,-99.994292
4,239.220001,-0.001086,0.117239,-5176.152152,-99.994756
1,200.570007,-0.000687,0.120194,-5306.727672,-99.996680
0,89.717499,0.000018,0.126282,-5574.413214,-99.976459
3,72.532997,-0.000093,0.160599,-7090.013622,-99.987399
2,135.690994,-0.000740,0.166161,-7335.440238,-99.986388
