Stock_Index,Gourujia,Predictions,Shares,True_Portfolio_Value,True_Earnings_Rate
5,120.150002,-0.000453,0.058939,-2974.316370,-99.967597
3,168.500000,-0.000093,0.085766,-4329.242294,-99.993764
8,468.559998,0.000580,0.088870,-4486.119222,-99.997105
2,208.740005,-0.000740,0.119595,-6036.765021,-99.991944
1,392.529999,-0.000687,0.121190,-6117.561266,-99.997122
0,237.300003,0.000018,0.126981,-6409.588911,-99.992014
7,110.150002,-0.001653,0.127977,-6459.679555,-99.990326
4,658.239990,-0.001086,0.132847,-6706.070056,-99.997718
6,259.049988,-0.002086,0.137835,-6957.400513,-99.991744
