Stock_Index,Gourujia,Predictions,Shares,True_Portfolio_Value,True_Earnings_Rate
5,20.212000,-0.000453,0.068064,-5498.128602,-99.933139
7,63.259998,-0.001653,0.069418,-5611.411256,-100.002251
4,354.390015,-0.001086,0.080132,-6477.452025,-99.999753
6,157.080002,-0.002086,0.097359,-7870.292962,-100.004270
2,171.648499,-0.000740,0.114309,-9238.982464,-99.986910
8,404.890015,0.000580,0.122187,-9876.730509,-99.997288
0,137.270004,0.000018,0.134701,-10887.047265,-99.985862
1,271.600006,-0.000687,0.150998,-12204.903325,-99.991888
3,122.444504,-0.000093,0.162832,-13160.139326,-99.981450
