Stock_Index,Gourujia,Predictions,Shares,True_Portfolio_Value,True_Earnings_Rate
5,24.407000,-0.000453,0.052828,-2299.089346,-100.033543
4,223.300003,-0.001086,0.083384,-3627.744652,-100.000702
2,158.755997,-0.000740,0.093700,-4076.726488,-100.003866
7,83.650002,-0.001653,0.097194,-4227.635350,-99.980158
0,171.830002,0.000018,0.118343,-5148.653417,-99.998951
3,136.548004,-0.000093,0.121661,-5293.237932,-100.003546
1,299.500000,-0.000687,0.122484,-5328.717424,-99.997922
6,131.490005,-0.002086,0.132168,-5750.217253,-100.002317
8,531.750000,0.000580,0.178239,-7754.425958,-99.998170
