Stock_Index,Gourujia,Predictions,Shares,True_Portfolio_Value,True_Earnings_Rate
4,113.230003,-0.001086,0.039973,-1308.517930,-100.013994
5,15.910000,-0.000453,0.073071,-2393.835832,-100.092729
2,97.120003,-0.000740,0.073115,-2393.711302,-100.024352
3,98.849998,-0.000093,0.080756,-2643.374199,-100.005027
1,241.729996,-0.000687,0.090708,-2968.949686,-100.000086
0,148.789993,0.000018,0.092126,-3015.117753,-99.991338
7,112.910004,-0.001653,0.179819,-5885.513563,-99.998824
8,511.519989,0.000580,0.185163,-6060.488527,-99.998557
6,133.119995,-0.002086,0.185270,-6064.185987,-100.003280
