Stock_Index,Gourujia,Predictions,Shares,True_Portfolio_Value,True_Earnings_Rate
2,73.901001,-0.000740,0.074719,-2704.751441,-99.978249
5,3.341250,-0.000453,0.077036,-2789.820871,-100.033608
4,133.199997,-0.001086,0.084649,-3065.250848,-100.011988
0,39.057499,0.000018,0.102613,-3714.445376,-99.975372
1,100.389999,-0.000687,0.105168,-3807.383861,-99.988360
3,52.334000,-0.000093,0.117763,-4263.995566,-100.003143
7,68.169998,-0.001653,0.139435,-5048.444025,-99.999570
8,246.240005,0.000580,0.142320,-5152.817403,-99.995278
6,96.830002,-0.002086,0.156297,-5658.504817,-99.991608
