Stock_Index,Gourujia,Predictions,Shares,True_Portfolio_Value,True_Earnings_Rate
2,94.565002,-0.000740,0.086628,-7588.610450,-100.012294
5,6.299500,-0.000453,0.090367,-7938.362341,-100.298887
8,285.850006,0.000580,0.097796,-8565.741425,-99.997087
4,221.910004,-0.001086,0.098176,-8599.737119,-100.005825
0,79.239998,0.000018,0.115399,-10109.583065,-100.017157
3,72.001503,-0.000093,0.119096,-10432.627099,-100.009135
7,69.800003,-0.001653,0.127583,-11176.129726,-100.012369
1,163.279999,-0.000687,0.131389,-11508.882651,-100.004329
6,137.199997,-0.002086,0.133566,-11697.894089,-99.991549
