Stock_Index,Gourujia,Predictions,Shares,True_Portfolio_Value,True_Earnings_Rate
5,15.542000,-0.000453,0.072873,-2460.996120,-100.160543
4,163.940002,-0.001086,0.075168,-2534.763404,-100.010092
2,108.919998,-0.000740,0.087745,-2959.272876,-100.023132
7,88.120003,-0.001653,0.091780,-3095.603003,-100.032396
3,111.701500,-0.000093,0.112334,-3788.520594,-100.022222
0,139.229996,0.000018,0.119196,-4019.601797,-100.013066
1,260.260010,-0.000687,0.127242,-4290.564094,-100.005098
8,515.710022,0.000580,0.148645,-5012.083324,-100.000784
6,115.300003,-0.002086,0.165016,-5565.050328,-100.020474
