Stock_Index,Gourujia,Predictions,Shares,True_Portfolio_Value,True_Earnings_Rate
6,98.599998,-0.002086,0.055580,-3158.039279,-99.996611
7,46.279999,-0.001653,0.057444,-3262.425347,-99.952438
5,8.806250,-0.000453,0.068673,-3901.046157,-99.975526
4,231.910004,-0.001086,0.095576,-5430.798008,-99.998497
8,305.929993,0.000580,0.103916,-5904.767606,-99.999594
3,71.743500,-0.000093,0.150845,-8570.765491,-99.992791
1,182.830002,-0.000687,0.153513,-8722.451180,-99.993813
2,123.552002,-0.000740,0.155974,-8862.741585,-99.999551
0,80.462502,0.000018,0.158479,-9004.656293,-99.994260
