Stock_Index,Gourujia,Predictions,Shares,True_Portfolio_Value,True_Earnings_Rate
4,201.910004,-0.001086,0.083171,-4969.664084,-99.994439
5,5.910750,-0.000453,0.088457,-5270.820034,-99.723202
2,100.435997,-0.000740,0.089274,-5334.736833,-100.002243
0,77.377502,0.000018,0.094086,-5622.444632,-100.003554
8,272.450012,0.000580,0.101382,-6058.068281,-99.997891
1,170.229996,-0.000687,0.129536,-7739.445654,-99.985851
6,132.360001,-0.002086,0.130600,-7803.602842,-99.994257
7,62.119999,-0.001653,0.139233,-8322.844432,-100.036430
3,71.639000,-0.000093,0.144261,-8616.356646,-99.952288
