Stock_Index,Gourujia,Predictions,Shares,True_Portfolio_Value,True_Earnings_Rate
5,15.836000,-0.000453,0.065123,-2265.227438,-99.730301
4,163.729996,-0.001086,0.076753,-2676.493349,-99.979387
2,102.309998,-0.000740,0.080237,-2797.156675,-99.950089
0,132.759995,0.000018,0.102300,-3567.563132,-99.985002
3,106.715500,-0.000093,0.110003,-3835.737515,-99.973602
6,114.059998,-0.002086,0.119812,-4178.381598,-99.989684
1,244.490005,-0.000687,0.126516,-4412.184093,-99.988015
7,96.099998,-0.001653,0.145357,-5070.459652,-100.013185
8,461.750000,0.000580,0.173899,-6065.315582,-99.998793
