Stock_Index,Gourujia,Predictions,Shares,True_Portfolio_Value,True_Earnings_Rate
4,159.149994,-0.001086,0.068897,-2793.569258,-99.960115
5,16.533001,-0.000453,0.074545,-3010.337791,-99.556777
2,114.809998,-0.000740,0.087446,-3545.475557,-99.954478
3,105.019997,-0.000093,0.095045,-3852.655272,-99.929758
7,89.629997,-0.001653,0.111956,-4540.178677,-99.976109
8,531.590027,0.000580,0.130132,-5278.568388,-99.998934
6,113.419998,-0.002086,0.137129,-5561.575155,-99.985964
1,251.899994,-0.000687,0.143146,-5805.012790,-99.974310
0,151.600006,0.000018,0.151703,-6152.233140,-99.977796
