Stock_Index,Gourujia,Predictions,Shares,True_Portfolio_Value,True_Earnings_Rate
8,303.220001,0.000580,0.030574,-1710.758825,-100.000033
5,141.720001,-0.000453,0.075172,-4206.030451,-99.995484
4,697.710022,-0.001086,0.079914,-4471.557047,-100.000752
2,213.570007,-0.000740,0.085146,-4763.912826,-99.992583
0,203.919998,0.000018,0.096354,-5391.739971,-100.005976
3,173.679993,-0.000093,0.099645,-5575.142673,-99.992065
7,104.269997,-0.001653,0.161278,-9023.504166,-99.993583
6,265.730011,-0.002086,0.171126,-9575.043321,-99.998572
1,470.380005,-0.000687,0.200791,-11235.038176,-99.998932
