Stock_Index,Gourujia,Predictions,Shares,True_Portfolio_Value,True_Earnings_Rate
4,237.029999,-0.001086,0.064520,-3097.187516,-100.006294
2,103.650002,-0.000740,0.082894,-3978.843459,-99.996748
1,304.399994,-0.000687,0.097514,-4680.694811,-99.998912
5,27.802000,-0.000453,0.100900,-4844.736231,-100.031185
6,135.979996,-0.002086,0.103780,-4981.943644,-100.010129
3,105.410004,-0.000093,0.118250,-5676.494294,-100.006502
7,107.930000,-0.001653,0.127815,-6136.160650,-100.016368
8,489.440002,0.000580,0.134771,-6469.199138,-100.000904
0,167.449997,0.000018,0.169556,-8139.333839,-100.005950
