Stock_Index,Gourujia,Predictions,Shares,True_Portfolio_Value,True_Earnings_Rate
2,95.750504,-0.000740,0.080106,-6333.107740,-99.989500
4,162.929993,-0.001086,0.083348,-6589.447075,-99.990728
5,6.586250,-0.000453,0.092649,-7315.602956,-99.870878
0,54.415001,0.000018,0.092662,-7324.628258,-99.973761
3,58.605999,-0.000093,0.102571,-8109.140053,-99.989203
1,114.260002,-0.000687,0.111074,-8782.056997,-99.996865
8,266.670013,0.000580,0.134586,-10641.333622,-99.999031
6,117.849998,-0.002086,0.137145,-10844.434888,-100.008175
7,85.169998,-0.001653,0.165858,-13111.212381,-99.980450
