Stock_Index,Gourujia,Predictions,Shares,True_Portfolio_Value,True_Earnings_Rate
5,22.396000,-0.000453,0.056489,-4343.280072,-99.911759
7,55.080002,-0.001653,0.074082,-5701.329877,-100.006935
0,153.649994,0.000018,0.109424,-8420.633153,-99.997253
4,375.279999,-0.001086,0.112896,-8687.978155,-99.999305
6,160.460007,-0.002086,0.114175,-8786.720416,-100.003779
8,423.709991,0.000580,0.123815,-9528.399975,-100.000474
2,173.156006,-0.000740,0.124647,-9592.121692,-99.997516
1,301.149994,-0.000687,0.136211,-10482.270476,-100.000011
3,143.287003,-0.000093,0.148260,-11409.257998,-99.997800
