Stock_Index,Gourujia,Predictions,Shares,True_Portfolio_Value,True_Earnings_Rate
4,325.480011,-0.001086,0.077784,-4526.228069,-100.006564
5,46.750000,-0.000453,0.083910,-4882.417717,-100.000961
3,132.580002,-0.000093,0.084741,-4930.676825,-99.999204
8,502.910004,0.000580,0.087444,-5087.929754,-99.998637
1,338.369995,-0.000687,0.093901,-5463.825594,-100.002148
2,132.210007,-0.000740,0.101905,-5928.905088,-99.991637
7,104.160004,-0.001653,0.114486,-6659.498836,-99.972023
6,156.910004,-0.002086,0.168518,-9804.863480,-99.995749
0,195.830002,0.000018,0.187312,-10898.778995,-99.998386
