Stock_Index,Gourujia,Predictions,Shares,True_Portfolio_Value,True_Earnings_Rate
5,6.262000,-0.000453,0.080123,-5870.960531,-100.616131
3,56.721001,-0.000093,0.091669,-6679.978353,-100.054209
4,185.089996,-0.001086,0.100085,-7292.065659,-100.037872
7,75.120003,-0.001653,0.102899,-7495.388671,-100.017301
8,227.860001,0.000580,0.106172,-7733.104258,-100.005446
6,115.440002,-0.002086,0.115254,-8394.487359,-100.006856
1,94.599998,-0.000687,0.115353,-8402.844919,-100.019283
0,44.505001,0.000018,0.137138,-9991.399371,-100.034596
2,78.584000,-0.000740,0.151307,-11022.173950,-100.021845
