Stock_Index,Gourujia,Predictions,Shares,True_Portfolio_Value,True_Earnings_Rate
5,28.219000,-0.000453,0.058560,-2190.197506,-99.945543
4,223.589996,-0.001086,0.083940,-3140.790149,-99.987631
7,82.809998,-0.001653,0.091256,-3415.127755,-100.006433
2,168.990494,-0.000740,0.099055,-3706.786967,-99.998865
6,140.869995,-0.002086,0.116047,-4342.563910,-99.998440
3,141.455505,-0.000093,0.121710,-4554.394621,-99.994772
1,310.700012,-0.000687,0.123116,-4607.024148,-99.995158
0,175.600006,0.000018,0.130817,-4894.913845,-99.989206
8,513.200012,0.000580,0.175499,-6567.592892,-100.000940
