Stock_Index,Gourujia,Predictions,Shares,True_Portfolio_Value,True_Earnings_Rate
5,4.215500,-0.000453,0.058649,-4707.547709,-100.434444
8,252.250000,0.000580,0.059651,-4767.737207,-99.998400
4,173.369995,-0.001086,0.098941,-7908.924845,-100.010746
2,84.540497,-0.000740,0.101607,-8121.446125,-100.003215
3,59.952999,-0.000093,0.124419,-9945.468886,-100.009108
0,45.427502,0.000018,0.127515,-10189.536590,-99.975664
6,104.389999,-0.002086,0.140623,-11238.480098,-99.991322
1,114.500000,-0.000687,0.142434,-11384.313987,-99.999314
7,80.709999,-0.001653,0.146161,-11682.590751,-100.004152
