Stock_Index,Gourujia,Predictions,Shares,True_Portfolio_Value,True_Earnings_Rate
5,48.139999,-0.000453,0.065212,-5645.814165,-100.059974
4,332.200012,-0.001086,0.085518,-7399.725003,-100.004611
2,146.320007,-0.000740,0.086146,-7453.779898,-100.001075
7,102.339996,-0.001653,0.089855,-7774.250041,-99.996188
1,378.850006,-0.000687,0.096321,-8334.155761,-99.999958
3,134.990005,-0.000093,0.108578,-9395.975461,-100.013625
0,189.369995,0.000018,0.120297,-10408.465361,-99.998385
6,154.320007,-0.002086,0.168692,-14594.719110,-99.992651
8,534.979980,0.000580,0.179381,-15519.979506,-99.993818
