Stock_Index,Gourujia,Predictions,Shares,True_Portfolio_Value,True_Earnings_Rate
6,110.830002,-0.002086,0.078498,-6927.093533,-100.005225
5,6.515500,-0.000453,0.080135,-7062.664271,-99.885007
7,83.099998,-0.001653,0.084357,-7444.392713,-100.009888
3,57.044998,-0.000093,0.090815,-8012.814977,-99.988834
8,253.779999,0.000580,0.110522,-9752.705334,-100.000311
4,191.539993,-0.001086,0.112197,-9900.194742,-99.997661
1,101.050003,-0.000687,0.133595,-11788.300915,-99.997457
2,84.456001,-0.000740,0.145937,-12876.822773,-99.993269
0,47.807499,0.000018,0.163944,-14465.139302,-99.988546
