Stock_Index,Gourujia,Predictions,Shares,True_Portfolio_Value,True_Earnings_Rate
4,502.299988,-0.001086,0.032126,-2229.824263,-100.001636
5,82.278999,-0.000453,0.035030,-2430.305843,-99.957073
2,178.220001,-0.000740,0.066402,-4608.872490,-100.002019
3,137.139999,-0.000093,0.090309,-6269.377229,-100.020435
7,105.839996,-0.001653,0.117259,-8139.527123,-100.013305
1,415.500000,-0.000687,0.119191,-8272.709686,-100.000336
8,489.529999,0.000580,0.126914,-8809.003012,-100.003222
0,179.660004,0.000018,0.203949,-14157.496836,-100.014310
6,185.289993,-0.002086,0.208819,-14492.782473,-99.995966
