Stock_Index,Gourujia,Predictions,Shares,True_Portfolio_Value,True_Earnings_Rate
5,14.499000,-0.000453,0.072396,-3894.890391,-100.591433
3,104.190498,-0.000093,0.082485,-4413.118712,-100.031776
7,56.700001,-0.001653,0.084416,-4516.200029,-100.029484
4,264.309998,-0.001086,0.114587,-6129.503472,-100.014027
2,157.976501,-0.000740,0.118945,-6363.079752,-100.020849
0,125.349998,0.000018,0.120168,-6428.966938,-100.028242
1,234.550003,-0.000687,0.130754,-6994.042970,-100.010228
6,153.259995,-0.002086,0.137895,-7375.857754,-100.008916
8,332.209991,0.000580,0.138354,-7400.066806,-100.003042
