Stock_Index,Gourujia,Predictions,Shares,True_Portfolio_Value,True_Earnings_Rate
5,4.877250,-0.000453,0.070330,-4454.725623,-99.814817
8,247.800003,0.000580,0.073211,-4646.518102,-100.005394
4,186.149994,-0.001086,0.086599,-5495.819847,-99.999337
6,125.120003,-0.002086,0.110048,-6983.971662,-100.000575
7,69.750000,-0.001653,0.115172,-7310.060122,-100.013631
0,60.794998,0.000018,0.119433,-7579.502086,-99.997297
1,137.240005,-0.000687,0.135796,-8616.850911,-99.985804
3,62.881500,-0.000093,0.140012,-8885.544558,-99.998130
2,88.108498,-0.000740,0.149400,-9480.291364,-99.988077
