Stock_Index,Gourujia,Predictions,Shares,True_Portfolio_Value,True_Earnings_Rate
5,14.829000,-0.000453,0.075350,-4014.912235,-99.955807
7,52.020000,-0.001653,0.079049,-4213.309139,-99.987110
3,105.290497,-0.000093,0.085706,-4569.184741,-100.007698
0,129.710007,0.000018,0.098933,-5273.929363,-99.999050
4,269.390015,-0.001086,0.119248,-6357.584033,-100.010949
6,145.589996,-0.002086,0.129314,-6892.665743,-99.988630
2,166.411499,-0.000740,0.130461,-6955.616873,-100.014312
8,328.410004,0.000580,0.133463,-7114.990306,-100.003572
1,243.789993,-0.000687,0.148476,-7915.371087,-100.004772
