Stock_Index,Gourujia,Predictions,Shares,True_Portfolio_Value,True_Earnings_Rate
5,3.769750,-0.000453,0.067112,-4085.178180,-99.726976
3,57.737499,-0.000093,0.068995,-4210.765472,-99.975679
8,245.059998,0.000580,0.093855,-5729.030668,-99.994673
0,48.334999,0.000018,0.094912,-5791.644816,-99.961201
4,181.729996,-0.001086,0.106177,-6480.958186,-99.991646
1,132.210007,-0.000687,0.129356,-7895.324961,-99.985943
2,88.256500,-0.000740,0.132251,-8071.963200,-99.985521
6,109.570000,-0.002086,0.134261,-8195.178180,-99.992865
7,70.279999,-0.001653,0.173080,-10563.936636,-99.986299
