Stock_Index,Gourujia,Predictions,Shares,True_Portfolio_Value,True_Earnings_Rate
5,4.598500,-0.000453,0.051199,-3968.438970,-100.775013
8,252.020004,0.000580,0.060733,-4672.040505,-100.007839
4,166.080002,-0.001086,0.076702,-5900.333295,-100.006342
2,90.962997,-0.000740,0.101654,-7821.870778,-100.033431
0,48.772499,0.000018,0.105674,-8132.009501,-100.042905
3,61.806499,-0.000093,0.135843,-10453.132634,-100.037713
6,102.870003,-0.002086,0.148464,-11423.156108,-100.029842
1,120.220001,-0.000687,0.149710,-11518.290471,-100.022228
7,81.790001,-0.001653,0.170021,-13080.461852,-100.019741
