Stock_Index,Gourujia,Predictions,Shares,True_Portfolio_Value,True_Earnings_Rate
5,124.040001,-0.000453,0.042017,-2548.026280,-100.017344
2,191.160004,-0.000740,0.091897,-5572.431155,-100.008803
3,162.729996,-0.000093,0.099543,-6035.287766,-99.995410
6,209.779999,-0.002086,0.099792,-6050.474858,-99.998367
7,112.800003,-0.001653,0.107159,-6495.729655,-99.976577
4,567.840027,-0.001086,0.113979,-6910.858634,-100.000149
0,227.520004,0.000018,0.115581,-7007.943093,-99.999479
1,431.309998,-0.000687,0.143734,-8715.075922,-100.001775
8,574.809998,0.000580,0.186297,-11295.396939,-99.997882
