Stock_Index,Gourujia,Predictions,Shares,True_Portfolio_Value,True_Earnings_Rate
5,44.612000,-0.000453,0.073263,-4258.497414,-99.947019
4,291.609985,-0.001086,0.080095,-4657.957545,-99.996653
8,508.679993,0.000580,0.086249,-5015.976679,-99.999132
3,121.529999,-0.000093,0.096446,-5608.791493,-99.995409
2,128.800003,-0.000740,0.106005,-6164.785777,-99.998013
7,105.519997,-0.001653,0.110101,-6402.955925,-99.998564
1,345.109985,-0.000687,0.114030,-6631.338797,-99.995113
6,158.000000,-0.002086,0.149862,-8715.839777,-100.004745
0,192.750000,0.000018,0.183949,-10697.708870,-99.997664
