Stock_Index,Gourujia,Predictions,Shares,True_Portfolio_Value,True_Earnings_Rate
7,60.880001,-0.001653,0.069648,-5214.165197,-100.036834
5,20.250000,-0.000453,0.069934,-5238.904835,-100.100638
6,155.649994,-0.002086,0.086496,-6473.269854,-100.002191
4,352.089996,-0.001086,0.089155,-6672.465363,-100.003621
2,183.867996,-0.000740,0.092310,-6908.304923,-99.999361
8,418.540009,0.000580,0.136304,-10200.998117,-100.002179
0,145.639999,0.000018,0.144053,-10778.939931,-99.983648
1,280.980011,-0.000687,0.154929,-11594.374727,-99.998067
3,127.341499,-0.000093,0.157171,-11761.752334,-99.994497
