Stock_Index,Gourujia,Predictions,Shares,True_Portfolio_Value,True_Earnings_Rate
5,12.871750,-0.000453,0.059701,-2934.368230,-99.717596
4,288.000000,-0.001086,0.088071,-4340.878225,-99.992215
7,56.689999,-0.001653,0.093703,-4619.955084,-100.026965
0,119.900002,0.000018,0.098062,-4832.943285,-99.984494
3,102.323502,-0.000093,0.107757,-5311.147566,-99.992365
2,152.764496,-0.000740,0.119845,-5906.914956,-99.991741
1,231.850006,-0.000687,0.123455,-6084.886901,-99.992769
6,154.479996,-0.002086,0.140841,-6942.903415,-100.009498
8,373.559998,0.000580,0.168565,-8309.040019,-100.001070
