Stock_Index,Gourujia,Predictions,Shares,True_Portfolio_Value,True_Earnings_Rate
4,322.709991,-0.001086,0.073018,-4394.282836,-100.008173
3,131.550003,-0.000093,0.080928,-4870.811270,-100.018542
8,504.739990,0.000580,0.084877,-5107.566655,-99.999976
5,46.507000,-0.000453,0.085290,-5137.807345,-100.106045
1,336.339996,-0.000687,0.092729,-5580.483932,-100.007919
2,131.690002,-0.000740,0.098247,-5913.273971,-100.020336
7,106.620003,-0.001653,0.100838,-6068.618380,-100.011773
6,157.179993,-0.002086,0.164103,-9875.621015,-100.007246
0,195.610001,0.000018,0.219970,-13237.950338,-100.007981
