Stock_Index,Gourujia,Predictions,Shares,True_Portfolio_Value,True_Earnings_Rate
8,299.510010,0.000580,0.070280,-4535.584762,-99.994922
5,164.100006,-0.000453,0.090834,-5862.137434,-99.996963
3,177.619995,-0.000093,0.095872,-6186.972195,-99.991912
7,114.930000,-0.001653,0.099223,-6403.449447,-99.996223
4,727.239990,-0.001086,0.102548,-6618.482246,-100.001852
2,222.259995,-0.000740,0.105835,-6830.112448,-99.994447
6,288.190002,-0.002086,0.121414,-7836.008369,-100.001605
0,212.410004,0.000018,0.127570,-8233.512030,-100.002779
1,501.480011,-0.000687,0.186423,-12031.492921,-99.999270
