Stock_Index,Gourujia,Predictions,Shares,True_Portfolio_Value,True_Earnings_Rate
5,13.556750,-0.000453,0.083502,-3612.477455,-100.014297
7,45.630001,-0.001653,0.093666,-4048.224022,-99.915673
4,267.079987,-0.001086,0.097636,-4223.500162,-100.000603
0,134.990005,0.000018,0.100088,-4329.820714,-100.005785
3,95.956001,-0.000093,0.103175,-4459.820177,-99.926742
2,169.000000,-0.000740,0.123662,-5349.921957,-100.011931
6,133.610001,-0.002086,0.124254,-5374.415519,-99.991478
1,239.509995,-0.000687,0.128001,-5536.663432,-99.993960
8,338.720001,0.000580,0.146017,-6316.408203,-100.000724
