Stock_Index,Gourujia,Predictions,Shares,True_Portfolio_Value,True_Earnings_Rate
4,170.250000,-0.001086,0.069820,-2683.787088,-100.005964
2,139.410004,-0.000740,0.079711,-3064.035181,-100.008176
5,17.792999,-0.000453,0.082175,-3165.627812,-100.227874
3,117.300003,-0.000093,0.095434,-3668.334904,-100.004883
1,280.320007,-0.000687,0.114391,-4396.681679,-99.997489
7,88.949997,-0.001653,0.114527,-4401.020084,-99.979461
6,114.349998,-0.002086,0.142865,-5490.683692,-99.992158
8,536.599976,0.000580,0.144314,-5546.915328,-99.999771
0,164.869995,0.000018,0.156763,-6025.405815,-99.999816
