Stock_Index,Gourujia,Predictions,Shares,True_Portfolio_Value,True_Earnings_Rate
5,13.291250,-0.000453,0.053083,-2576.162020,-99.971750
0,125.570000,0.000018,0.085053,-4129.226762,-100.005154
4,279.279999,-0.001086,0.087981,-4270.890091,-99.993986
7,59.110001,-0.001653,0.091035,-4418.973565,-99.992575
3,104.194504,-0.000093,0.101278,-4916.719079,-100.000769
2,154.593002,-0.000740,0.115727,-5617.621439,-99.990886
1,237.710007,-0.000687,0.124489,-6043.564664,-100.001187
6,153.509995,-0.002086,0.149052,-7235.385894,-99.993329
8,354.600006,0.000580,0.192302,-9335.771721,-100.001931
