Stock_Index,Gourujia,Predictions,Shares,True_Portfolio_Value,True_Earnings_Rate
5,6.136000,-0.000453,0.078749,-2037.013671,-98.993248
8,273.440002,0.000580,0.093118,-2433.173551,-99.991330
6,93.440002,-0.002086,0.095599,-2496.143877,-99.919921
7,41.860001,-0.001653,0.096848,-2528.552708,-99.913141
0,66.542503,0.000018,0.100417,-2621.357683,-99.895486
1,150.619995,-0.000687,0.109473,-2859.485251,-99.956083
3,60.789501,-0.000093,0.135045,-3526.229266,-99.921557
4,169.500000,-0.001086,0.139386,-3641.367237,-99.970503
2,90.030502,-0.000740,0.151365,-3953.287016,-99.945114
