Stock_Index,Gourujia,Predictions,Shares,True_Portfolio_Value,True_Earnings_Rate
8,271.809998,0.000580,0.053538,-2932.922905,-100.000433
4,780.080017,-0.001086,0.062969,-3449.496445,-99.999664
2,224.559998,-0.000740,0.077197,-4228.416827,-99.987447
0,233.330002,0.000018,0.100763,-5519.982798,-100.001011
5,181.589996,-0.000453,0.117678,-6446.474596,-99.998697
1,520.580017,-0.000687,0.136181,-7460.121446,-99.999300
3,201.960007,-0.000093,0.136708,-7488.882715,-99.997603
7,107.599998,-0.001653,0.145865,-7990.715681,-100.001902
6,290.529999,-0.002086,0.169101,-9263.102467,-99.995726
