Stock_Index,Gourujia,Predictions,Shares,True_Portfolio_Value,True_Earnings_Rate
5,3.704250,-0.000453,0.039864,-2198.936899,-100.315210
4,167.330002,-0.001086,0.063837,-3510.814510,-100.005526
2,79.411003,-0.000740,0.074657,-4105.562590,-99.997798
0,42.602501,0.000018,0.087780,-4828.050678,-100.013538
3,55.118999,-0.000093,0.105110,-5780.469754,-100.000428
1,105.669998,-0.000687,0.107528,-5913.568894,-100.003769
8,261.899994,0.000580,0.141365,-7774.815592,-100.007003
7,73.980003,-0.001653,0.155571,-8555.126212,-99.997809
6,101.360001,-0.002086,0.224288,-12334.834393,-100.004683
