Stock_Index,Gourujia,Predictions,Shares,True_Portfolio_Value,True_Earnings_Rate
7,115.050003,-0.001653,0.082808,-4140.961508,-100.003862
4,216.100006,-0.001086,0.083503,-4175.700226,-100.002900
6,127.470001,-0.002086,0.093470,-4673.790982,-99.997419
3,108.419998,-0.000093,0.098788,-4940.766240,-100.017000
5,27.037001,-0.000453,0.100348,-5014.186474,-99.926588
2,102.059998,-0.000740,0.106759,-5338.443802,-99.998945
1,291.600006,-0.000687,0.119410,-5971.292267,-100.002609
8,512.809998,0.000580,0.130825,-6541.912648,-99.999101
0,164.660004,0.000018,0.184087,-9206.242035,-100.009778
