Stock_Index,Gourujia,Predictions,Shares,True_Portfolio_Value,True_Earnings_Rate
5,134.800003,-0.000453,0.061873,-4430.487902,-99.982219
0,227.550003,0.000018,0.084734,-6068.145726,-99.992817
7,123.610001,-0.001653,0.098810,-7076.442665,-99.996930
6,222.289993,-0.002086,0.100815,-7220.409593,-100.001642
2,188.820007,-0.000740,0.102133,-7314.957307,-100.003602
4,589.950012,-0.001086,0.111055,-7953.713120,-99.999865
3,163.240005,-0.000093,0.142474,-10203.259536,-99.993579
1,416.320007,-0.000687,0.142620,-10214.211146,-99.998378
8,598.049988,0.000580,0.155486,-11135.605274,-99.997958
