Stock_Index,Gourujia,Predictions,Shares,True_Portfolio_Value,True_Earnings_Rate
4,169.770004,-0.001086,0.078134,-2631.389300,-99.991663
5,15.130000,-0.000453,0.078278,-2628.214587,-99.689395
2,114.330002,-0.000740,0.086161,-2901.511732,-99.984832
7,83.279999,-0.001653,0.089725,-3020.807289,-99.962247
3,114.571999,-0.000093,0.111289,-3747.110701,-99.968496
0,142.919998,0.000018,0.122618,-4129.198949,-99.983406
1,266.209991,-0.000687,0.125399,-4223.415468,-99.996922
8,515.289978,0.000580,0.143041,-4817.778005,-100.000343
6,111.889999,-0.002086,0.165354,-5567.925305,-99.977676
