Stock_Index,Gourujia,Predictions,Shares,True_Portfolio_Value,True_Earnings_Rate
5,4.139000,-0.000453,0.057637,-4532.329338,-99.387616
8,253.270004,0.000580,0.060155,-4760.209625,-100.002926
4,170.169998,-0.001086,0.094401,-7470.940473,-100.014650
2,84.310997,-0.000740,0.102320,-8094.988128,-99.981754
3,59.626499,-0.000093,0.123564,-9777.852737,-100.003139
0,45.932499,0.000018,0.128806,-10189.502145,-99.971862
6,105.339996,-0.002086,0.139692,-11052.342209,-99.989158
1,114.589996,-0.000687,0.144395,-11424.686968,-99.990005
7,80.440002,-0.001653,0.149031,-11793.029794,-100.004490
