Stock_Index,Gourujia,Predictions,Shares,True_Portfolio_Value,True_Earnings_Rate
5,5.726000,-0.000453,0.069410,-2838.718705,-100.025180
2,77.845497,-0.000740,0.086376,-3532.831334,-100.024507
1,96.110001,-0.000687,0.090882,-3716.667743,-100.012087
4,168.100006,-0.001086,0.100966,-4128.817110,-100.006476
3,54.472500,-0.000093,0.112491,-4600.792070,-100.020554
6,111.720001,-0.002086,0.116806,-4776.320434,-100.002005
8,235.759995,0.000580,0.121142,-4953.684797,-100.001261
0,43.200001,0.000018,0.131071,-5364.807364,-100.096841
7,79.419998,-0.001653,0.170856,-6986.797673,-100.006676
