Stock_Index,Gourujia,Predictions,Shares,True_Portfolio_Value,True_Earnings_Rate
5,12.466000,-0.000453,0.071616,-2779.242763,-99.914868
2,119.320000,-0.000740,0.089642,-3481.756452,-99.996495
6,122.230003,-0.002086,0.091878,-3568.643807,-99.998997
4,130.009995,-0.001086,0.095776,-3720.188338,-100.001718
1,242.119995,-0.000687,0.107346,-4169.177506,-99.991340
0,147.270004,0.000018,0.109019,-4234.130250,-99.990022
7,105.860001,-0.001653,0.109562,-4255.287853,-99.993420
3,101.129997,-0.000093,0.134849,-5237.123884,-99.986501
8,533.729980,0.000580,0.190312,-7391.964259,-99.997257
