Stock_Index,Gourujia,Predictions,Shares,True_Portfolio_Value,True_Earnings_Rate
5,21.514000,-0.000453,0.052258,-2165.095693,-99.686721
4,190.289993,-0.001086,0.082656,-3434.567301,-99.977802
2,136.014496,-0.000740,0.102825,-4272.878575,-99.982562
1,275.850006,-0.000687,0.110653,-4598.213279,-99.983746
6,128.300003,-0.002086,0.118468,-4922.217099,-99.969384
3,127.104500,-0.000093,0.121175,-5034.389643,-99.961848
8,473.459991,0.000580,0.132424,-5503.550868,-99.994666
7,87.779999,-0.001653,0.133574,-5555.231879,-100.066674
0,157.440002,0.000018,0.145966,-6065.325078,-99.978151
