Stock_Index,Gourujia,Predictions,Shares,True_Portfolio_Value,True_Earnings_Rate
7,45.369999,-0.001653,0.066980,-2708.044760,-100.039706
6,91.330002,-0.002086,0.091324,-3691.387764,-100.013996
2,124.897003,-0.000740,0.101065,-4085.328519,-100.016582
4,229.970001,-0.001086,0.101973,-4121.225433,-99.997323
3,70.458000,-0.000093,0.102999,-4162.933790,-100.002429
5,8.970000,-0.000453,0.103609,-4197.516667,-100.244709
8,287.989990,0.000580,0.127756,-5163.500580,-100.001305
1,185.660004,-0.000687,0.141520,-5720.045094,-100.006509
0,79.807503,0.000018,0.162775,-6579.387582,-100.009377
