Stock_Index,Gourujia,Predictions,Shares,True_Portfolio_Value,True_Earnings_Rate
5,6.214750,-0.000453,0.069896,-5563.902005,-99.717687
0,46.974998,0.000018,0.088737,-7084.496424,-100.004537
6,105.930000,-0.002086,0.091147,-7274.883428,-99.978676
3,53.403500,-0.000093,0.095002,-7583.078687,-99.983592
7,78.419998,-0.001653,0.106550,-8501.872695,-99.950875
8,242.169998,0.000580,0.107555,-8586.085747,-99.995304
4,185.740005,-0.001086,0.126483,-10096.935451,-99.994435
1,98.010002,-0.000687,0.143959,-11491.515650,-99.990261
2,80.643501,-0.000740,0.170670,-13623.765311,-99.990793
