Stock_Index,Gourujia,Predictions,Shares,True_Portfolio_Value,True_Earnings_Rate
5,6.697250,-0.000453,0.088810,-4593.431800,-99.743045
4,207.190002,-0.001086,0.092476,-4795.263185,-99.991755
8,290.790009,0.000580,0.096995,-5029.288456,-99.985311
2,107.540001,-0.000740,0.100926,-5233.640299,-99.996031
0,79.902496,0.000018,0.105864,-5488.329830,-99.970626
7,60.529999,-0.001653,0.112454,-5830.396969,-99.979925
1,184.440002,-0.000687,0.118592,-6149.961315,-99.999207
3,75.502998,-0.000093,0.129772,-6729.282579,-99.992505
6,138.000000,-0.002086,0.154111,-7991.878061,-100.000000
