Stock_Index,Gourujia,Predictions,Shares,True_Portfolio_Value,True_Earnings_Rate
5,12.194000,-0.000453,0.071679,-2806.274687,-99.819084
2,115.250000,-0.000740,0.089267,-3500.274329,-99.969887
7,103.930000,-0.001653,0.092558,-3629.712779,-99.982296
4,131.529999,-0.001086,0.094463,-3705.430465,-100.008837
6,116.129997,-0.002086,0.096732,-3792.411575,-99.955916
1,236.149994,-0.000687,0.108640,-4260.762868,-99.989428
0,143.389999,0.000018,0.111475,-4371.591956,-99.981380
3,99.970001,-0.000093,0.132646,-5202.196210,-99.988460
8,520.880005,0.000580,0.202540,-7943.884873,-99.995321
