Stock_Index,Gourujia,Predictions,Shares,True_Portfolio_Value,True_Earnings_Rate
4,203.490005,-0.001086,0.036945,-1381.332963,-99.988968
5,23.476999,-0.000453,0.060310,-2252.133721,-99.867285
2,151.141998,-0.000740,0.067433,-2521.420361,-99.996026
3,134.061493,-0.000093,0.101057,-3778.704536,-99.997168
1,294.950012,-0.000687,0.122593,-4583.840456,-99.994030
7,79.169998,-0.001653,0.131274,-4907.576312,-99.978486
6,136.449997,-0.002086,0.137046,-5123.715891,-99.984956
8,476.250000,0.000580,0.163129,-6099.661479,-99.996013
0,163.199997,0.000018,0.180214,-6737.896966,-99.987513
