Stock_Index,Gourujia,Predictions,Shares,True_Portfolio_Value,True_Earnings_Rate
5,90.554001,-0.000453,0.052778,-2472.265155,-100.001733
4,468.239990,-0.001086,0.068151,-3192.272411,-99.998021
3,171.250000,-0.000093,0.080770,-3783.667514,-100.006412
0,182.399994,0.000018,0.103808,-4862.554743,-99.998979
2,188.759995,-0.000740,0.114441,-5360.763422,-100.002137
8,500.959991,0.000580,0.116953,-5478.274799,-99.999105
6,191.750000,-0.002086,0.119368,-5590.809423,-99.989499
1,409.339996,-0.000687,0.134675,-6308.383270,-99.999285
7,116.169998,-0.001653,0.209055,-9792.451783,-100.000148
