Stock_Index,Gourujia,Predictions,Shares,True_Portfolio_Value,True_Earnings_Rate
5,13.614500,-0.000453,0.064552,-2534.121097,-100.304154
0,116.790001,0.000018,0.074508,-2917.004789,-100.028095
2,161.063004,-0.000740,0.089731,-3512.637674,-100.018836
1,212.460007,-0.000687,0.095987,-3757.357020,-100.014099
4,266.630005,-0.001086,0.114938,-4498.978436,-100.009530
3,74.394997,-0.000093,0.121254,-4747.180431,-100.029501
7,33.130001,-0.001653,0.136153,-5329.370822,-100.013697
6,96.970001,-0.002086,0.146567,-5735.823351,-99.990262
8,313.070007,0.000580,0.156308,-6117.849425,-100.001114
