Stock_Index,Gourujia,Predictions,Shares,True_Portfolio_Value,True_Earnings_Rate
2,94.900497,-0.000740,0.081968,-7879.909169,-100.012870
4,209.779999,-0.001086,0.082010,-7883.145899,-100.002529
5,5.997750,-0.000453,0.086552,-8341.353096,-100.269025
7,70.900002,-0.001653,0.111719,-10739.681372,-100.011385
0,75.087502,0.000018,0.112439,-10809.320153,-100.013011
6,141.089996,-0.002086,0.114457,-11003.257380,-100.013951
3,68.433998,-0.000093,0.125354,-12050.234593,-100.007664
8,292.500000,0.000580,0.128813,-12382.242582,-100.003477
1,160.619995,-0.000687,0.156688,-15062.389127,-100.007801
