Stock_Index,Gourujia,Predictions,Shares,True_Portfolio_Value,True_Earnings_Rate
4,171.059998,-0.001086,0.030137,-1998.951406,-99.994828
5,6.103250,-0.000453,0.092132,-6107.962568,-99.951079
3,61.501999,-0.000093,0.094084,-6241.106625,-100.003732
2,88.960999,-0.000740,0.110393,-7322.699288,-100.001125
1,105.370003,-0.000687,0.110605,-7336.234450,-99.993627
6,116.730003,-0.002086,0.115371,-7653.750366,-100.013164
8,253.839996,0.000580,0.146885,-9743.428866,-100.000963
7,81.739998,-0.001653,0.148294,-9836.890529,-100.003447
0,47.477501,0.000018,0.152099,-10088.739443,-99.995790
