Stock_Index,Gourujia,Predictions,Shares,True_Portfolio_Value,True_Earnings_Rate
5,17.457001,-0.000453,0.062077,-4345.202029,-100.032496
7,62.130001,-0.001653,0.078074,-5462.479424,-99.986585
4,333.679993,-0.001086,0.102813,-7194.697005,-100.003097
3,119.921997,-0.000093,0.103685,-7255.266331,-99.996704
1,252.570007,-0.000687,0.107679,-7534.899531,-99.998404
0,126.739998,0.000018,0.109757,-7680.252373,-99.997576
2,163.205505,-0.000740,0.123339,-8630.529902,-99.996810
6,165.000000,-0.002086,0.134992,-9446.896953,-100.007614
8,401.739990,0.000580,0.177583,-12426.750881,-100.000397
