Stock_Index,Gourujia,Predictions,Shares,True_Portfolio_Value,True_Earnings_Rate
5,5.922500,-0.000453,0.065114,-5501.597744,-99.623624
2,84.989998,-0.000740,0.090552,-7679.528072,-99.990362
4,194.320007,-0.001086,0.092817,-7871.789559,-99.992012
7,82.730003,-0.001653,0.104623,-8874.913611,-100.014256
3,56.459499,-0.000093,0.107388,-9106.501292,-99.979850
6,104.199997,-0.002086,0.120298,-10202.356260,-99.991929
1,98.610001,-0.000687,0.123395,-10464.493870,-99.985704
8,245.339996,0.000580,0.145229,-12317.493242,-99.996460
0,46.277500,0.000018,0.150584,-12769.066549,-99.975970
