Stock_Index,Gourujia,Predictions,Shares,True_Portfolio_Value,True_Earnings_Rate
5,4.606750,-0.000453,0.050904,-3192.181237,-100.276227
0,55.772499,0.000018,0.092845,-5808.906639,-100.035225
8,230.100006,0.000580,0.102906,-6435.689593,-99.993421
4,187.470001,-0.001086,0.110536,-6913.369856,-100.000797
1,137.520004,-0.000687,0.118248,-7395.721751,-100.001058
3,61.748501,-0.000093,0.118768,-7427.656533,-99.993378
6,117.910004,-0.002086,0.121649,-7606.966850,-99.983475
2,92.177498,-0.000740,0.137263,-8585.068714,-100.002480
7,71.980003,-0.001653,0.146882,-9185.186611,-99.987320
