Stock_Index,Gourujia,Predictions,Shares,True_Portfolio_Value,True_Earnings_Rate
5,6.162500,-0.000453,0.072662,-2807.363847,-100.176060
3,54.568001,-0.000093,0.104849,-4043.832612,-99.993061
4,179.960007,-0.001086,0.105002,-4050.298460,-100.008087
2,73.087997,-0.000740,0.106241,-4098.264936,-100.012289
1,92.660004,-0.000687,0.110231,-4251.991927,-100.007715
0,43.247501,0.000018,0.114298,-4408.900688,-100.007498
8,226.020004,0.000580,0.123125,-4748.718795,-99.993490
6,115.510002,-0.002086,0.129271,-4986.293886,-100.006243
7,76.209999,-0.001653,0.134322,-5180.500721,-99.994330
