Stock_Index,Gourujia,Predictions,Shares,True_Portfolio_Value,True_Earnings_Rate
5,6.231250,-0.000453,0.064521,-4978.183911,-99.744501
4,204.740005,-0.001086,0.082680,-6396.260724,-100.002871
3,58.363998,-0.000093,0.098725,-7637.305871,-100.000206
2,86.950996,-0.000740,0.099866,-7725.298842,-99.997325
6,107.279999,-0.002086,0.113557,-8785.084396,-100.005752
7,82.900002,-0.001653,0.124409,-9623.004701,-99.988992
1,101.849998,-0.000687,0.128402,-9932.773223,-99.997401
0,47.645000,0.000018,0.131157,-10146.521562,-100.002534
8,253.669998,0.000580,0.156684,-12120.679251,-99.997105
