Stock_Index,Gourujia,Predictions,Shares,True_Portfolio_Value,True_Earnings_Rate
5,5.805250,-0.000453,0.072422,-2736.552147,-99.681751
3,53.570499,-0.000093,0.101865,-3860.855773,-99.977951
4,175.940002,-0.001086,0.107809,-4086.922969,-99.997808
2,74.672501,-0.000740,0.111449,-4224.739917,-99.993916
1,92.849998,-0.000687,0.112257,-4255.545164,-99.997683
0,43.750000,0.000018,0.116721,-4424.206431,-99.984250
6,113.430000,-0.002086,0.124336,-4713.545368,-100.000855
7,75.199997,-0.001653,0.125669,-4763.709059,-99.993825
8,224.449997,0.000580,0.127472,-4832.391066,-99.998534
