Stock_Index,Gourujia,Predictions,Shares,True_Portfolio_Value,True_Earnings_Rate
4,176.610001,-0.001086,0.074474,-3944.591289,-99.995656
5,5.976500,-0.000453,0.082058,-4317.502619,-99.339875
0,45.957500,0.000018,0.094579,-5008.923049,-99.984314
2,79.047501,-0.000740,0.094947,-5028.396956,-99.984737
3,52.549999,-0.000093,0.104321,-5524.879497,-99.984744
1,95.160004,-0.000687,0.126613,-6705.673158,-99.988359
8,235.899994,0.000580,0.136302,-7220.042008,-100.003827
7,76.900002,-0.001653,0.137565,-7285.463038,-99.985873
6,108.430000,-0.002086,0.149141,-7899.012904,-99.992039
