Stock_Index,Gourujia,Predictions,Shares,True_Portfolio_Value,True_Earnings_Rate
5,110.570000,-0.000453,0.050404,-2545.965547,-99.982824
8,487.720001,0.000580,0.083236,-4204.997390,-99.997593
4,627.929993,-0.001086,0.103925,-5250.291924,-100.000577
2,200.699997,-0.000740,0.104128,-5260.685520,-100.003613
6,246.539993,-0.002086,0.110023,-5558.674503,-100.007070
7,107.620003,-0.001653,0.120672,-6095.513273,-99.987990
3,172.350006,-0.000093,0.131408,-6638.390347,-99.994939
0,235.330002,0.000018,0.143939,-7271.274227,-99.993300
1,396.890015,-0.000687,0.152265,-7692.595024,-100.002283
