Stock_Index,Gourujia,Predictions,Shares,True_Portfolio_Value,True_Earnings_Rate
5,27.247000,-0.000453,0.051518,-2677.079675,-99.979449
0,172.169998,0.000018,0.102072,-5305.203275,-99.999933
4,331.790009,-0.001086,0.102778,-5342.060532,-100.003398
1,314.040009,-0.000687,0.102911,-5348.773493,-99.999767
7,68.879997,-0.001653,0.115455,-6001.145476,-100.008667
8,458.600006,0.000580,0.125456,-6520.399985,-99.996978
6,167.160004,-0.002086,0.129692,-6740.612852,-99.999428
3,137.016998,-0.000093,0.132061,-6863.241854,-99.991250
2,162.554001,-0.000740,0.138057,-7175.752164,-100.004055
