Stock_Index,Gourujia,Predictions,Shares,True_Portfolio_Value,True_Earnings_Rate
4,280.829987,-0.001086,0.090326,-3680.058354,-100.023209
0,115.320000,0.000018,0.094222,-3839.815918,-100.049990
5,13.024000,-0.000453,0.095789,-3913.073255,-100.294447
7,32.970001,-0.001653,0.098905,-4029.747260,-100.032370
2,160.550507,-0.000740,0.105278,-4289.724211,-100.034877
3,77.844002,-0.000093,0.107114,-4360.948463,-99.952035
1,204.720001,-0.000687,0.120502,-4908.602014,-100.005398
8,303.679993,0.000580,0.140898,-5739.061217,-99.998421
6,97.169998,-0.002086,0.146968,-5985.701618,-99.990827
