Stock_Index,Gourujia,Predictions,Shares,True_Portfolio_Value,True_Earnings_Rate
4,177.970001,-0.001086,0.074899,-3944.394511,-99.997009
5,6.217000,-0.000453,0.078372,-4122.535068,-99.889131
0,46.290001,0.000018,0.095266,-5016.627835,-99.989641
2,80.007004,-0.000740,0.095472,-5028.263937,-100.006068
3,52.973000,-0.000093,0.105159,-5538.219241,-100.001551
1,96.220001,-0.000687,0.126469,-6660.701108,-100.004438
8,233.779999,0.000580,0.135813,-7152.780475,-100.003214
7,77.739998,-0.001653,0.136781,-7202.959567,-99.994222
6,109.370003,-0.002086,0.151770,-7991.691724,-99.986556
