Stock_Index,Gourujia,Predictions,Shares,True_Portfolio_Value,True_Earnings_Rate
5,5.921000,-0.000453,0.068172,-5519.066397,-99.585122
4,192.729996,-0.001086,0.086365,-7020.458820,-99.984825
2,84.697998,-0.000740,0.098943,-8043.805303,-99.995985
3,55.813999,-0.000093,0.104237,-8471.224354,-99.960301
7,82.239998,-0.001653,0.108331,-8807.169323,-99.998965
6,103.610001,-0.002086,0.118121,-9603.070420,-99.998976
1,99.050003,-0.000687,0.123002,-9999.387148,-99.992789
0,45.980000,0.000018,0.144213,-11722.611604,-99.982569
8,246.979996,0.000580,0.148615,-12081.896214,-99.994270
