Stock_Index,Gourujia,Predictions,Shares,True_Portfolio_Value,True_Earnings_Rate
3,60.589001,-0.000093,0.061663,-4512.572679,-100.021192
5,4.123000,-0.000453,0.071037,-5225.757272,-100.554858
8,249.250000,0.000580,0.080857,-5915.911615,-99.998714
4,192.729996,-0.001086,0.111101,-8129.579310,-100.010085
0,52.107498,0.000018,0.112890,-8263.063656,-100.041040
6,112.940002,-0.002086,0.132382,-9685.650274,-100.000078
2,92.765999,-0.000740,0.133220,-9748.906305,-100.018802
1,138.059998,-0.000687,0.139222,-10186.866194,-100.006112
7,72.459999,-0.001653,0.157626,-11534.098081,-100.013589
