Stock_Index,Gourujia,Predictions,Shares,True_Portfolio_Value,True_Earnings_Rate
5,4.051000,-0.000453,0.078323,-4402.388459,-100.377632
0,47.165001,0.000018,0.083510,-4675.658682,-99.974752
3,56.243000,-0.000093,0.085136,-4764.497613,-99.928829
4,180.729996,-0.001086,0.097578,-5463.707937,-99.983294
8,236.429993,0.000580,0.099149,-5552.715323,-100.000627
2,92.005997,-0.000740,0.117370,-6571.871767,-99.981825
1,124.730003,-0.000687,0.119193,-6674.609050,-99.991751
6,110.320000,-0.002086,0.154359,-8644.739093,-100.003458
7,75.809998,-0.001653,0.165381,-9260.772648,-99.990292
