Stock_Index,Gourujia,Predictions,Shares,True_Portfolio_Value,True_Earnings_Rate
5,22.691999,-0.000453,0.074512,-4357.098124,-99.993402
4,341.880005,-0.001086,0.090565,-5297.010747,-100.015162
8,442.279999,0.000580,0.106562,-6231.530811,-99.996510
3,141.886002,-0.000093,0.111178,-6503.125651,-100.021790
7,62.689999,-0.001653,0.113151,-6616.141342,-99.989096
1,310.760010,-0.000687,0.114248,-6681.331093,-100.001661
2,171.750504,-0.000740,0.123174,-7204.421077,-100.017108
6,169.500000,-0.002086,0.124559,-7283.529748,-99.992117
0,149.479996,0.000018,0.142051,-8307.422535,-100.003545
