Stock_Index,Gourujia,Predictions,Shares,True_Portfolio_Value,True_Earnings_Rate
6,241.160004,-0.002086,0.063187,-3569.495744,-99.998781
5,146.270004,-0.000453,0.080235,-4532.496273,-99.997714
2,214.100006,-0.000740,0.086848,-4906.504732,-100.005751
4,580.000000,-0.001086,0.102109,-5768.364961,-100.000846
1,425.200012,-0.000687,0.102232,-5775.195862,-99.999067
3,178.880005,-0.000093,0.111985,-6326.928289,-100.010409
8,605.869995,0.000580,0.113472,-6410.502891,-100.003502
0,225.119995,0.000018,0.166076,-9381.367518,-99.993925
7,121.470001,-0.001653,0.173856,-9821.934188,-100.006191
