Stock_Index,Gourujia,Predictions,Shares,True_Portfolio_Value,True_Earnings_Rate
5,3.532000,-0.000453,0.069822,-3806.230406,-99.503380
4,168.169998,-0.001086,0.077524,-4247.654382,-99.999435
0,45.634998,0.000018,0.088597,-4852.872848,-99.968062
3,52.231998,-0.000093,0.091917,-5036.026357,-99.994290
2,86.925003,-0.000740,0.101513,-5561.524088,-99.989553
1,125.830002,-0.000687,0.113712,-6229.732493,-99.987530
8,242.770004,0.000580,0.146859,-8046.892621,-100.001615
6,110.129997,-0.002086,0.147321,-8071.768421,-99.998023
7,72.980003,-0.001653,0.162735,-8914.237563,-99.975253
