Stock_Index,Gourujia,Predictions,Shares,True_Portfolio_Value,True_Earnings_Rate
7,41.240002,-0.001653,0.050950,-3455.511838,-99.969036
6,121.669998,-0.002086,0.083593,-5669.951437,-99.977348
0,131.880005,0.000018,0.090884,-6166.335861,-100.005308
4,267.089996,-0.001086,0.096274,-6531.588339,-99.998573
5,13.278250,-0.000453,0.112157,-7620.727727,-100.154137
3,86.011002,-0.000093,0.125814,-8535.374122,-99.994599
2,160.326004,-0.000740,0.132460,-8987.069981,-100.004147
1,223.940002,-0.000687,0.145829,-9894.261927,-100.005861
8,335.010010,0.000580,0.162038,-10993.227713,-99.997710
