Stock_Index,Gourujia,Predictions,Shares,True_Portfolio_Value,True_Earnings_Rate
4,246.850006,-0.001086,0.060786,-3195.016336,-100.001991
2,118.150002,-0.000740,0.082185,-4320.290466,-100.013722
5,31.677999,-0.000453,0.083140,-4371.671911,-100.041528
1,318.519989,-0.000687,0.097914,-5146.463969,-100.000177
7,105.769997,-0.001653,0.104848,-5510.604011,-99.995630
3,122.830002,-0.000093,0.106619,-5604.022274,-100.000464
6,139.500000,-0.002086,0.129030,-6781.963346,-100.001646
0,175.050003,0.000018,0.137190,-7210.841323,-99.999641
8,479.230011,0.000580,0.198289,-10422.330754,-100.000179
