Stock_Index,Gourujia,Predictions,Shares,True_Portfolio_Value,True_Earnings_Rate
5,5.349500,-0.000453,0.052913,-5039.293193,-99.708752
8,279.519989,0.000580,0.077060,-7360.995416,-99.998748
0,67.120003,0.000018,0.094381,-9014.482662,-99.987346
7,69.059998,-0.001653,0.106564,-10179.355752,-100.002098
2,86.960503,-0.000740,0.118687,-11336.593569,-99.993729
4,200.869995,-0.001086,0.120563,-11516.213593,-99.996567
3,67.144501,-0.000093,0.121856,-11639.950852,-99.998492
6,134.500000,-0.002086,0.137863,-13169.259494,-100.001771
1,151.130005,-0.000687,0.170113,-16249.367746,-99.997509
