Stock_Index,Gourujia,Predictions,Shares,True_Portfolio_Value,True_Earnings_Rate
5,5.970500,-0.000453,0.057693,-5616.723584,-100.014033
4,206.179993,-0.001086,0.089354,-8698.695133,-100.002500
0,71.000000,0.000018,0.091637,-8920.657559,-99.998662
6,137.199997,-0.002086,0.108220,-10534.748149,-99.997984
8,295.089996,0.000580,0.109964,-10704.924951,-100.000632
7,70.290001,-0.001653,0.111980,-10901.506962,-100.005475
2,89.650002,-0.000740,0.123230,-11996.520561,-100.002360
3,67.531502,-0.000093,0.152640,-14860.268728,-100.006813
1,157.410004,-0.000687,0.155281,-15116.354073,-100.000121
