Stock_Index,Gourujia,Predictions,Shares,True_Portfolio_Value,True_Earnings_Rate
5,4.532750,-0.000453,0.073189,-5439.196008,-99.919838
4,179.380005,-0.001086,0.098826,-7350.775902,-99.996685
0,55.205002,0.000018,0.099486,-7396.435683,-99.949921
8,215.360001,0.000580,0.115331,-8578.006279,-99.990524
6,112.190002,-0.002086,0.115917,-8620.552008,-99.980900
7,67.980003,-0.001653,0.118289,-8796.725902,-99.978732
1,136.279999,-0.000687,0.122188,-9087.881643,-99.990159
3,59.471500,-0.000093,0.126649,-9417.751876,-99.969836
2,86.221001,-0.000740,0.130124,-9678.052365,-99.989802
