Stock_Index,Gourujia,Predictions,Shares,True_Portfolio_Value,True_Earnings_Rate
8,292.459991,0.000580,0.090945,-4805.352888,-100.003809
4,210.850006,-0.001086,0.091417,-4829.904860,-99.996683
5,6.356250,-0.000453,0.094156,-4982.690667,-100.165463
0,81.302498,0.000018,0.101253,-5350.878640,-100.019749
2,102.511497,-0.000740,0.101257,-5349.251490,-99.986275
7,61.880001,-0.001653,0.111771,-5906.020279,-100.010743
3,73.798500,-0.000093,0.130441,-6891.795318,-99.997120
1,183.630005,-0.000687,0.131210,-6932.547976,-99.999230
6,137.610001,-0.002086,0.147549,-7795.976468,-100.002327
