Stock_Index,Gourujia,Predictions,Shares,True_Portfolio_Value,True_Earnings_Rate
0,109.665001,0.000018,0.082707,-3627.826969,-99.996701
2,156.941498,-0.000740,0.085241,-3738.615093,-99.986701
7,43.470001,-0.001653,0.091659,-4019.682352,-99.979978
5,11.227750,-0.000453,0.100004,-4384.486289,-99.953320
1,213.289993,-0.000687,0.100789,-4421.150649,-100.000770
4,249.830002,-0.001086,0.104116,-4567.113520,-100.001139
6,95.550003,-0.002086,0.123775,-5428.314834,-99.981974
3,73.665001,-0.000093,0.146282,-6416.358307,-99.994676
8,304.500000,0.000580,0.165427,-7255.880257,-99.991515
