Stock_Index,Gourujia,Predictions,Shares,True_Portfolio_Value,True_Earnings_Rate
5,117.519997,-0.000453,0.052224,-2276.978810,-99.992718
4,584.059998,-0.001086,0.092512,-4033.851698,-99.999432
8,503.200012,0.000580,0.100938,-4401.124853,-99.996827
6,239.110001,-0.002086,0.112164,-4890.749033,-100.000175
3,163.889999,-0.000093,0.118056,-5147.870929,-100.004072
2,195.539993,-0.000740,0.119388,-5205.810144,-100.001545
0,215.240005,0.000018,0.124751,-5439.756971,-100.002467
7,115.410004,-0.001653,0.137520,-5996.066332,-99.996329
1,387.820007,-0.000687,0.142447,-6211.259223,-100.000652
