Stock_Index,Gourujia,Predictions,Shares,True_Portfolio_Value,True_Earnings_Rate
4,168.190002,-0.001086,0.077513,-2614.809843,-99.994441
5,14.964000,-0.000453,0.078547,-2647.799490,-99.926275
2,113.500000,-0.000740,0.085197,-2873.992791,-99.993580
7,84.809998,-0.001653,0.089727,-3027.604429,-100.021466
3,113.263000,-0.000093,0.110019,-3711.200339,-99.989855
0,141.559998,0.000018,0.122832,-4143.552238,-99.993246
1,262.850006,-0.000687,0.126211,-4257.619679,-99.995168
8,505.239990,0.000580,0.145076,-4894.082628,-99.996102
6,112.620003,-0.002086,0.164878,-5562.502433,-100.005774
