Stock_Index,Gourujia,Predictions,Shares,True_Portfolio_Value,True_Earnings_Rate
5,6.818000,-0.000453,0.057016,-5174.065251,-100.046324
4,162.529999,-0.001086,0.085253,-7733.191256,-99.998072
2,97.915497,-0.000740,0.087498,-7937.211896,-100.003259
3,59.199501,-0.000093,0.102930,-9337.785751,-100.009156
1,108.739998,-0.000687,0.103369,-9377.059608,-100.004493
7,80.459999,-0.001653,0.116603,-10574.788900,-99.979016
0,55.775002,0.000018,0.123513,-11205.627141,-100.014524
6,114.099998,-0.002086,0.146234,-13264.626505,-99.998312
8,269.649994,0.000580,0.177584,-16109.163713,-100.001889
