Stock_Index,Gourujia,Predictions,Shares,True_Portfolio_Value,True_Earnings_Rate
7,43.799999,-0.001653,0.045137,-3061.665086,-100.083881
6,119.559998,-0.002086,0.086075,-5834.221934,-100.008861
4,273.549988,-0.001086,0.097625,-6616.536395,-99.999146
0,122.410004,0.000018,0.105613,-7158.273719,-100.004215
5,13.013250,-0.000453,0.105844,-7161.013011,-99.827456
3,88.739998,-0.000093,0.119132,-8075.399290,-100.014403
8,337.070007,0.000580,0.132960,-9011.537362,-100.000829
1,213.259995,-0.000687,0.153246,-10386.120985,-99.997938
2,155.820999,-0.000740,0.154368,-10461.462089,-99.991703
