Stock_Index,Gourujia,Predictions,Shares,True_Portfolio_Value,True_Earnings_Rate
4,318.609985,-0.001086,0.076288,-4403.848718,-100.002353
5,14.612500,-0.000453,0.077528,-4467.346950,-99.824652
7,58.840000,-0.001653,0.085855,-4955.766347,-99.997691
3,115.347504,-0.000093,0.106469,-6146.265836,-100.004831
0,127.309998,0.000018,0.108871,-6285.353921,-100.011686
2,162.384003,-0.000740,0.114586,-6615.038724,-100.008516
1,246.479996,-0.000687,0.117945,-6808.524456,-100.002162
6,160.830002,-0.002086,0.143656,-8291.872955,-99.992965
8,408.640015,0.000580,0.168801,-9743.935720,-99.998216
