Stock_Index,Gourujia,Predictions,Shares,True_Portfolio_Value,True_Earnings_Rate
5,6.573750,-0.000453,0.078961,-1233.739934,-99.605973
6,102.760002,-0.002086,0.080739,-1267.132161,-100.044270
8,264.130005,0.000580,0.080941,-1269.785783,-100.000890
1,165.139999,-0.000687,0.100323,-1573.799013,-99.998645
0,66.997498,0.000018,0.109513,-1717.483325,-99.970988
7,43.130001,-0.001653,0.110074,-1727.075244,-100.019976
4,175.190002,-0.001086,0.113990,-1788.241862,-100.001305
3,60.328499,-0.000093,0.125338,-1966.133457,-99.994733
2,102.138000,-0.000740,0.200120,-3137.521201,-99.941350
