Stock_Index,Gourujia,Predictions,Shares,True_Portfolio_Value,True_Earnings_Rate
5,25.725000,-0.000453,0.052092,-2579.139605,-99.973646
4,195.610001,-0.001086,0.076296,-3778.367596,-99.994282
6,125.809998,-0.002086,0.086692,-4293.022280,-99.991641
2,98.949997,-0.000740,0.108027,-5350.723060,-100.012745
3,101.620003,-0.000093,0.108351,-5366.335207,-100.003881
1,279.429993,-0.000687,0.117693,-5829.344748,-100.009342
7,99.839996,-0.001653,0.126862,-6281.197351,-99.974153
0,155.000000,0.000018,0.132432,-6558.128716,-99.990087
8,469.500000,0.000580,0.191555,-9486.548480,-99.996642
