Stock_Index,Gourujia,Predictions,Shares,True_Portfolio_Value,True_Earnings_Rate
8,425.329987,0.000580,0.070095,-1592.669468,-99.998980
5,96.910004,-0.000453,0.078393,-1780.847842,-99.979130
0,193.160004,0.000018,0.088980,-2021.431708,-99.982658
4,484.660004,-0.001086,0.093819,-2131.587596,-99.993455
2,167.320007,-0.000740,0.104724,-2379.021564,-99.979427
6,228.990005,-0.002086,0.125407,-2849.091262,-99.987591
3,147.669998,-0.000093,0.136275,-3095.884316,-99.982794
7,105.349998,-0.001653,0.148302,-3368.758903,-99.973785
1,359.119995,-0.000687,0.154006,-3499.074891,-99.994093
