Stock_Index,Gourujia,Predictions,Shares,True_Portfolio_Value,True_Earnings_Rate
4,468.839996,-0.001086,0.057610,-3330.249686,-100.001924
5,94.779999,-0.000453,0.062726,-3625.683835,-99.993276
3,176.919998,-0.000093,0.068164,-3940.159471,-99.997037
2,183.539993,-0.000740,0.104499,-6040.680456,-100.001159
0,191.039993,0.000018,0.108122,-6249.871442,-99.996423
1,425.339996,-0.000687,0.121197,-7005.767884,-99.997964
6,195.580002,-0.002086,0.130625,-7550.049217,-99.989802
7,118.669998,-0.001653,0.155239,-8974.117352,-100.005843
8,517.229980,0.000580,0.191817,-11087.897379,-99.997652
