Stock_Index,Gourujia,Predictions,Shares,True_Portfolio_Value,True_Earnings_Rate
5,120.998001,-0.000453,0.044161,-3198.837733,-100.000752
4,493.760010,-0.001086,0.092779,-6720.485131,-100.000328
6,196.910004,-0.002086,0.093895,-6800.759532,-99.992220
8,501.920013,0.000580,0.098112,-7107.115234,-100.004508
7,113.970001,-0.001653,0.101481,-7351.407784,-100.009443
1,424.519989,-0.000687,0.126127,-9136.106945,-100.000372
2,185.000000,-0.000740,0.140915,-10207.442279,-100.002049
0,194.479996,0.000018,0.151151,-10948.052096,-99.993667
3,176.729996,-0.000093,0.151380,-10966.105664,-100.007315
