Stock_Index,Gourujia,Predictions,Shares,True_Portfolio_Value,True_Earnings_Rate
5,5.984250,-0.000453,0.058050,-5649.163050,-100.038440
4,206.300003,-0.001086,0.089411,-8698.359165,-100.000282
0,69.860001,0.000018,0.094442,-9185.690228,-99.976830
6,137.240005,-0.002086,0.108035,-10510.134176,-100.000212
8,292.589996,0.000580,0.110923,-10790.953951,-99.997092
7,69.940002,-0.001653,0.111996,-10894.565341,-99.992863
2,89.324997,-0.000740,0.122420,-11909.135998,-99.995934
3,67.560997,-0.000093,0.149037,-14499.236167,-100.000646
1,157.410004,-0.000687,0.155685,-15145.820614,-100.000000
