Stock_Index,Gourujia,Predictions,Shares,True_Portfolio_Value,True_Earnings_Rate
5,13.130000,-0.000453,0.077672,-2999.727058,-100.637317
4,139.070007,-0.001086,0.083726,-3214.121598,-100.029662
7,102.059998,-0.001653,0.094199,-3615.413541,-100.009939
2,120.300003,-0.000740,0.094341,-3621.998490,-100.040640
0,145.429993,0.000018,0.100948,-3875.103501,-100.025724
3,101.419998,-0.000093,0.119848,-4600.693403,-100.027005
6,108.139999,-0.002086,0.123410,-4736.948706,-100.018658
1,246.789993,-0.000687,0.124940,-4795.873841,-100.021148
8,519.130005,0.000580,0.180915,-6943.395500,-100.005373
