Stock_Index,Gourujia,Predictions,Shares,True_Portfolio_Value,True_Earnings_Rate
5,108.760002,-0.000453,0.054300,-2538.196910,-99.942807
8,486.040009,0.000580,0.087503,-4092.660898,-100.002098
4,605.710022,-0.001086,0.102777,-4806.782376,-99.996267
6,229.139999,-0.002086,0.114978,-5377.689547,-100.002368
0,220.839996,0.000018,0.115144,-5385.797140,-100.007985
7,109.160004,-0.001653,0.120922,-5655.555447,-100.000252
2,196.589996,-0.000740,0.127587,-5966.965861,-99.994083
3,164.039993,-0.000093,0.127948,-5983.533198,-99.988697
1,380.450012,-0.000687,0.148840,-6961.210482,-99.998059
