Stock_Index,Gourujia,Predictions,Shares,True_Portfolio_Value,True_Earnings_Rate
5,5.979750,-0.000453,0.074815,-7198.642734,-100.162996
2,93.438499,-0.000740,0.086464,-8306.484625,-99.999410
4,207.789993,-0.001086,0.088367,-8489.318679,-99.999283
0,72.477501,0.000018,0.094307,-9060.168242,-100.000524
6,139.039993,-0.002086,0.107944,-10370.026310,-99.999483
7,70.129997,-0.001653,0.115082,-11056.204801,-100.004888
8,295.649994,0.000580,0.125703,-12076.270197,-99.999634
3,68.123497,-0.000093,0.145880,-14015.835078,-100.008460
1,158.669998,-0.000687,0.161438,-15509.090547,-99.998849
