Stock_Index,Gourujia,Predictions,Shares,True_Portfolio_Value,True_Earnings_Rate
0,116.599998,0.000018,0.093815,-4449.090704,-100.040668
7,32.820000,-0.001653,0.094384,-4479.347464,-100.118314
2,164.316498,-0.000740,0.096610,-4580.838434,-100.023321
5,13.396750,-0.000453,0.098760,-4702.258645,-100.441710
4,283.290009,-0.001086,0.098811,-4685.065813,-100.020021
3,79.944000,-0.000093,0.120508,-5716.718038,-100.070880
1,213.250000,-0.000687,0.123450,-5853.543784,-100.023839
8,320.510010,0.000580,0.136729,-6482.473039,-100.012422
6,99.330002,-0.002086,0.136932,-6492.990246,-100.028682
