Stock_Index,Gourujia,Predictions,Shares,True_Portfolio_Value,True_Earnings_Rate
8,506.339996,0.000580,0.057745,-3604.168912,-100.000094
5,139.669998,-0.000453,0.069296,-4325.008009,-99.997186
3,194.630005,-0.000093,0.072758,-4541.055769,-99.996108
4,599.849976,-0.001086,0.086476,-5397.274754,-99.997819
2,225.059998,-0.000740,0.088267,-5508.795604,-99.992192
1,435.250000,-0.000687,0.126193,-7876.219762,-99.997856
6,238.389999,-0.002086,0.142048,-8865.272473,-99.993158
7,106.300003,-0.001653,0.177069,-11051.529291,-99.999115
0,255.270004,0.000018,0.180148,-11243.486487,-99.995529
