Stock_Index,Gourujia,Predictions,Shares,True_Portfolio_Value,True_Earnings_Rate
4,238.559998,-0.001086,0.065268,-3142.215142,-99.996919
2,109.820000,-0.000740,0.093482,-4502.320778,-100.036975
1,304.829987,-0.000687,0.096608,-4651.071701,-99.997395
6,137.050003,-0.002086,0.110329,-5311.392484,-99.993692
8,490.470001,0.000580,0.113594,-5468.936682,-99.999328
3,107.589996,-0.000093,0.114558,-5515.505098,-100.002162
5,27.226000,-0.000453,0.116349,-5597.600651,-99.930113
7,116.830002,-0.001653,0.125508,-6041.834946,-99.989008
0,168.410004,0.000018,0.164303,-7910.026344,-99.995539
