Stock_Index,Gourujia,Predictions,Shares,True_Portfolio_Value,True_Earnings_Rate
5,4.909250,-0.000453,0.067325,-4246.730034,-100.225301
8,238.589996,0.000580,0.073704,-4639.208183,-100.002820
4,188.889999,-0.001086,0.102093,-6425.787631,-99.998153
0,58.830002,0.000018,0.114289,-7194.082962,-100.006876
6,119.959999,-0.002086,0.114717,-7220.520523,-100.001948
7,69.419998,-0.001653,0.127034,-7997.602104,-100.024907
3,62.112000,-0.000093,0.128674,-8098.920646,-99.999015
1,141.570007,-0.000687,0.132143,-8317.827335,-100.005812
2,88.369003,-0.000740,0.140022,-8812.632062,-99.993583
