Stock_Index,Gourujia,Predictions,Shares,True_Portfolio_Value,True_Earnings_Rate
7,54.740002,-0.001653,0.054163,-2943.099355,-100.041175
6,113.449997,-0.002086,0.054332,-2951.767879,-100.022904
5,8.805000,-0.000453,0.072095,-3903.772443,-99.693324
4,231.399994,-0.001086,0.094050,-5107.813692,-99.986632
8,309.480011,0.000580,0.094510,-5133.500592,-100.000282
3,72.402000,-0.000093,0.154231,-8377.051449,-99.996152
1,188.360001,-0.000687,0.157230,-8539.904845,-99.995957
0,83.364998,0.000018,0.159152,-8641.408413,-99.962707
2,126.203003,-0.000740,0.160237,-8701.453307,-99.976250
