Stock_Index,Gourujia,Predictions,Shares,True_Portfolio_Value,True_Earnings_Rate
5,24.638000,-0.000453,0.067598,-2904.493683,-99.901699
4,319.000000,-0.001086,0.098297,-4227.616604,-99.996094
2,151.193497,-0.000740,0.099422,-4276.259074,-100.002546
6,151.149994,-0.002086,0.103661,-4458.673851,-100.005318
0,174.610001,0.000018,0.111678,-4803.131994,-99.995980
1,308.760010,-0.000687,0.118012,-5075.476240,-99.995107
3,137.643997,-0.000093,0.120067,-5161.385586,-99.947298
7,80.830002,-0.001653,0.121466,-5224.370082,-100.003218
8,468.410004,0.000580,0.159799,-6872.680048,-99.994880
