Stock_Index,Gourujia,Predictions,Shares,True_Portfolio_Value,True_Earnings_Rate
5,5.599750,-0.000453,0.053090,-4771.787914,-99.907757
8,285.480011,0.000580,0.083160,-7481.391425,-99.992054
0,68.787498,0.000018,0.099345,-8936.000976,-99.975325
7,69.230003,-0.001653,0.102997,-9265.090165,-99.984023
4,194.110001,-0.001086,0.110959,-9982.097705,-99.989986
6,136.809998,-0.002086,0.114823,-10330.329147,-99.997174
2,88.046997,-0.000740,0.131567,-11836.506865,-99.994678
3,67.343498,-0.000093,0.132798,-11946.173266,-99.984830
1,154.529999,-0.000687,0.171261,-15407.854065,-99.995826
