Stock_Index,Gourujia,Predictions,Shares,True_Portfolio_Value,True_Earnings_Rate
5,129.610001,-0.000453,0.049708,-3204.336039,-99.986604
0,214.240005,0.000018,0.082913,-5345.829759,-100.003828
6,193.660004,-0.002086,0.095881,-6181.571720,-99.999680
8,497.299988,0.000580,0.105170,-6780.585962,-100.000073
4,504.100006,-0.001086,0.107649,-6940.401732,-99.999976
7,110.040001,-0.001653,0.120050,-7740.363417,-100.007713
1,441.579987,-0.000687,0.135770,-8753.352534,-99.999493
2,183.830002,-0.000740,0.147557,-9513.362270,-100.000503
3,175.160004,-0.000093,0.155302,-10012.152791,-99.994712
