Stock_Index,Gourujia,Predictions,Shares,True_Portfolio_Value,True_Earnings_Rate
5,11.967000,-0.000453,0.070510,-2680.424628,-99.941550
2,116.360001,-0.000740,0.089765,-3414.856855,-100.009581
7,100.800003,-0.001653,0.095450,-3629.664503,-99.971001
4,132.800003,-0.001086,0.095718,-3640.857545,-99.997566
6,118.839996,-0.002086,0.097393,-3705.246799,-100.016662
1,238.500000,-0.000687,0.110886,-4218.107278,-100.003566
0,143.750000,0.000018,0.113442,-4315.169468,-99.999468
3,100.769997,-0.000093,0.134152,-5103.532970,-100.011290
8,522.210022,0.000580,0.192683,-7329.472193,-100.000694
