Stock_Index,Gourujia,Predictions,Shares,True_Portfolio_Value,True_Earnings_Rate
4,249.210007,-0.001086,0.055328,-3270.444456,-99.994435
5,30.538000,-0.000453,0.076852,-4510.489083,-99.285848
2,116.750000,-0.000740,0.080624,-4766.545270,-100.012936
3,120.900002,-0.000093,0.091083,-5383.323886,-99.982535
7,107.589996,-0.001653,0.093400,-5522.048516,-100.016824
0,171.839996,0.000018,0.120647,-7131.609740,-99.996118
6,135.339996,-0.002086,0.122977,-7269.346301,-99.998201
1,313.850006,-0.000687,0.150472,-8893.846122,-99.987976
8,480.829987,0.000580,0.208618,-12332.336162,-100.001358
