Stock_Index,Gourujia,Predictions,Shares,True_Portfolio_Value,True_Earnings_Rate
4,278.769989,-0.001086,0.088548,-2778.316771,-100.008252
7,36.930000,-0.001653,0.088810,-2786.332937,-100.005137
6,116.900002,-0.002086,0.090409,-2836.498253,-100.002785
5,13.630750,-0.000453,0.100278,-3161.042696,-100.478547
8,350.000000,0.000580,0.111468,-3497.085656,-99.997004
2,157.186996,-0.000740,0.117336,-3682.087811,-100.022391
0,116.320000,0.000018,0.125503,-3937.615238,-100.002591
3,88.070999,-0.000093,0.130164,-4084.379555,-100.015381
1,218.389999,-0.000687,0.147483,-4627.813775,-100.015741
