Stock_Index,Gourujia,Predictions,Shares,True_Portfolio_Value,True_Earnings_Rate
8,504.510010,0.000580,0.062772,-3734.080196,-99.996692
3,189.429993,-0.000093,0.073504,-4372.328277,-99.993464
5,138.309998,-0.000453,0.075314,-4478.883362,-99.968495
2,220.220001,-0.000740,0.095503,-5680.795104,-99.991887
4,599.239990,-0.001086,0.101896,-6061.518669,-99.998506
1,418.579987,-0.000687,0.137072,-8153.912609,-99.997293
0,243.850006,0.000018,0.141174,-8398.268938,-100.000825
6,240.000000,-0.002086,0.143394,-8529.690427,-99.994344
7,107.309998,-0.001653,0.169370,-10074.867989,-99.995236
