Stock_Index,Gourujia,Predictions,Shares,True_Portfolio_Value,True_Earnings_Rate
5,45.581001,-0.000453,0.056396,-3818.632957,-100.082439
4,311.720001,-0.001086,0.083672,-5661.606907,-100.011963
0,175.740005,0.000018,0.087402,-5913.412492,-100.002369
2,144.720001,-0.000740,0.099666,-6744.419945,-100.020990
7,118.519997,-0.001653,0.118477,-8016.643175,-100.013057
3,138.100006,-0.000093,0.122417,-8282.583835,-100.003680
1,338.700012,-0.000687,0.131332,-8886.065635,-100.007486
8,483.600006,0.000580,0.140878,-9531.169741,-99.998679
6,149.250000,-0.002086,0.159760,-10808.789229,-100.001978
