Stock_Index,Gourujia,Predictions,Shares,True_Portfolio_Value,True_Earnings_Rate
5,4.412500,-0.000453,0.056063,-3659.793939,-99.903902
8,241.710007,0.000580,0.081020,-5294.618270,-99.999111
4,165.869995,-0.001086,0.090262,-5898.625703,-100.001164
2,88.285004,-0.000740,0.099067,-6473.630818,-99.995058
0,47.117500,0.000018,0.104849,-6851.623065,-99.997187
3,58.900501,-0.000093,0.124379,-8128.799761,-100.008293
1,116.769997,-0.000687,0.137471,-8983.543025,-99.998827
6,99.580002,-0.002086,0.139889,-9140.463926,-99.988669
7,80.339996,-0.001653,0.166999,-10912.422648,-99.993818
