Stock_Index,Gourujia,Predictions,Shares,True_Portfolio_Value,True_Earnings_Rate
7,42.220001,-0.001653,0.043603,-2922.834037,-99.954439
6,118.300003,-0.002086,0.085852,-5756.758557,-99.985688
4,274.190002,-0.001086,0.099162,-6650.194088,-99.998196
5,13.308750,-0.000453,0.101384,-6797.165175,-99.970840
0,121.779999,0.000018,0.106165,-7117.129940,-99.959865
3,87.612999,-0.000093,0.122670,-8226.405771,-99.994269
8,336.130005,0.000580,0.135491,-9086.483040,-99.996883
2,157.848495,-0.000740,0.150549,-10096.446630,-99.998367
1,214.199997,-0.000687,0.155124,-10403.442504,-100.000153
