Stock_Index,Gourujia,Predictions,Shares,True_Portfolio_Value,True_Earnings_Rate
8,230.789993,0.000580,0.050325,-4429.516730,-99.988495
4,193.259995,-0.001086,0.074742,-6579.661195,-100.004761
5,4.672750,-0.000453,0.079641,-7082.430346,-101.034470
6,113.610001,-0.002086,0.080510,-7086.472655,-99.993362
7,82.220001,-0.001653,0.116239,-10234.681946,-100.025864
1,129.149994,-0.000687,0.133973,-11792.750542,-99.995576
2,95.112503,-0.000740,0.145764,-12827.747448,-99.973594
0,51.320000,0.000018,0.151316,-13321.178090,-100.009325
3,63.367001,-0.000093,0.167489,-14741.782185,-99.987498
