Stock_Index,Gourujia,Predictions,Shares,True_Portfolio_Value,True_Earnings_Rate
5,3.930250,-0.000453,0.054001,-4419.509253,-99.983820
4,195.759995,-0.001086,0.086916,-7114.569818,-99.991076
0,50.005001,0.000018,0.105809,-8660.855484,-99.987839
3,55.839500,-0.000093,0.114952,-9409.258291,-99.988013
6,112.870003,-0.002086,0.122796,-10051.976371,-99.996240
1,136.960007,-0.000687,0.124829,-10219.179706,-100.002670
8,247.839996,0.000580,0.127164,-10410.460159,-100.003007
2,97.615997,-0.000740,0.128164,-10489.905866,-99.981292
7,76.480003,-0.001653,0.135370,-11081.739932,-100.000855
