Stock_Index,Gourujia,Predictions,Shares,True_Portfolio_Value,True_Earnings_Rate
7,69.370003,-0.001653,0.066159,-5910.226671,-100.009591
5,5.272250,-0.000453,0.067584,-5981.876070,-99.093826
8,276.839996,0.000580,0.080340,-7176.026861,-99.992472
0,65.445000,0.000018,0.099405,-8877.195303,-99.973441
3,64.683502,-0.000093,0.108181,-9662.130954,-99.985761
4,198.820007,-0.001086,0.114727,-10247.955905,-99.997552
1,149.589996,-0.000687,0.142179,-12699.511446,-99.992711
6,130.789993,-0.002086,0.158630,-14169.205885,-99.995919
2,87.286003,-0.000740,0.162795,-14539.255416,-99.981693
