Stock_Index,Gourujia,Predictions,Shares,True_Portfolio_Value,True_Earnings_Rate
5,4.294000,-0.000453,0.060169,-4546.162933,-99.688884
4,177.100006,-0.001086,0.090888,-6889.108210,-99.996884
8,215.259995,0.000580,0.100379,-7608.446556,-99.995575
0,54.705002,0.000018,0.104386,-7909.198155,-99.957476
2,86.272499,-0.000740,0.114011,-8641.463654,-99.992994
3,61.297501,-0.000093,0.118090,-8951.871099,-100.006413
6,117.720001,-0.002086,0.120658,-9145.827045,-100.000217
1,137.729996,-0.000687,0.122490,-9284.136300,-99.993179
7,71.480003,-0.001653,0.168929,-12806.831753,-100.017132
