Stock_Index,Gourujia,Predictions,Shares,True_Portfolio_Value,True_Earnings_Rate
5,18.788000,-0.000453,0.068972,-3085.957058,-100.106732
4,180.949997,-0.001086,0.074717,-3340.107375,-100.018635
2,139.391006,-0.000740,0.095490,-4268.201536,-100.006327
3,118.650002,-0.000093,0.107267,-4795.857211,-100.031521
1,270.220001,-0.000687,0.109436,-4890.413956,-99.982611
0,156.800003,0.000018,0.125952,-5629.537574,-100.000936
7,82.290001,-0.001653,0.133521,-5965.607289,-99.965783
6,123.019997,-0.002086,0.139501,-6235.604870,-100.010642
8,513.780029,0.000580,0.145144,-6487.285138,-99.999989
