Stock_Index,Gourujia,Predictions,Shares,True_Portfolio_Value,True_Earnings_Rate
5,45.178001,-0.000453,0.049659,-3320.067372,-100.015142
4,307.559998,-0.001086,0.082897,-5541.858450,-100.006298
0,179.360001,0.000018,0.090817,-6071.511704,-100.009594
2,143.100006,-0.000740,0.096300,-6438.059958,-100.009192
7,114.160004,-0.001653,0.106347,-7107.213015,-99.974814
3,136.919998,-0.000093,0.120626,-8064.315227,-100.008477
8,479.380005,0.000580,0.142851,-9549.285255,-99.999774
1,337.940002,-0.000687,0.145174,-9705.140004,-100.005453
6,144.460007,-0.002086,0.165328,-11050.737960,-99.991049
