Stock_Index,Gourujia,Predictions,Shares,True_Portfolio_Value,True_Earnings_Rate
4,209.830002,-0.001086,0.085385,-4799.277661,-99.999364
5,6.178250,-0.000453,0.089591,-5023.450381,-99.763981
0,79.712502,0.000018,0.094249,-5296.984447,-99.989812
2,102.483498,-0.000740,0.094729,-5324.725566,-100.004677
8,280.839996,0.000580,0.101434,-5700.377904,-99.981605
1,180.119995,-0.000687,0.122161,-6866.436553,-100.000679
3,72.270500,-0.000093,0.127497,-7166.259760,-99.999388
6,135.289993,-0.002086,0.137639,-7735.328881,-99.987540
7,59.970001,-0.001653,0.147315,-8273.826090,-99.924970
