Stock_Index,Gourujia,Predictions,Shares,True_Portfolio_Value,True_Earnings_Rate
5,30.693001,-0.000453,0.050060,-2821.111830,-100.070390
4,306.839996,-0.001086,0.086694,-4881.644594,-99.988490
7,60.889999,-0.001653,0.088530,-4984.569205,-99.981494
2,169.489502,-0.000740,0.101867,-5736.277867,-99.993495
0,161.839996,0.000018,0.116074,-6535.938287,-99.986854
3,142.001495,-0.000093,0.131545,-7407.582576,-99.994303
8,449.320007,0.000580,0.134121,-7552.723948,-99.994719
6,158.289993,-0.002086,0.134558,-7577.043086,-99.992580
1,323.010010,-0.000687,0.156551,-8815.987516,-99.996967
