Stock_Index,Gourujia,Predictions,Shares,True_Portfolio_Value,True_Earnings_Rate
5,6.145750,-0.000453,0.059796,-3081.516836,-100.184386
2,90.998001,-0.000740,0.086498,-4449.323664,-99.992916
1,111.000000,-0.000687,0.101324,-5212.434468,-100.002357
4,158.779999,-0.001086,0.103039,-5300.413499,-99.997467
0,55.537498,0.000018,0.105567,-5431.022411,-100.007798
3,56.653999,-0.000093,0.110523,-5686.023011,-100.008573
8,272.570007,0.000580,0.133113,-6848.172610,-100.007163
6,108.620003,-0.002086,0.137419,-7068.328541,-99.989801
7,81.199997,-0.001653,0.162720,-8370.161856,-99.995458
