Stock_Index,Gourujia,Predictions,Shares,True_Portfolio_Value,True_Earnings_Rate
5,22.242001,-0.000453,0.061921,-4830.845924,-100.069669
7,55.820000,-0.001653,0.069837,-5445.673197,-100.021308
0,148.789993,0.000018,0.100751,-7855.823090,-100.012446
8,416.839996,0.000580,0.103655,-8081.072753,-99.998097
4,373.059998,-0.001086,0.119506,-9317.604790,-100.006061
6,158.089996,-0.002086,0.128798,-10041.538279,-100.001643
1,305.220001,-0.000687,0.131306,-10237.555923,-100.005794
3,143.610001,-0.000093,0.134948,-10522.370583,-100.013760
2,174.412003,-0.000740,0.149278,-11638.577546,-100.004243
