Stock_Index,Gourujia,Predictions,Shares,True_Portfolio_Value,True_Earnings_Rate
5,13.867500,-0.000453,0.080756,-3925.341969,-100.081054
7,48.110001,-0.001653,0.091001,-4421.037283,-100.029589
4,272.869995,-0.001086,0.092848,-4509.480827,-99.997817
0,136.869995,0.000018,0.094658,-4596.960524,-99.988350
3,94.207497,-0.000093,0.110499,-5366.625296,-99.995273
2,165.349503,-0.000740,0.116547,-5660.765312,-100.002705
6,134.830002,-0.002086,0.123740,-6010.266618,-100.005743
1,224.970001,-0.000687,0.132165,-6419.061351,-99.998068
8,355.000000,0.000580,0.157785,-7664.030241,-100.005974
