Stock_Index,Gourujia,Predictions,Shares,True_Portfolio_Value,True_Earnings_Rate
5,27.691999,-0.000453,0.058698,-2193.603235,-99.931923
4,221.820007,-0.001086,0.084054,-3143.263858,-99.996417
7,85.199997,-0.001653,0.094298,-3527.607752,-100.033395
2,164.773499,-0.000740,0.100647,-3763.334333,-99.984663
6,141.919998,-0.002086,0.107533,-4021.599709,-100.005233
3,141.673004,-0.000093,0.121872,-4557.698465,-100.001084
1,303.679993,-0.000687,0.126370,-4725.510868,-99.992475
0,174.720001,0.000018,0.130923,-4896.008637,-99.997125
8,513.030029,0.000580,0.175604,-6567.116396,-99.999935
