Stock_Index,Gourujia,Predictions,Shares,True_Portfolio_Value,True_Earnings_Rate
5,124.830002,-0.000453,0.034750,-1800.614717,-99.975666
3,191.330002,-0.000093,0.078130,-4049.369560,-99.999263
1,413.290009,-0.000687,0.091873,-4761.597153,-99.998523
8,539.809998,0.000580,0.093852,-4864.421558,-100.003384
0,232.470001,0.000018,0.094228,-4883.689716,-99.998614
4,704.869995,-0.001086,0.126852,-6574.486003,-99.998574
2,236.169998,-0.000740,0.128204,-6644.365347,-99.995258
7,109.879997,-0.001653,0.133320,-6910.560766,-100.012090
6,270.429993,-0.002086,0.218791,-11338.639482,-99.991257
