Stock_Index,Gourujia,Predictions,Shares,True_Portfolio_Value,True_Earnings_Rate
5,15.801000,-0.000453,0.052031,-2564.498870,-100.134800
4,159.169998,-0.001086,0.075193,-3701.535885,-100.007984
2,129.789993,-0.000740,0.088571,-4359.997181,-100.006318
7,100.120003,-0.001653,0.103152,-5079.397221,-100.038751
3,109.419998,-0.000093,0.103163,-5078.232577,-100.004018
6,114.389999,-0.002086,0.117824,-5799.569489,-99.999847
0,161.380005,0.000018,0.120019,-5908.288574,-100.009557
1,265.230011,-0.000687,0.127542,-6278.237295,-100.003226
8,529.770020,0.000580,0.212506,-10460.548575,-100.002486
