Stock_Index,Gourujia,Predictions,Shares,True_Portfolio_Value,True_Earnings_Rate
4,176.259995,-0.001086,0.027436,-2003.227131,-100.004427
5,6.371000,-0.000453,0.089670,-6557.830902,-100.174658
6,114.849998,-0.002086,0.101020,-7374.776282,-99.991100
2,90.400002,-0.000740,0.102301,-7468.611420,-99.994343
3,64.275002,-0.000093,0.103322,-7546.620310,-100.039976
1,109.620003,-0.000687,0.121805,-8894.487100,-100.016289
8,257.000000,0.000580,0.130523,-9529.818241,-100.001593
0,48.552502,0.000018,0.154031,-11249.852317,-100.034543
7,84.239998,-0.001653,0.169892,-12407.839562,-100.033151
