Stock_Index,Gourujia,Predictions,Shares,True_Portfolio_Value,True_Earnings_Rate
4,232.779999,-0.001086,0.065885,-3116.963614,-99.999097
2,105.660004,-0.000740,0.086517,-4092.998896,-99.998478
5,28.680000,-0.000453,0.096516,-4563.436507,-99.943204
1,310.649994,-0.000687,0.101702,-4811.546901,-100.002079
6,136.740005,-0.002086,0.102396,-4844.129444,-99.998237
7,108.680000,-0.001653,0.124958,-5911.382952,-99.996367
0,173.570007,0.000018,0.133281,-6305.489746,-100.000232
3,105.570000,-0.000093,0.135878,-6427.047902,-99.980463
8,494.279999,0.000580,0.152867,-7232.122192,-100.000681
