Stock_Index,Gourujia,Predictions,Shares,True_Portfolio_Value,True_Earnings_Rate
4,238.860001,-0.001086,0.060541,-3159.293695,-100.000070
2,111.199997,-0.000740,0.084006,-4383.017564,-99.982382
5,28.952999,-0.000453,0.087957,-4588.517215,-99.969122
1,309.459991,-0.000687,0.097971,-5112.460290,-99.997628
3,116.510002,-0.000093,0.107221,-5594.098641,-99.978180
7,105.070000,-0.001653,0.112216,-5857.254712,-100.023383
0,172.070007,0.000018,0.138560,-7230.713219,-100.000000
6,135.229996,-0.002086,0.147791,-7712.682433,-100.004993
8,486.859985,0.000580,0.163738,-8544.873250,-100.003035
