Stock_Index,Gourujia,Predictions,Shares,True_Portfolio_Value,True_Earnings_Rate
5,3.661250,-0.000453,0.038824,-1566.437055,-100.540573
2,79.595497,-0.000740,0.077337,-3105.683920,-100.057322
0,41.369999,0.000018,0.098001,-3934.154974,-100.022600
1,106.029999,-0.000687,0.108950,-4373.920418,-100.028352
4,144.059998,-0.001086,0.111746,-4485.721848,-100.018903
3,52.585499,-0.000093,0.117761,-4728.587614,-100.047714
8,265.019989,0.000580,0.139530,-5600.623203,-100.010027
6,100.290001,-0.002086,0.147712,-5929.069478,-100.012808
7,75.580002,-0.001653,0.160139,-6428.777294,-100.027238
