Stock_Index,Gourujia,Predictions,Shares,True_Portfolio_Value,True_Earnings_Rate
3,136.250000,-0.000093,0.059745,-3789.614338,-99.996132
2,146.130005,-0.000740,0.063436,-4024.293907,-100.010524
5,50.409000,-0.000453,0.074148,-4704.240803,-100.018384
4,339.970001,-0.001086,0.081458,-5167.187253,-100.002598
1,377.440002,-0.000687,0.098570,-6252.716211,-100.003085
7,104.500000,-0.001653,0.118834,-7537.835047,-100.000366
6,153.289993,-0.002086,0.131719,-8355.286847,-100.001363
0,191.449997,0.000018,0.132576,-8409.843348,-100.002215
8,535.099976,0.000580,0.239514,-15192.753389,-99.998438
