Stock_Index,Gourujia,Predictions,Shares,True_Portfolio_Value,True_Earnings_Rate
2,150.445496,-0.000740,0.079359,-3285.331619,-99.989850
4,230.710007,-0.001086,0.088107,-3647.689506,-99.994790
7,43.430000,-0.001653,0.101754,-4211.310093,-99.966316
5,10.194500,-0.000453,0.105128,-4342.999674,-99.783975
6,98.279999,-0.002086,0.106449,-4407.814583,-100.014388
1,201.300003,-0.000687,0.117736,-4874.268768,-99.993747
3,75.410500,-0.000093,0.120081,-4970.756304,-99.981473
0,92.614998,0.000018,0.134582,-5570.671901,-99.974708
8,300.790009,0.000580,0.146805,-6078.304062,-100.002429
