Stock_Index,Gourujia,Predictions,Shares,True_Portfolio_Value,True_Earnings_Rate
3,58.724998,-0.000093,0.069188,-4033.090266,-99.968071
5,3.786250,-0.000453,0.071003,-4107.006950,-99.209749
0,50.119999,0.000018,0.093128,-5425.902386,-99.917246
4,185.369995,-0.001086,0.110030,-6415.349730,-99.991110
1,135.789993,-0.000687,0.114440,-6672.049031,-99.984916
6,107.680000,-0.002086,0.125896,-7339.933696,-99.985793
2,89.246002,-0.000740,0.136671,-7967.376129,-99.975523
7,69.629997,-0.001653,0.139280,-8119.880403,-99.982371
8,243.199997,0.000580,0.140364,-8183.916028,-99.989946
