Stock_Index,Gourujia,Predictions,Shares,True_Portfolio_Value,True_Earnings_Rate
5,22.936001,-0.000453,0.054085,-2288.958022,-100.312009
2,145.641006,-0.000740,0.066597,-2810.908724,-100.039730
4,200.059998,-0.001086,0.086251,-3640.170935,-100.032489
1,289.859985,-0.000687,0.114142,-4816.396500,-100.013285
6,134.399994,-0.002086,0.115864,-4889.758795,-100.029302
3,131.906494,-0.000093,0.127668,-5388.181953,-100.032456
7,84.089996,-0.001653,0.139119,-5866.997875,-99.957904
8,498.649994,0.000580,0.145275,-6129.595362,-100.004794
0,163.169998,0.000018,0.151000,-6371.796499,-100.014711
