Stock_Index,Gourujia,Predictions,Shares,True_Portfolio_Value,True_Earnings_Rate
5,125.199997,-0.000453,0.049258,-3201.912097,-99.972350
0,213.070007,0.000018,0.082002,-5331.785550,-99.997430
6,191.529999,-0.002086,0.096551,-6277.468151,-99.994226
8,493.070007,0.000580,0.104639,-6803.651891,-99.998268
4,508.839996,-0.001086,0.104822,-6815.828325,-100.001839
7,110.930000,-0.001653,0.117205,-7621.317067,-100.007262
1,441.059998,-0.000687,0.130280,-8470.972415,-99.999733
2,186.889999,-0.000740,0.155143,-10088.515974,-100.008833
3,177.789993,-0.000093,0.160099,-10410.737167,-100.008382
