Stock_Index,Gourujia,Predictions,Shares,True_Portfolio_Value,True_Earnings_Rate
5,5.356250,-0.000453,0.072376,-3061.186597,-99.899189
1,90.230003,-0.000687,0.088054,-3728.095391,-99.993387
4,157.199997,-0.001086,0.089230,-3778.025558,-99.997053
2,70.261497,-0.000740,0.090258,-3821.629740,-99.999139
3,50.497501,-0.000093,0.108561,-4595.756212,-99.980217
6,109.089996,-0.002086,0.125637,-5319.018608,-99.989058
8,223.960007,0.000580,0.128964,-5460.753260,-100.002459
0,42.095001,0.000018,0.130856,-5539.396050,-99.976555
7,74.870003,-0.001653,0.166064,-7031.336024,-100.000000
