Stock_Index,Gourujia,Predictions,Shares,True_Portfolio_Value,True_Earnings_Rate
5,5.407750,-0.000453,0.081268,-1691.346272,-98.013588
6,88.050003,-0.002086,0.098965,-2097.560228,-99.811902
0,62.057499,0.000018,0.100443,-2129.051986,-99.817657
7,37.180000,-0.001653,0.101499,-2153.822673,-99.932845
8,250.410004,0.000580,0.102979,-2186.095045,-99.966914
1,139.059998,-0.000687,0.107527,-2281.198470,-99.904409
4,154.470001,-0.001086,0.129875,-2756.194531,-99.936917
3,55.577499,-0.000093,0.132053,-2799.736141,-99.840965
2,83.830498,-0.000740,0.145391,-3085.098319,-99.925272
