Stock_Index,Gourujia,Predictions,Shares,True_Portfolio_Value,True_Earnings_Rate
4,215.220001,-0.001086,0.084607,-7499.572744,-99.993398
2,94.598503,-0.000740,0.086538,-7670.785243,-99.994939
5,6.009500,-0.000453,0.088507,-7830.951421,-99.818242
6,136.940002,-0.002086,0.110150,-9763.920526,-99.997339
7,69.230003,-0.001653,0.117080,-10377.253003,-99.988984
3,70.251999,-0.000093,0.120667,-10695.067455,-99.985135
8,295.899994,0.000580,0.126581,-11221.181468,-100.001924
0,75.797501,0.000018,0.128361,-11375.541273,-99.972270
1,160.089996,-0.000687,0.137510,-12188.696886,-99.992245
