Stock_Index,Gourujia,Predictions,Shares,True_Portfolio_Value,True_Earnings_Rate
5,6.644250,-0.000453,0.062093,-5111.266203,-100.013030
4,157.250000,-0.001086,0.079569,-6549.199727,-99.997377
2,93.221001,-0.000740,0.079890,-6575.616339,-99.996611
0,55.942501,0.000018,0.084295,-6936.785032,-99.975406
3,57.796001,-0.000093,0.103769,-8542.776382,-100.016166
1,110.849998,-0.000687,0.121236,-9977.938432,-99.988597
6,115.320000,-0.002086,0.123542,-10169.411244,-100.006037
7,86.129997,-0.001653,0.156946,-12917.576603,-99.994889
8,269.010010,0.000580,0.188660,-15528.699155,-99.998483
