Stock_Index,Gourujia,Predictions,Shares,True_Portfolio_Value,True_Earnings_Rate
5,18.811001,-0.000453,0.058781,-1916.443451,-100.039428
4,195.130005,-0.001086,0.080108,-2610.885262,-100.003928
2,115.146500,-0.000740,0.083530,-2721.314005,-99.962629
0,149.639999,0.000018,0.095481,-3111.938670,-100.003582
3,112.316498,-0.000093,0.112456,-3664.650121,-99.988614
1,273.239990,-0.000687,0.120851,-3938.733361,-100.001840
7,97.589996,-0.001653,0.122958,-4007.954988,-100.016832
6,131.270004,-0.002086,0.142726,-4651.259062,-99.994449
8,507.109985,0.000580,0.183108,-5967.950486,-100.004058
