Stock_Index,Gourujia,Predictions,Shares,True_Portfolio_Value,True_Earnings_Rate
4,164.889999,-0.001086,0.077128,-4540.605952,-100.020574
5,6.046250,-0.000453,0.085281,-5050.259423,-100.618697
3,52.657501,-0.000093,0.092235,-5431.478573,-100.048582
6,109.949997,-0.002086,0.111564,-6568.043313,-100.024651
8,215.210007,0.000580,0.113090,-6656.745494,-100.005779
7,73.500000,-0.001653,0.121368,-7144.271835,-100.011339
1,89.790001,-0.000687,0.122525,-7213.985652,-100.032853
2,77.246002,-0.000740,0.136245,-8022.525848,-100.042036
0,42.212502,0.000018,0.140564,-8278.051519,-100.055503
