Stock_Index,Gourujia,Predictions,Shares,True_Portfolio_Value,True_Earnings_Rate
8,308.010010,0.000580,0.037643,-1457.488368,-100.037573
5,135.339996,-0.000453,0.077054,-2982.422014,-100.002790
4,659.359985,-0.001086,0.093149,-3605.433484,-100.003603
2,210.250000,-0.000740,0.096907,-3751.183158,-100.011633
3,165.369995,-0.000093,0.099988,-3870.202448,-100.005178
0,212.330002,0.000018,0.109631,-4243.303036,-100.001956
1,452.940002,-0.000687,0.114185,-4419.462403,-99.999907
7,108.480003,-0.001653,0.173633,-6720.233527,-99.999151
6,265.640015,-0.002086,0.197809,-7655.864919,-99.997387
