Stock_Index,Gourujia,Predictions,Shares,True_Portfolio_Value,True_Earnings_Rate
5,15.987000,-0.000453,0.061543,-2232.009211,-99.948177
4,114.120003,-0.001086,0.074434,-2701.004392,-100.001460
2,88.250000,-0.000740,0.078253,-2839.486315,-99.997307
0,142.910004,0.000018,0.099751,-3620.023107,-100.009713
1,245.119995,-0.000687,0.107868,-3914.265938,-100.001250
3,96.980003,-0.000093,0.107957,-3918.321499,-100.021922
8,539.320007,0.000580,0.139620,-5066.345872,-99.998770
7,103.879997,-0.001653,0.146088,-5301.148679,-100.002134
6,131.589996,-0.002086,0.184487,-6694.445841,-100.000520
