Stock_Index,Gourujia,Predictions,Shares,True_Portfolio_Value,True_Earnings_Rate
5,4.001500,-0.000453,0.053714,-4427.852909,-99.047248
4,202.729996,-0.001086,0.084418,-7026.795661,-100.003663
0,50.807499,0.000018,0.106655,-8878.732574,-100.014386
3,57.045502,-0.000093,0.112235,-9341.463505,-99.995136
1,137.850006,-0.000687,0.122293,-10178.760333,-99.997111
6,113.019997,-0.002086,0.122902,-10228.733762,-99.991585
8,247.479996,0.000580,0.125962,-10482.273444,-99.978259
7,77.510002,-0.001653,0.127226,-10589.397291,-99.999002
2,100.870499,-0.000740,0.144595,-12036.317741,-100.008062
