Stock_Index,Gourujia,Predictions,Shares,True_Portfolio_Value,True_Earnings_Rate
5,17.810249,-0.000453,0.060531,-5332.283923,-99.739135
7,64.099998,-0.001653,0.074328,-6568.181682,-100.052217
4,331.079987,-0.001086,0.093162,-8228.013116,-99.995086
0,130.149994,0.000018,0.101974,-9005.890663,-99.990379
3,120.772499,-0.000093,0.112280,-9916.372409,-99.993370
2,170.762497,-0.000740,0.118271,-10444.840185,-99.987448
1,257.380005,-0.000687,0.119487,-10552.996204,-99.994722
6,156.270004,-0.002086,0.122049,-10781.686017,-100.018740
8,397.250000,0.000580,0.197917,-17480.846307,-99.999937
