Stock_Index,Gourujia,Predictions,Shares,True_Portfolio_Value,True_Earnings_Rate
2,73.082001,-0.000740,0.073382,-2523.572921,-99.984751
5,3.279250,-0.000453,0.078488,-2683.794603,-99.428825
4,134.520004,-0.001086,0.088879,-3057.207510,-100.007331
0,39.037498,0.000018,0.101255,-3482.629195,-99.998688
1,101.180000,-0.000687,0.104439,-3592.433276,-100.007747
3,52.645000,-0.000093,0.116354,-4002.429309,-100.011255
8,245.970001,0.000580,0.135025,-4644.172043,-99.999554
7,68.940002,-0.001653,0.141509,-4867.866892,-100.016292
6,97.040001,-0.002086,0.160670,-5526.236073,-100.002232
