Stock_Index,Gourujia,Predictions,Shares,True_Portfolio_Value,True_Earnings_Rate
5,16.923000,-0.000453,0.062791,-2237.371711,-99.926434
4,118.099998,-0.001086,0.075298,-2684.587807,-99.983387
2,96.540001,-0.000740,0.077357,-2758.792766,-100.011219
0,148.029999,0.000018,0.093374,-3329.611071,-99.998723
3,100.989998,-0.000093,0.094993,-3387.384543,-100.000000
1,255.139999,-0.000687,0.099203,-3537.537502,-100.000692
8,547.760010,0.000580,0.143567,-5119.688990,-100.003652
7,111.339996,-0.001653,0.153158,-5461.657923,-100.004367
6,138.179993,-0.002086,0.200259,-7141.701706,-100.010232
