Stock_Index,Gourujia,Predictions,Shares,True_Portfolio_Value,True_Earnings_Rate
5,4.223750,-0.000453,0.054313,-4447.326363,-99.071157
8,255.000000,0.000580,0.058823,-4862.201358,-99.996738
4,160.470001,-0.001086,0.073512,-6076.272767,-99.995743
2,87.107498,-0.000740,0.097024,-8018.977330,-99.987091
3,59.427502,-0.000093,0.121180,-10014.808560,-99.980421
0,47.005001,0.000018,0.121250,-10024.256605,-100.016926
1,117.570000,-0.000687,0.134320,-11102.869233,-99.999421
7,81.080002,-0.001653,0.151257,-12503.115289,-100.003199
6,107.190002,-0.002086,0.188321,-15566.955852,-100.003401
