Stock_Index,Gourujia,Predictions,Shares,True_Portfolio_Value,True_Earnings_Rate
7,44.389999,-0.001653,0.084993,-3181.288126,-100.059131
4,240.279999,-0.001086,0.086526,-3236.818764,-99.998997
6,95.000000,-0.002086,0.087882,-3288.536810,-100.030122
5,9.839250,-0.000453,0.105885,-3959.580003,-99.966484
8,302.809998,0.000580,0.117748,-4405.166658,-100.006787
3,74.982498,-0.000093,0.126064,-4716.363085,-100.008681
2,152.852005,-0.000740,0.129017,-4826.985085,-100.012296
0,93.462502,0.000018,0.129024,-4826.836761,-100.003325
1,210.699997,-0.000687,0.132862,-4970.510386,-100.005551
