Stock_Index,Gourujia,Predictions,Shares,True_Portfolio_Value,True_Earnings_Rate
5,115.589996,-0.000453,0.040771,-2535.020205,-100.016777
2,186.880005,-0.000740,0.083779,-5208.291140,-100.001290
7,114.180000,-0.001653,0.095957,-5965.001931,-99.996937
6,209.250000,-0.002086,0.097309,-6049.514226,-100.003944
3,159.320007,-0.000093,0.097453,-6058.192761,-99.998073
4,536.320007,-0.001086,0.120894,-7515.463326,-99.999434
1,435.149994,-0.000687,0.139413,-8666.975949,-100.002303
0,216.789993,0.000018,0.147531,-9170.738007,-99.991775
8,577.960022,0.000580,0.176893,-10996.730550,-99.999197
