Stock_Index,Gourujia,Predictions,Shares,True_Portfolio_Value,True_Earnings_Rate
5,27.400000,-0.000453,0.050896,-2671.201651,-99.944875
4,328.070007,-0.001086,0.100764,-5291.128327,-99.994202
0,172.190002,0.000018,0.107958,-5668.669915,-99.990334
1,314.269989,-0.000687,0.110299,-5792.115322,-99.999282
7,68.470001,-0.001653,0.113149,-5938.094293,-99.939825
8,465.000000,0.000580,0.122856,-6451.459669,-99.998158
3,138.669495,-0.000093,0.127517,-6695.939817,-99.994475
6,167.320007,-0.002086,0.128927,-6770.259778,-99.999393
2,161.485992,-0.000740,0.137634,-7226.518672,-99.985312
