Stock_Index,Gourujia,Predictions,Shares,True_Portfolio_Value,True_Earnings_Rate
5,18.785999,-0.000453,0.056059,-1970.825443,-99.960477
2,124.790001,-0.000740,0.081702,-2873.839576,-100.011578
4,194.250000,-0.001086,0.082556,-2903.457350,-99.996303
0,146.139999,0.000018,0.096895,-3407.493842,-99.988071
3,116.820503,-0.000093,0.113665,-3997.619169,-99.997593
7,98.839996,-0.001653,0.119664,-4206.725943,-99.954662
1,268.750000,-0.000687,0.130408,-4586.321410,-99.994844
6,129.729996,-0.002086,0.141104,-4962.592267,-99.997982
8,490.179993,0.000580,0.177946,-6258.365625,-99.997140
