Stock_Index,Gourujia,Predictions,Shares,True_Portfolio_Value,True_Earnings_Rate
5,4.706500,-0.000453,0.057080,-3938.387455,-99.698553
4,176.020004,-0.001086,0.090758,-6281.647178,-100.000969
8,247.389999,0.000580,0.105636,-7311.228949,-99.997735
6,105.559998,-0.002086,0.105819,-7324.076040,-100.002246
0,48.922501,0.000018,0.106828,-7392.859301,-99.986362
2,90.943001,-0.000740,0.113010,-7820.811483,-99.988920
3,60.972500,-0.000093,0.124469,-8615.819491,-100.010795
1,119.360001,-0.000687,0.135601,-9384.982499,-99.996288
7,82.050003,-0.001653,0.160799,-11128.427885,-99.993482
