Stock_Index,Gourujia,Predictions,Shares,True_Portfolio_Value,True_Earnings_Rate
5,15.880000,-0.000453,0.065035,-2336.414073,-99.733678
4,163.740005,-0.001086,0.071747,-2585.132137,-100.025477
2,106.220001,-0.000740,0.081445,-2933.187532,-99.978445
3,107.143501,-0.000093,0.105699,-3806.090778,-99.962434
0,131.559998,0.000018,0.106983,-3852.858207,-99.975497
7,86.120003,-0.001653,0.110285,-3969.860658,-99.929890
6,113.029999,-0.002086,0.122814,-4423.023803,-99.978351
1,247.649994,-0.000687,0.128474,-4627.463464,-99.990190
8,452.059998,0.000580,0.207519,-7474.354344,-99.986586
