Stock_Index,Gourujia,Predictions,Shares,True_Portfolio_Value,True_Earnings_Rate
6,249.720001,-0.002086,0.064809,-3614.686057,-100.005603
5,138.250000,-0.000453,0.073476,-4097.782298,-99.998015
2,207.889999,-0.000740,0.076659,-4275.124934,-99.993519
8,610.200012,0.000580,0.090494,-5047.069031,-100.000452
3,168.949997,-0.000093,0.092172,-5140.136252,-99.991168
4,574.320007,-0.001086,0.118722,-6620.960629,-99.994477
7,117.959999,-0.001653,0.143303,-7992.245246,-100.000791
1,423.459991,-0.000687,0.151747,-8462.851398,-99.995843
0,237.330002,0.000018,0.188617,-10519.101002,-99.996007
