Stock_Index,Gourujia,Predictions,Shares,True_Portfolio_Value,True_Earnings_Rate
5,6.628750,-0.000453,0.074827,-6328.789477,-100.128560
6,110.360001,-0.002086,0.076887,-6494.769660,-99.996394
7,82.059998,-0.001653,0.079782,-6738.718703,-99.987883
3,57.347500,-0.000093,0.086625,-7319.134398,-100.019155
8,248.649994,0.000580,0.100040,-8451.000967,-99.999467
4,191.339996,-0.001086,0.115118,-9725.540776,-100.008703
2,84.787498,-0.000740,0.151379,-12788.418966,-100.004495
1,102.489998,-0.000687,0.155592,-13145.817208,-100.015449
0,48.494999,0.000018,0.159752,-13496.078611,-100.005535
