Stock_Index,Gourujia,Predictions,Shares,True_Portfolio_Value,True_Earnings_Rate
5,6.232000,-0.000453,0.084209,-7149.986394,-100.086488
2,93.236000,-0.000740,0.086205,-7312.491321,-99.984423
8,298.470001,0.000580,0.093227,-7909.233760,-99.997696
0,79.682503,0.000018,0.109326,-9276.040912,-100.008534
4,222.139999,-0.001086,0.110895,-9408.443715,-100.001421
3,73.975998,-0.000093,0.115917,-9834.239611,-99.997508
6,138.199997,-0.002086,0.125193,-10622.074585,-100.007156
1,167.100006,-0.000687,0.127297,-10800.141161,-100.002153
7,68.559998,-0.001653,0.147732,-12535.960889,-100.020999
