Stock_Index,Gourujia,Predictions,Shares,True_Portfolio_Value,True_Earnings_Rate
5,85.904999,-0.000453,0.051028,-3487.298087,-99.971846
4,510.920013,-0.001086,0.075808,-5181.957366,-99.993809
8,455.380005,0.000580,0.082361,-5630.303997,-99.999826
3,150.529999,-0.000093,0.088027,-6017.065572,-99.991362
0,168.820007,0.000018,0.106841,-7303.592487,-99.997339
1,417.880005,-0.000687,0.123543,-8445.122202,-99.995664
2,180.000000,-0.000740,0.124626,-8518.195558,-99.984568
6,195.649994,-0.002086,0.140443,-9600.241308,-99.995319
7,119.720001,-0.001653,0.207324,-14171.086150,-99.988567
