Stock_Index,Gourujia,Predictions,Shares,True_Portfolio_Value,True_Earnings_Rate
5,4.313250,-0.000453,0.062303,-4628.625284,-99.246422
8,225.000000,0.000580,0.089139,-6673.730449,-100.005626
4,181.279999,-0.001086,0.092047,-6890.635188,-99.995394
0,54.419998,0.000018,0.103375,-7736.921231,-99.971936
6,117.330002,-0.002086,0.112142,-8394.879413,-99.995147
2,87.080498,-0.000740,0.124106,-9289.376322,-99.982515
1,137.380005,-0.000687,0.124880,-9347.978279,-99.989584
3,60.916500,-0.000093,0.131937,-9873.709143,-99.963213
7,71.139999,-0.001653,0.160071,-11982.799895,-99.995857
