Stock_Index,Gourujia,Predictions,Shares,True_Portfolio_Value,True_Earnings_Rate
5,7.244750,-0.000453,0.076475,-3910.508736,-99.680779
4,214.179993,-0.001086,0.091553,-4696.426242,-99.992175
8,298.779999,0.000580,0.092523,-4746.418376,-99.996257
2,106.743500,-0.000740,0.102989,-5282.992530,-99.990917
0,81.237503,0.000018,0.105345,-5405.611235,-100.022748
7,60.650002,-0.001653,0.110514,-5670.615843,-100.021067
1,185.350006,-0.000687,0.121897,-6253.146345,-99.994555
3,75.936501,-0.000093,0.132360,-6790.240406,-99.999385
6,137.460007,-0.002086,0.166345,-8534.501248,-100.009696
