Stock_Index,Gourujia,Predictions,Shares,True_Portfolio_Value,True_Earnings_Rate
4,96.470001,-0.001086,0.035865,-1386.819786,-99.947620
3,88.900002,-0.000093,0.076141,-2946.354669,-100.020172
2,89.980003,-0.000740,0.076659,-2967.215987,-100.048470
5,14.602000,-0.000453,0.083804,-3255.046688,-100.398785
1,228.869995,-0.000687,0.084734,-3278.481499,-100.008404
0,139.500000,0.000018,0.092041,-3561.770342,-100.024196
6,131.449997,-0.002086,0.134162,-5190.907179,-100.009961
7,114.000000,-0.001653,0.173239,-6704.909125,-100.040148
8,553.049988,0.000580,0.243354,-9415.311877,-100.004097
