Stock_Index,Gourujia,Predictions,Shares,True_Portfolio_Value,True_Earnings_Rate
6,139.830002,-0.002086,0.090770,-4941.503983,-99.992015
7,114.699997,-0.001653,0.092993,-5062.098158,-99.983138
3,105.970001,-0.000093,0.094060,-5121.772955,-100.013182
2,102.739998,-0.000740,0.095737,-5212.605272,-100.004177
8,505.350006,0.000580,0.108557,-5910.389830,-100.000341
5,27.002001,-0.000453,0.120244,-6540.674138,-99.909898
1,288.799988,-0.000687,0.122943,-6693.657662,-100.000516
4,218.860001,-0.001086,0.127486,-6941.067810,-100.002030
0,165.229996,0.000018,0.147210,-8014.495579,-99.995475
