Stock_Index,Gourujia,Predictions,Shares,True_Portfolio_Value,True_Earnings_Rate
5,42.301998,-0.000453,0.067076,-4099.966904,-99.993805
8,480.640015,0.000580,0.084426,-5160.957184,-100.001198
2,130.360001,-0.000740,0.090232,-5515.813227,-100.000824
4,286.980011,-0.001086,0.095591,-5843.449846,-100.001168
1,340.540009,-0.000687,0.104967,-6416.679381,-100.002207
3,119.699997,-0.000093,0.105814,-6468.228570,-99.998605
7,107.250000,-0.001653,0.135211,-8265.036059,-99.998176
6,145.440002,-0.002086,0.142607,-8716.800575,-99.994491
0,193.970001,0.000018,0.174075,-10641.439414,-100.004029
