Stock_Index,Gourujia,Predictions,Shares,True_Portfolio_Value,True_Earnings_Rate
5,127.400002,-0.000453,0.047255,-2864.363536,-99.988745
4,512.700012,-0.001086,0.081440,-4937.261565,-100.005334
2,195.050003,-0.000740,0.100032,-6064.129209,-100.001474
8,504.359985,0.000580,0.103845,-6295.100747,-99.997201
0,227.570007,0.000018,0.104117,-6311.383200,-99.994302
3,185.570007,-0.000093,0.116830,-7082.521075,-100.001454
1,454.700012,-0.000687,0.141997,-8608.120776,-100.000557
7,113.250000,-0.001653,0.144228,-8743.172935,-99.999844
6,207.449997,-0.002086,0.160255,-9715.396886,-100.005868
