Stock_Index,Gourujia,Predictions,Shares,True_Portfolio_Value,True_Earnings_Rate
5,24.716999,-0.000453,0.069020,-4306.594834,-100.043776
4,315.809998,-0.001086,0.073091,-4558.846196,-100.003620
8,454.640015,0.000580,0.105092,-6554.688201,-100.000562
7,65.839996,-0.001653,0.107396,-6700.846248,-100.039969
3,139.308502,-0.000093,0.109781,-6844.677291,-99.965254
2,168.803497,-0.000740,0.109785,-6847.076142,-99.997126
6,171.399994,-0.002086,0.124787,-7783.866065,-100.012280
1,310.109985,-0.000687,0.144605,-9017.823931,-99.986698
0,149.320007,0.000018,0.156444,-9757.663297,-100.002111
