Stock_Index,Gourujia,Predictions,Shares,True_Portfolio_Value,True_Earnings_Rate
5,59.873001,-0.000453,0.062939,-5084.201064,-99.958971
0,195.179993,0.000018,0.086432,-6984.953660,-100.001788
4,385.200012,-0.001086,0.088189,-7126.556370,-99.996319
8,515.520020,0.000580,0.090725,-7331.797284,-100.000864
2,156.020004,-0.000740,0.100447,-8117.090896,-99.996518
7,97.910004,-0.001653,0.112624,-9099.744165,-99.982521
3,147.039993,-0.000093,0.117643,-9506.389856,-99.992365
1,398.899994,-0.000687,0.153388,-12395.462102,-99.997710
6,168.990005,-0.002086,0.187612,-15160.510258,-99.994736
