Stock_Index,Gourujia,Predictions,Shares,True_Portfolio_Value,True_Earnings_Rate
5,6.342250,-0.000453,0.065181,-4655.721049,-100.124169
4,209.990005,-0.001086,0.089922,-6415.454895,-100.001431
6,110.500000,-0.002086,0.100050,-7137.216812,-99.991604
2,92.196503,-0.000740,0.101310,-7227.810499,-100.000594
3,60.653999,-0.000093,0.104308,-7441.749624,-100.000231
1,105.949997,-0.000687,0.129482,-9238.333100,-100.007423
0,47.862499,0.000018,0.133654,-9536.454171,-100.011490
7,82.309998,-0.001653,0.137807,-9831.634794,-100.001329
8,250.289993,0.000580,0.138285,-9865.021529,-99.991894
