Stock_Index,Gourujia,Predictions,Shares,True_Portfolio_Value,True_Earnings_Rate
5,17.578251,-0.000453,0.060216,-3979.214942,-99.986828
7,61.450001,-0.001653,0.083589,-5525.058147,-100.010628
4,330.350006,-0.001086,0.090243,-5964.039481,-99.994344
3,119.678497,-0.000093,0.099661,-6586.643812,-99.996958
0,125.889999,0.000018,0.106596,-7045.228914,-99.999937
1,250.789993,-0.000687,0.107462,-7102.103272,-99.995227
2,160.311005,-0.000740,0.118494,-7831.659692,-100.001599
6,166.440002,-0.002086,0.145026,-9585.332363,-100.002822
8,405.640015,0.000580,0.188712,-12472.902778,-100.003298
