Stock_Index,Gourujia,Predictions,Shares,True_Portfolio_Value,True_Earnings_Rate
2,166.574005,-0.000740,0.068886,-4400.885281,-99.993769
5,19.750000,-0.000453,0.069272,-4424.955677,-99.983363
4,351.950012,-0.001086,0.084418,-5393.514494,-100.000574
7,57.580002,-0.001653,0.085516,-5462.480741,-99.981400
6,151.169998,-0.002086,0.099045,-6327.490312,-99.992516
0,145.520004,0.000018,0.112915,-7213.568784,-99.991365
3,134.854507,-0.000093,0.115291,-7365.676206,-99.995748
8,415.570007,0.000580,0.167754,-10717.474683,-99.996362
1,284.820007,-0.000687,0.196903,-12579.826957,-99.997176
