Stock_Index,Gourujia,Predictions,Shares,True_Portfolio_Value,True_Earnings_Rate
7,41.930000,-0.001653,0.071789,-2428.361948,-99.979047
6,84.029999,-0.002086,0.093687,-3168.288054,-99.951573
5,7.780000,-0.000453,0.096695,-3258.175688,-99.592667
4,205.100006,-0.001086,0.105602,-3572.885366,-99.995952
2,118.396004,-0.000740,0.109271,-3696.891978,-99.992567
3,67.416496,-0.000093,0.109365,-3700.027619,-99.990645
8,278.000000,0.000580,0.124184,-4201.100851,-99.984043
1,179.750000,-0.000687,0.130799,-4425.458040,-99.997591
0,76.912498,0.000018,0.158608,-5366.088485,-99.992037
