Stock_Index,Gourujia,Predictions,Shares,True_Portfolio_Value,True_Earnings_Rate
5,13.531750,-0.000453,0.081608,-4571.718230,-100.183295
0,130.889999,0.000018,0.082204,-4597.339045,-100.011645
4,251.639999,-0.001086,0.103237,-5773.529844,-100.009590
7,48.419998,-0.001653,0.103517,-5783.893524,-99.920919
6,140.350006,-0.002086,0.107590,-6016.065836,-99.995849
2,158.294495,-0.000740,0.119467,-6681.066562,-100.007713
1,216.339996,-0.000687,0.128620,-7192.866023,-100.007149
3,87.362503,-0.000093,0.136061,-7609.299621,-100.010748
8,355.040009,0.000580,0.137696,-7700.210451,-100.003601
