Stock_Index,Gourujia,Predictions,Shares,True_Portfolio_Value,True_Earnings_Rate
8,298.109985,0.000580,0.038149,-1731.275974,-99.999932
3,172.360001,-0.000093,0.089496,-4061.537663,-100.001685
4,643.580017,-0.001086,0.090737,-4117.787713,-99.999646
2,204.720001,-0.000740,0.096167,-4364.086404,-99.997667
5,134.809998,-0.000453,0.100150,-4543.872147,-99.976282
0,200.419998,0.000018,0.103230,-4684.783747,-100.001171
1,457.359985,-0.000687,0.118133,-5361.007441,-99.999370
7,102.110001,-0.001653,0.173427,-7869.848016,-99.994453
6,263.489990,-0.002086,0.190511,-8645.519640,-99.998735
