Stock_Index,Gourujia,Predictions,Shares,True_Portfolio_Value,True_Earnings_Rate
5,135.720001,-0.000453,0.062368,-4015.142552,-99.993460
8,571.340027,0.000580,0.071070,-4575.798607,-100.001634
7,120.660004,-0.001653,0.097690,-6289.672525,-100.002132
0,231.779999,0.000018,0.101897,-6560.416429,-99.999312
4,576.789978,-0.001086,0.115170,-7414.969707,-99.999958
2,186.889999,-0.000740,0.115618,-7443.662462,-99.998171
6,223.639999,-0.002086,0.116551,-7503.725448,-99.998443
3,165.160004,-0.000093,0.156521,-10078.139539,-100.008231
1,416.119995,-0.000687,0.163116,-10501.859019,-99.999654
