Stock_Index,Gourujia,Predictions,Shares,True_Portfolio_Value,True_Earnings_Rate
5,15.639000,-0.000453,0.064571,-2384.407858,-99.495454
2,92.419998,-0.000740,0.073179,-2714.727662,-99.952809
4,109.459999,-0.001086,0.079046,-2931.733014,-99.930593
3,95.190002,-0.000093,0.094116,-3490.948343,-99.937865
0,141.169998,0.000018,0.096300,-3572.984949,-99.966388
1,240.330002,-0.000687,0.105184,-3902.915469,-99.975118
7,110.540001,-0.001653,0.146616,-5441.204651,-99.993476
8,528.000000,0.000580,0.151921,-5638.185287,-99.993041
6,136.559998,-0.002086,0.189067,-7016.514573,-99.991364
