Stock_Index,Gourujia,Predictions,Shares,True_Portfolio_Value,True_Earnings_Rate
5,28.160999,-0.000453,0.045833,-2386.068980,-99.977876
4,334.489990,-0.001086,0.092806,-4832.654442,-100.000671
7,61.630001,-0.001653,0.099533,-5182.894388,-100.002371
0,175.740005,0.000018,0.106336,-5537.429283,-100.004584
2,169.567505,-0.000740,0.114587,-5966.917784,-100.001658
6,157.919998,-0.002086,0.134334,-6994.672973,-99.995167
3,145.826508,-0.000093,0.134873,-7023.822748,-100.009086
8,478.140015,0.000580,0.135353,-7048.148297,-99.999423
1,339.399994,-0.000687,0.136345,-7100.505376,-100.009761
