Stock_Index,Gourujia,Predictions,Shares,True_Portfolio_Value,True_Earnings_Rate
5,14.906000,-0.000453,0.079352,-3972.929322,-100.034745
3,105.931000,-0.000093,0.083192,-4164.110988,-100.005725
7,52.849998,-0.001653,0.085173,-4264.172461,-100.029952
0,130.839996,0.000018,0.098675,-4939.175953,-100.006629
2,165.432007,-0.000740,0.114960,-5753.711247,-99.996432
4,273.570007,-0.001086,0.123892,-6201.313081,-100.005628
6,145.100006,-0.002086,0.132433,-6628.229734,-99.997677
1,244.199997,-0.000687,0.138871,-6950.748610,-100.000688
8,326.859985,0.000580,0.143452,-7179.904961,-99.998553
