Stock_Index,Gourujia,Predictions,Shares,True_Portfolio_Value,True_Earnings_Rate
7,35.230000,-0.001653,0.089802,-2713.930862,-99.932328
5,13.456750,-0.000453,0.089850,-2719.663525,-100.088746
4,275.079987,-0.001086,0.091633,-2771.177039,-99.997537
6,113.370003,-0.002086,0.093483,-2827.004084,-99.994493
2,155.514008,-0.000740,0.113981,-3446.988116,-99.996180
8,354.410004,0.000580,0.119387,-3610.612425,-99.998999
0,119.209999,0.000018,0.128186,-3876.729661,-99.999648
3,87.140999,-0.000093,0.133625,-4040.445954,-99.980777
1,215.440002,-0.000687,0.140053,-4235.514068,-99.997700
