Stock_Index,Gourujia,Predictions,Shares,True_Portfolio_Value,True_Earnings_Rate
5,3.290000,-0.000453,0.041475,-2027.670965,-98.691288
0,38.669998,0.000018,0.068888,-3407.158179,-99.829064
2,79.694000,-0.000740,0.090693,-4490.625196,-99.941138
4,144.190002,-0.001086,0.097093,-4808.942419,-99.970664
1,102.940002,-0.000687,0.109295,-5413.166363,-99.968068
3,53.502998,-0.000093,0.109579,-5426.391817,-99.951841
8,267.339996,0.000580,0.144168,-7142.398535,-99.995784
6,104.169998,-0.002086,0.167338,-8290.274251,-99.997791
7,71.510002,-0.001653,0.171472,-8493.981988,-99.984829
