Stock_Index,Gourujia,Predictions,Shares,True_Portfolio_Value,True_Earnings_Rate
5,88.008003,-0.000453,0.053881,-3658.132457,-100.011354
4,527.340027,-0.001086,0.076439,-5189.234921,-100.002932
8,455.739990,0.000580,0.084510,-5737.019022,-99.999875
3,152.500000,-0.000093,0.090474,-6141.258827,-99.989972
0,169.580002,0.000018,0.107300,-7284.424244,-100.003943
2,185.070007,-0.000740,0.117316,-7963.967853,-99.999650
1,425.519989,-0.000687,0.123868,-8408.885671,-100.000514
6,197.449997,-0.002086,0.143772,-9759.635577,-99.997365
7,121.370003,-0.001653,0.202440,-13743.298798,-100.005586
