Stock_Index,Gourujia,Predictions,Shares,True_Portfolio_Value,True_Earnings_Rate
4,245.070007,-0.001086,0.077534,-3670.865717,-100.010234
6,96.269997,-0.002086,0.081731,-3868.570724,-99.985216
7,42.650002,-0.001653,0.090029,-4261.853637,-99.999450
2,160.000000,-0.000740,0.107838,-5106.117142,-100.019037
5,10.479250,-0.000453,0.110118,-5233.555316,-100.396981
3,76.950500,-0.000093,0.113693,-5383.566634,-100.022812
8,291.230011,0.000580,0.129165,-6114.193555,-99.990145
0,95.919998,0.000018,0.137443,-6507.001487,-100.004821
1,213.669998,-0.000687,0.152449,-7218.089060,-100.014684
