Stock_Index,Gourujia,Predictions,Shares,True_Portfolio_Value,True_Earnings_Rate
5,141.539993,-0.000453,0.063854,-4217.236045,-100.005110
8,564.559998,0.000580,0.069052,-4560.334201,-99.999787
0,231.410004,0.000018,0.107660,-7109.781671,-99.996300
6,222.309998,-0.002086,0.109962,-7261.550347,-99.993591
2,187.830002,-0.000740,0.112889,-7455.238227,-99.998415
4,573.250000,-0.001086,0.113340,-7485.018119,-99.998512
7,119.489998,-0.001653,0.119144,-7868.719992,-100.004142
3,165.270004,-0.000093,0.144939,-9571.533719,-99.994715
1,428.149994,-0.000687,0.159160,-10511.263250,-100.000853
