Stock_Index,Gourujia,Predictions,Shares,True_Portfolio_Value,True_Earnings_Rate
8,304.010010,0.000580,0.041980,-2353.477129,-99.995188
4,785.229980,-0.001086,0.061621,-3454.809641,-100.002930
2,231.029999,-0.000740,0.073179,-4102.648691,-99.999139
0,231.589996,0.000018,0.097505,-5466.617536,-100.001307
5,180.449997,-0.000453,0.114445,-6415.970954,-99.995230
3,203.899994,-0.000093,0.133822,-7502.717495,-100.000963
1,520.169983,-0.000687,0.135001,-7568.776698,-100.001138
6,290.489990,-0.002086,0.161563,-9057.741705,-99.998770
7,106.489998,-0.001653,0.180884,-10140.757827,-99.997974
